,curtailment,curtailment,curtailment,curtailment,curtailment,curtailment,curtailment,curtailment,curtailment,curtailment,curtailment,prices,prices,prices,prices,prices,prices,prices,prices,prices,prices,prices,prices,prices,prices,prices,prices,prices,lcoe,lcoe,lcoe,lcoe,lcoe,market_value,market_value,market_value,market_value,market_value,market_value,io,io,io,io,io,capacity,capacity,capacity,capacity,capacity,capacity,capacity,capacity,capacity,capacity,capacity,capacity,capacity,capacity,capacity,capacity,capacity,capacity,capacity,capacity,storage,storage,storage,storage,potential_used,potential_used,potential_used,potential_used,potential_used,potential_used,potential_used,potential_used,potential_used,potential_used,potential_used,potential_used,potential_used
,offwind-ac,onwind,residential rural solar thermal,residential urban decentral solar thermal,services rural solar thermal,services urban decentral solar thermal,solar,solar rooftop,urban central solar thermal,ror,offwind-dc,CO2 sequestration,H2 liquid,H2 storage,Li ion,battery storage,biogas,co2,fossil gas,gas for industry,heat,hot water storage,low voltage,oil,process emissions,solid biomass,solid biomass for industry,transmission lines,onwind,offwind-ac,offwind-dc,solar rooftop,solar,onwind,offwind-ac,offwind-dc,solar rooftop,solar,ror,oil,hydrogen,electricity,gas,total,BEV charger,H2 Electrolysis,H2 Fuel Cell,H2 liquefaction,H2 pipeline retrofitted,V2G,air heat pump,battery storage,electricity distribution grid,ground heat pump,hot water storage,hydroelectricity,methanation,offshore wind,onshore wind,power-to-liquid,resistive heater,solar PV,solar rooftop,solar thermal,H2 storage,Li ion,battery storage,hot water storage,gas,offwind-ac,offwind-dc,oil,onwind,residential rural solar thermal,residential urban decentral solar thermal,ror,services rural solar thermal,services urban decentral solar thermal,solar,solar rooftop,urban central solar thermal
AL0 0,0.0,0.0,0.0,0.0,0.0,0.0,0.17,0.0,0.01,,,,116.04,86.21,86.85,83.91,,,,,44.56,43.47,85.77,,,,,80.34,,,,48.11,43.42,106.5,106.98,,55.05,43.42,,-0.19,-0.2,-1.67,0.05,-2.02,12.18,1.17,0.0,0.02,7.19,12.18,0.11,0.0,0.92,0.12,0.6,0.0,0.0,0.0,0.0,0.09,0.52,7.36,2.64,0.24,0.0,27.68,0.01,0.37,,0.0,,,0.0,0.0,0.0,,0.0,0.0,13.8,100.0,0.0
AT0 0,,0.0,0.0,0.0,0.0,0.0,0.07,0.02,0.0,0.03,,,117.75,87.92,97.52,88.38,,,,,51.75,50.59,90.81,,,,,85.38,,,,61.84,55.13,79.25,,,62.88,55.13,71.77,6.89,11.31,39.44,7.52,65.16,24.42,0.0,0.0,0.02,1.73,24.42,1.03,0.0,8.71,0.62,13.6,2.3,0.0,0.0,0.0,0.09,3.37,7.73,4.64,0.0,0.0,55.51,0.0,5.09,,,,,0.0,0.0,0.0,0.0,0.0,0.0,10.22,100.0,0.0
AT0 1,,0.0,0.0,0.0,0.0,0.0,0.13,0.0,0.01,0.0,,,117.27,87.44,95.76,86.67,,,,,55.48,54.73,89.17,,,,,83.73,,,,,55.52,55.4,,,68.4,57.25,70.69,-0.73,2.56,-16.32,0.23,-14.27,2.94,0.0,0.0,0.0,0.35,2.94,0.04,0.0,1.13,0.15,0.94,4.27,0.0,0.0,0.0,0.26,0.4,20.17,0.56,0.18,0.0,6.69,0.0,0.29,,,,,0.0,0.0,0.0,0.0,0.0,0.0,100.0,100.0,0.0
AT0 2,,0.0,0.0,0.0,0.0,0.0,0.39,0.0,0.0,0.01,,,117.47,87.64,96.28,87.36,,,,,53.68,52.73,89.67,,,,,84.24,,,,61.14,54.75,76.06,,,66.21,54.75,70.65,0.69,13.65,-13.61,3.5,4.23,14.83,0.0,0.0,0.01,14.69,14.83,0.29,0.0,5.9,0.75,5.44,8.29,0.0,0.0,0.0,1.09,1.75,35.73,2.82,0.0,0.0,33.71,0.0,1.16,,,,,0.0,0.0,0.0,0.0,0.0,0.0,52.02,100.0,0.0
BA0 0,,0.0,0.0,0.0,0.0,0.0,0.0,0.0,0.0,,,,117.02,87.19,90.21,87.1,,,,,48.59,47.51,89.4,,,,,83.97,,,,55.33,,92.92,,,55.33,51.15,,-0.42,2.05,12.73,1.06,15.43,16.3,0.0,0.0,0.0,0.01,16.3,0.1,0.0,2.11,0.26,1.51,0.0,0.0,0.0,0.0,0.12,0.8,0.0,3.56,0.0,0.0,37.03,0.0,0.59,,,,,0.0,0.0,0.0,,0.0,0.0,0.0,92.96,0.0
BE0 0,0.04,0.1,0.0,0.0,0.0,0.0,0.01,0.0,0.0,,0.06,,116.24,86.41,89.32,79.85,,,,,46.26,45.19,82.5,,,,,77.06,38.13,53.79,52.05,,58.38,52.21,56.35,58.48,66.89,58.38,,-1.72,31.17,9.53,2.39,41.37,11.29,0.0,0.0,1.64,4.04,11.29,1.09,0.0,5.8,0.08,3.87,0.0,0.0,4.33,3.34,1.44,2.49,2.81,0.0,0.0,0.0,25.66,0.0,4.99,,100.0,100.0,,100.0,0.0,0.0,,0.0,0.0,9.44,0.09,0.0
BE0 1,,0.13,0.0,0.0,0.0,0.0,0.0,0.0,0.0,0.0,,,116.7,86.87,93.5,83.49,,,,,48.98,48.25,86.11,,,,,80.68,45.92,,,,,55.55,,,70.18,62.41,95.94,1.15,23.39,5.04,2.5,32.08,9.01,0.0,0.0,1.31,4.15,9.01,0.61,0.0,3.89,0.18,1.59,1.23,0.0,0.0,8.45,1.11,1.55,0.0,0.0,0.0,0.0,20.47,0.0,1.81,,,,,100.0,0.0,0.0,0.0,0.0,0.0,0.01,0.04,0.0
BE0 2,,0.06,0.0,0.0,0.0,0.0,0.04,0.0,0.0,0.0,,,116.4,86.57,93.33,83.4,,,,,47.87,47.18,85.99,,,,,80.56,44.02,,,66.95,59.43,55.71,,,66.95,59.43,97.08,-5.97,36.85,21.13,4.7,56.72,13.45,0.0,0.0,1.95,10.78,13.45,1.21,0.0,5.36,0.05,3.03,0.0,0.0,0.0,1.3,1.77,2.6,11.43,1.91,0.0,0.0,30.56,0.0,3.85,,,,,100.0,0.0,0.0,0.0,0.0,0.0,53.45,65.21,0.0
BE0 3,,0.03,0.0,0.0,0.0,0.0,0.03,0.0,0.0,,,,116.56,86.73,93.03,83.19,,,,,47.8,46.74,85.81,,,,,80.38,,,,,59.77,55.37,,,67.84,59.87,,5.38,17.8,11.07,4.13,38.39,6.52,0.0,0.0,0.95,3.32,6.52,0.57,0.0,3.18,0.06,1.65,0.0,0.0,0.0,0.45,0.84,1.21,11.44,0.36,0.0,0.0,14.81,0.0,1.83,,,,,100.0,0.0,0.0,,0.0,0.0,100.0,25.47,0.0
BE0 4,,0.04,0.0,0.0,0.0,0.0,0.16,0.01,0.0,,,,116.47,86.64,92.48,82.71,,,,,47.49,46.66,85.32,,,,,79.89,,,,67.02,60.09,55.61,,,67.02,60.4,,5.71,29.65,22.28,6.07,63.71,10.29,0.0,0.0,1.5,4.65,10.29,0.96,0.0,4.99,0.04,3.0,0.0,0.0,0.0,0.5,1.45,2.2,11.69,1.54,0.0,0.0,23.39,0.0,3.85,,,,,100.0,0.0,0.0,,0.0,0.0,100.0,68.73,0.0
BG0 0,0.0,0.0,0.0,0.0,0.0,0.0,0.1,0.01,0.0,0.0,0.0,,116.48,86.65,88.13,84.06,,,,,45.96,44.92,86.24,,,,,80.81,,,,50.24,44.8,85.77,94.57,93.87,51.31,44.8,80.69,1.98,3.93,6.91,1.43,14.26,11.4,0.06,0.0,0.03,1.08,11.4,0.32,0.0,3.15,0.2,1.39,0.34,0.0,0.0,0.01,0.14,1.6,9.73,3.07,0.0,0.0,25.91,0.0,2.54,,0.0,0.16,,0.01,0.0,0.0,0.0,0.0,0.0,7.23,100.0,0.0
BG0 1,,0.0,0.0,0.0,0.0,0.0,0.02,0.01,0.0,,,,116.14,86.3,88.1,83.95,,,,,47.23,46.2,86.1,,,,,80.67,,,,50.57,45.16,80.73,,,52.65,45.16,,-1.38,10.27,14.83,1.26,24.99,15.94,0.0,0.0,0.05,1.68,15.94,0.35,0.0,3.53,0.25,4.64,2.56,0.0,0.0,0.0,0.96,1.74,2.51,4.29,0.02,0.0,36.22,0.0,1.63,,,,,0.0,0.0,0.0,,0.0,0.0,2.53,100.0,0.0
CH0 0,,0.0,0.0,0.0,0.0,0.0,1.05,0.0,0.06,0.01,,,116.87,87.04,92.78,85.17,,,,,52.29,51.42,87.52,,,,,82.08,,,,58.4,53.08,69.67,,,63.8,53.08,64.17,-0.33,18.06,-31.78,4.42,-9.63,13.53,0.0,0.0,0.01,0.7,13.53,0.39,0.0,4.05,0.29,6.92,8.92,0.0,0.0,0.0,1.98,1.54,41.9,2.75,0.57,0.0,30.74,0.0,1.86,,,,,0.0,0.0,0.0,0.0,0.0,0.0,89.46,100.0,0.0
CH0 1,,0.0,0.0,0.0,0.0,0.0,0.0,0.0,0.23,0.02,,,117.06,87.23,93.83,85.61,,,,,53.54,52.8,88.03,,,,,82.6,,,,61.45,,73.14,,,64.46,57.65,65.62,-9.49,33.37,17.36,4.22,45.45,25.15,0.0,0.0,0.03,22.04,25.15,0.64,0.0,6.4,0.45,15.22,10.1,0.0,0.0,0.0,3.7,2.87,0.0,5.11,2.13,0.0,57.15,0.0,3.7,,,,,0.0,0.0,0.0,0.0,0.0,0.0,0.0,100.0,0.0
CZ0 0,,0.47,0.0,0.0,0.0,0.0,0.0,0.0,0.0,,,,117.6,87.77,97.63,88.23,,,,,52.0,50.85,90.74,,,,,85.31,68.9,,,,,68.9,,,67.38,60.74,,-3.57,10.55,1.36,-0.52,7.82,13.33,0.0,0.0,0.0,4.48,13.33,0.58,0.0,4.51,0.4,12.1,0.51,0.0,0.0,15.73,1.03,2.34,0.03,0.0,0.0,0.0,30.29,0.0,2.86,,,,,41.8,0.0,0.0,,0.0,0.0,0.04,0.04,0.0
CZ0 1,,0.46,0.0,0.0,0.0,0.0,0.0,0.0,0.0,,,,117.81,87.97,97.32,88.16,,,,,51.95,50.83,90.67,,,,,85.24,68.67,,,,,71.41,,,67.89,60.92,,4.01,7.4,7.16,-0.72,17.85,9.04,0.0,0.0,0.0,0.42,9.04,0.5,0.0,3.93,0.14,10.15,0.65,0.0,0.0,10.85,0.24,1.64,0.01,0.0,0.0,0.0,20.54,0.0,2.62,,,,,100.0,0.0,0.0,,0.0,0.0,0.02,0.06,0.0
CZ0 2,,0.0,0.0,0.0,0.0,0.0,0.03,0.0,0.0,0.0,,,117.37,87.54,98.45,89.0,,,,,52.35,51.33,91.57,,,,,86.13,,,,,60.04,70.54,,,68.14,60.04,80.34,-4.84,15.18,29.84,5.54,45.72,20.47,0.0,0.0,0.0,9.14,20.47,0.68,0.0,7.66,0.93,8.52,0.76,0.0,0.0,0.0,1.47,4.08,17.27,0.0,0.0,0.0,46.53,0.0,4.35,,,,,0.0,0.0,0.0,0.0,0.0,0.0,18.46,0.02,0.0
DE0 0,,0.88,0.0,0.0,0.0,0.0,0.0,0.0,0.0,,,,116.57,86.74,93.1,83.71,,,,,48.43,47.57,86.33,,,,,80.9,47.69,,,,,57.03,,,67.98,61.38,,46.78,2.61,-13.19,19.14,55.34,4.12,0.0,0.0,0.03,14.54,4.12,0.14,0.0,1.16,0.2,0.69,0.0,0.0,0.0,8.56,0.22,0.73,0.0,0.0,0.0,176.22,9.36,0.0,0.47,,,,,100.0,0.0,0.0,,0.0,0.0,0.0,0.01,0.0
DE0 1,,0.0,0.0,0.0,0.0,0.0,0.1,0.01,0.0,0.0,,,117.22,87.38,97.53,87.59,,,,,51.08,50.02,90.2,,,,,84.77,,,,69.45,62.33,68.21,,,69.44,62.33,89.38,11.15,8.79,15.45,8.18,43.57,10.99,0.0,0.0,0.09,9.31,10.99,0.39,0.0,3.15,0.32,4.7,0.19,0.0,0.0,0.0,0.81,1.22,4.89,1.13,0.0,0.0,24.97,0.0,1.45,,,,,0.0,0.0,0.0,0.0,0.0,0.0,15.83,51.32,0.0
DE0 10,,1.67,0.0,0.0,0.0,0.0,0.0,0.0,0.0,0.01,,,116.73,86.9,93.86,84.14,,,,,49.38,48.47,86.75,,,,,81.32,54.17,,,,,57.06,,,68.62,61.62,85.67,-2.87,15.68,-8.24,3.63,8.19,14.9,0.0,0.0,0.12,4.27,14.9,0.87,0.0,4.38,0.1,3.82,0.22,0.0,0.0,16.52,1.52,1.79,0.0,0.0,0.0,0.0,33.86,0.0,2.44,,,,,100.0,0.0,0.0,0.0,0.0,0.0,0.0,0.01,0.0
DE0 11,0.17,0.95,0.0,0.0,0.0,0.0,0.0,0.0,0.0,,0.09,,116.26,86.43,83.29,75.02,,,,,45.79,45.13,77.68,,,,,72.25,40.9,51.41,49.1,,,47.26,51.46,51.74,66.14,60.99,,0.86,-76.55,-62.75,2.86,-135.58,10.46,31.28,0.0,0.08,5.12,10.46,0.46,0.0,4.71,0.44,1.75,0.0,0.0,40.45,16.82,0.7,1.96,0.0,0.0,0.0,2601.2,23.78,0.0,1.96,,99.99,100.0,,100.0,0.0,0.0,,0.0,0.0,0.0,0.01,0.0
DE0 12,,0.04,0.0,0.0,0.0,0.0,0.0,0.0,0.0,0.0,,,117.04,87.21,95.86,85.97,,,,,50.3,49.35,88.6,,,,,83.17,59.83,,,,,59.82,,,68.24,62.42,88.05,-3.45,21.46,25.15,4.46,47.62,24.49,0.0,0.0,0.19,1.78,24.49,1.03,0.0,6.07,0.51,7.4,0.0,0.0,0.0,4.64,2.04,3.9,0.01,0.0,0.0,0.0,55.66,0.0,3.76,,,,,22.17,0.0,0.0,0.0,0.0,0.0,0.02,0.01,0.0
DE0 13,,0.0,0.0,0.0,0.0,0.0,0.07,0.01,0.0,0.0,,,117.33,87.5,96.84,87.2,,,,,50.88,49.72,89.74,,,,,84.31,,,,65.54,58.56,68.93,,,67.08,58.56,87.9,-6.52,22.75,24.98,4.66,45.88,23.14,0.0,0.0,0.18,2.81,23.14,1.08,0.0,5.49,0.23,11.37,0.12,0.0,0.0,0.0,2.19,2.96,7.23,4.62,0.0,0.0,52.59,0.0,4.22,,,,,0.0,0.0,0.0,0.0,0.0,0.0,18.9,100.0,0.0
DE0 14,,0.0,0.0,0.0,0.0,0.0,0.0,0.0,0.0,0.0,,,117.14,87.31,96.29,86.57,,,,,51.45,50.73,89.2,,,,,83.76,,,,,,62.16,,,69.72,63.31,87.5,1.14,2.12,9.9,0.25,13.42,5.12,0.0,0.0,0.04,0.2,5.12,0.05,0.0,1.61,0.36,1.02,0.09,0.0,0.0,0.0,0.14,0.68,0.0,0.0,0.0,0.0,11.65,0.0,0.19,,,,,0.0,0.0,0.0,0.0,0.0,0.0,0.01,0.02,0.0
DE0 15,0.0,0.1,0.0,0.0,0.0,0.0,0.0,0.0,0.0,0.0,0.18,,116.33,86.49,87.21,78.35,,,,,47.58,47.16,81.0,,,,,75.57,38.81,,49.48,,,50.25,60.57,55.95,66.95,61.96,81.85,-3.09,12.8,-44.28,8.62,-25.95,24.28,4.24,0.0,0.19,7.21,24.28,1.43,0.0,8.26,0.63,4.21,0.12,0.0,4.19,31.9,1.98,3.96,0.0,0.0,0.0,74.91,55.17,0.0,5.36,,0.0,100.0,,100.0,0.0,0.0,0.0,0.0,0.0,0.0,0.0,0.0
DE0 16,,0.0,0.0,0.0,0.0,0.0,0.08,0.01,0.0,0.01,,,117.46,87.63,97.13,87.52,,,,,51.56,50.48,90.07,,,,,84.64,,,,65.57,58.74,72.3,,,66.92,58.74,88.05,-2.49,13.21,17.62,4.64,32.98,13.85,0.0,0.0,0.11,1.68,13.85,0.58,0.0,4.02,0.22,6.34,0.28,0.0,0.0,0.0,1.26,1.8,6.52,2.76,0.0,0.0,31.48,0.0,2.37,,,,,0.0,0.0,0.0,0.0,0.0,0.0,13.42,100.0,0.0
DE0 17,,0.0,0.0,0.0,0.0,0.0,0.03,0.0,0.0,0.0,,,117.11,87.28,95.78,86.08,,,,,50.14,49.26,88.67,,,,,83.23,,,,67.77,60.09,61.6,,,67.77,60.09,86.45,-5.84,18.86,27.46,3.25,43.74,16.09,0.0,0.0,0.13,2.31,16.09,0.69,0.0,5.87,0.38,4.8,0.15,0.0,0.0,0.0,1.36,1.86,13.45,1.93,0.0,0.0,36.57,0.0,2.05,,,,,0.0,0.0,0.0,0.0,0.0,0.0,32.26,60.0,0.0
DE0 18,,0.0,0.0,0.0,0.0,0.0,0.0,0.0,0.0,0.0,,,117.2,87.37,95.68,86.03,,,,,50.76,49.91,88.67,,,,,83.23,,,,,,63.04,,,68.84,62.69,87.28,1.6,9.08,25.91,2.82,39.42,12.19,0.0,0.0,0.1,1.49,12.19,0.27,0.0,4.18,0.63,2.49,0.08,0.0,0.0,0.03,0.63,2.21,0.0,0.0,0.0,0.0,27.7,0.0,1.35,,,,,0.16,0.0,0.0,0.0,0.0,0.0,0.0,0.01,0.0
DE0 19,,0.0,0.0,0.0,0.0,0.0,0.0,0.0,0.0,0.0,,,117.17,87.34,97.52,87.54,,,,,51.82,50.87,90.14,,,,,84.7,,,,,,64.75,,,71.98,64.31,88.6,2.01,7.8,23.99,2.05,35.85,10.54,0.0,0.0,0.08,0.95,10.54,0.27,0.0,3.59,0.42,3.61,1.52,0.0,0.0,0.0,0.68,1.26,0.0,0.0,0.0,0.0,23.96,0.0,0.92,,,,,0.0,0.0,0.0,0.0,0.0,0.0,0.01,0.06,0.0
DE0 2,,0.0,0.0,0.0,0.0,0.0,0.07,0.0,0.0,0.01,,,117.15,87.32,95.93,86.89,,,,,50.51,49.53,89.42,,,,,83.99,,,,63.87,57.22,68.99,,,66.61,57.22,83.45,-1.54,11.33,9.45,3.18,22.41,11.03,0.0,0.0,0.09,5.58,11.03,0.51,0.0,2.8,0.13,5.98,3.04,0.0,0.0,0.0,1.05,1.34,6.32,2.2,0.0,0.0,25.07,0.0,1.79,,,,,0.0,0.0,0.0,0.0,0.0,0.0,33.28,100.0,0.0
DE0 20,,0.0,0.0,0.0,0.0,0.0,0.0,0.0,0.0,0.0,,,117.12,87.29,97.06,87.01,,,,,51.32,50.41,89.64,,,,,84.21,,,,,,64.0,,,70.26,63.09,87.82,-2.45,11.4,22.89,2.77,34.62,10.57,0.0,0.0,0.08,6.59,10.57,0.4,0.0,3.5,0.22,4.06,1.11,0.0,0.0,0.0,1.02,1.45,0.0,0.0,0.0,0.0,24.01,0.0,1.53,,,,,0.01,0.0,0.0,0.0,0.0,0.0,0.01,0.02,0.0
DE0 21,,1.72,0.0,0.0,0.0,0.0,0.0,0.0,0.0,0.0,,,116.63,86.8,92.56,83.25,,,,,48.85,48.05,85.84,,,,,80.4,55.31,,,,,55.31,,,68.88,61.99,85.35,-6.12,14.15,-7.74,4.14,4.43,14.42,0.0,0.0,0.11,32.17,14.42,0.78,0.0,5.01,0.28,2.27,0.03,0.0,0.0,19.36,1.3,2.34,0.0,0.0,0.0,116.05,32.78,0.0,2.7,,,,,97.95,0.0,0.0,0.0,0.0,0.0,0.0,0.01,0.0
DE0 22,,0.0,0.0,0.0,0.0,0.0,0.2,0.01,0.0,0.01,,,117.24,87.41,96.63,86.88,,,,,49.75,48.74,89.44,,,,,84.01,,,,65.58,58.6,65.34,,,67.22,59.28,87.18,-10.36,22.06,23.52,3.54,38.76,18.05,0.0,0.0,0.14,8.44,18.05,1.05,0.0,6.48,0.04,11.14,0.28,0.0,0.0,0.0,1.91,1.81,21.71,3.6,0.0,0.0,41.02,0.0,3.55,,,,,0.0,0.0,0.0,0.0,0.0,0.0,100.0,100.0,0.0
DE0 23,0.0,0.18,0.0,0.0,0.0,0.0,0.0,0.0,0.0,0.0,,,116.8,86.97,86.37,77.74,,,,,47.6,46.96,80.41,,,,,74.98,47.77,,,,,47.77,59.9,,66.01,61.48,80.96,1.71,-4.72,-11.44,0.3,-14.15,5.26,2.48,0.0,0.04,1.12,5.26,0.06,0.0,1.81,0.42,0.61,0.0,0.0,0.0,13.48,0.01,0.96,0.0,0.0,0.0,36.05,11.95,0.0,0.57,,0.0,,,54.61,0.0,0.0,0.0,0.0,0.0,0.0,0.01,0.0
DE0 24,,0.0,0.0,0.0,0.0,0.0,0.0,0.0,0.0,0.0,,,116.87,87.04,94.85,85.25,,,,,50.33,49.58,87.84,,,,,82.41,,,,,,61.93,,,70.22,62.67,87.34,-0.82,4.33,11.29,1.59,16.38,6.46,0.0,0.0,0.05,0.0,6.46,0.17,0.0,1.83,0.31,1.52,0.6,0.0,0.0,0.0,0.35,0.88,0.0,0.0,0.0,0.0,14.68,0.0,0.49,,,,,0.0,0.0,0.0,0.0,0.0,0.0,0.0,0.02,0.0
DE0 25,,0.0,0.0,0.0,0.0,0.0,0.02,0.0,0.0,0.0,,,117.34,87.51,97.9,88.39,,,,,51.9,50.97,90.96,,,,,85.53,,,,,60.52,70.94,,,68.2,60.52,88.91,2.21,1.47,5.71,0.99,10.37,4.09,0.0,0.0,0.03,11.52,4.09,0.03,0.0,1.63,0.32,0.62,0.2,0.0,0.0,0.0,0.08,0.49,4.37,0.36,0.0,0.0,9.29,0.0,0.11,,,,,0.0,0.0,0.0,0.0,0.0,0.0,23.93,43.75,0.0
DE0 26,,0.38,0.0,0.0,0.0,0.0,0.0,0.0,0.0,0.0,,,116.78,86.95,94.88,84.93,,,,,49.4,48.79,87.54,,,,,82.11,53.42,,,,,57.76,,,69.83,62.82,86.09,-13.99,33.38,38.52,8.18,66.09,28.36,0.0,0.0,0.23,12.38,28.36,1.79,0.0,8.58,0.02,8.28,0.19,0.0,0.0,7.44,3.11,3.28,0.0,0.0,0.0,0.0,64.45,0.0,4.38,,,,,100.0,0.0,0.0,0.0,0.0,0.0,0.0,0.01,0.0
DE0 27,,0.0,0.0,0.0,0.0,0.0,0.06,0.0,0.0,0.01,,,117.08,87.25,96.8,86.93,,,,,50.73,49.98,89.51,,,,,84.08,,,,,61.32,66.6,,,69.07,61.32,88.27,7.83,5.74,13.66,3.21,30.44,8.14,0.0,0.0,0.06,11.8,8.14,0.23,0.0,2.64,0.35,2.79,0.23,0.0,0.0,0.0,0.51,0.98,3.62,0.15,0.0,0.0,18.5,0.0,0.82,,,,,0.0,0.0,0.0,0.0,0.0,0.0,12.49,9.54,0.0
DE0 3,0.63,0.79,0.0,0.0,0.0,0.0,0.0,0.0,0.0,,0.51,,116.75,86.92,87.62,78.96,,,,,48.12,47.53,81.64,,,,,76.22,43.81,55.31,57.56,,,49.07,58.51,63.07,65.84,61.23,,3.95,-14.64,-40.55,1.42,-49.82,4.0,7.14,0.0,0.03,2.97,4.0,0.01,0.0,1.27,0.34,0.37,0.0,0.0,7.9,16.68,0.02,0.74,0.01,0.0,0.0,371.52,9.08,0.0,0.17,,100.0,100.0,,100.0,0.0,0.0,,0.0,0.0,0.02,0.02,0.0
DE0 4,,0.07,0.0,0.0,0.0,0.0,0.0,0.0,0.0,0.0,,,116.79,86.95,94.48,84.82,,,,,49.97,49.06,87.43,,,,,81.99,57.87,,,,,57.87,,,69.43,62.67,85.9,3.48,18.54,34.75,3.97,60.74,18.65,0.0,0.0,0.15,3.87,18.65,0.77,0.0,6.21,0.53,3.75,0.27,0.0,0.0,2.62,1.44,2.67,0.0,0.0,0.0,0.0,42.39,0.0,2.61,,,,,9.19,0.0,0.0,0.0,0.0,0.0,0.0,0.01,0.0
DE0 5,,0.0,0.0,0.0,0.0,0.0,0.48,0.01,0.0,0.0,,,117.13,87.3,95.86,86.01,,,,,50.09,49.15,88.6,,,,,83.17,,,,67.27,60.54,63.44,,,67.27,60.56,87.75,-9.15,27.06,14.43,6.28,38.62,24.38,0.0,0.0,0.19,3.37,24.38,1.41,0.0,6.67,0.03,12.14,0.0,0.0,0.0,0.0,2.59,2.45,31.78,4.66,0.0,0.0,55.41,0.0,4.88,,,,,0.0,0.0,0.0,0.0,0.0,0.0,99.98,95.81,0.0
DE0 6,,0.0,0.0,0.0,0.0,0.0,0.03,0.0,0.0,0.0,,,117.51,87.68,97.27,88.28,,,,,51.51,50.53,90.78,,,,,85.35,,,,64.45,57.28,73.19,,,64.58,57.28,88.49,19.6,4.04,8.51,6.82,38.97,8.36,0.0,0.0,0.07,7.83,8.36,0.09,0.0,3.18,0.59,1.33,0.79,0.0,0.0,0.0,0.24,0.99,8.35,1.67,0.0,0.0,19.0,0.0,0.36,,,,,0.0,0.0,0.0,0.0,0.0,0.0,18.95,100.0,0.0
DE0 7,,0.06,0.0,0.0,0.0,0.0,0.0,0.0,0.0,0.0,,,116.87,87.04,94.83,84.88,,,,,49.03,48.2,87.49,,,,,82.06,51.92,,,,,56.09,,,69.37,62.48,86.25,-15.56,60.94,91.4,12.25,149.03,38.96,0.0,0.0,0.31,14.97,38.96,2.43,0.0,16.55,0.21,8.58,0.03,0.0,0.0,11.65,4.43,4.7,0.0,0.0,0.0,0.0,88.55,0.0,6.1,,,,,100.0,0.0,0.0,0.0,0.0,0.0,0.0,0.01,0.0
DE0 8,,0.0,0.0,0.0,0.0,0.0,0.0,0.0,0.0,0.0,,,116.96,87.12,95.68,85.94,,,,,50.35,49.5,88.57,,,,,83.14,,,,,,63.03,,,68.68,62.45,87.15,-2.2,9.01,26.22,0.31,33.34,7.63,0.0,0.0,0.06,9.91,7.63,0.22,0.0,3.76,0.31,1.91,0.01,0.0,0.0,0.0,0.65,1.2,0.0,0.0,0.0,0.0,17.34,0.0,0.8,,,,,0.0,0.0,0.0,0.0,0.0,0.0,0.0,0.01,0.0
DE0 9,,0.0,0.0,0.0,0.0,0.0,0.0,0.0,0.0,0.0,,,117.56,87.73,97.58,88.01,,,,,51.68,50.68,90.55,,,,,85.11,,,,65.48,,72.49,,,66.5,58.81,88.22,-9.0,20.11,33.45,2.9,47.45,22.86,0.0,0.0,0.18,2.57,22.86,0.87,0.0,6.25,0.48,10.14,0.73,0.0,0.0,0.0,1.85,2.44,0.18,4.56,0.0,0.0,51.96,0.0,3.3,,,,,0.0,0.0,0.0,0.0,0.0,0.0,0.35,100.0,0.0
DK0 0,0.0,0.07,0.0,0.0,0.0,0.0,0.0,0.0,0.0,,0.26,,115.53,85.7,79.51,70.99,,,,,45.26,44.74,73.65,,,,,68.22,31.03,,50.37,,,46.07,54.11,50.37,64.11,59.44,,-2.46,-166.92,-131.32,-3.35,-304.04,13.41,77.29,0.0,0.6,6.29,13.41,1.43,0.0,7.68,0.31,4.64,0.0,0.0,54.79,60.58,1.91,3.87,0.0,0.0,0.0,6377.88,30.47,0.0,7.43,,0.0,85.32,,100.0,0.0,0.0,,0.0,0.0,0.0,0.01,0.0
DK3 0,0.0,3.03,0.0,0.0,0.0,0.0,0.25,0.0,0.0,,0.0,,116.09,86.26,81.88,73.09,,,,,46.25,45.68,75.79,,,,,70.35,31.51,,,,57.46,53.42,56.45,58.4,64.5,57.83,,-1.33,4.8,-28.85,0.79,-24.58,7.16,3.1,0.0,0.32,2.03,7.16,0.85,0.0,4.16,0.1,2.74,0.0,0.0,0.0,11.59,1.02,2.0,29.09,0.0,0.0,1473.8,16.27,0.0,3.31,,0.0,0.0,,100.0,0.0,0.0,,0.0,0.0,100.0,0.03,0.0
EE6 0,0.0,5.89,0.0,0.0,0.0,0.0,0.02,0.0,0.0,,0.0,,116.53,86.7,80.87,72.88,,,,,48.83,48.18,75.56,,,,,70.13,45.45,,,,60.23,45.45,55.49,57.02,68.25,60.23,,-2.11,-26.53,-38.08,-0.8,-67.52,5.37,16.27,0.0,0.2,1.45,5.37,0.28,0.0,2.56,0.23,2.03,0.0,0.06,0.0,40.19,0.48,1.98,5.99,0.0,0.0,0.04,12.2,0.0,3.55,,0.0,0.0,,42.91,0.0,0.0,,0.0,0.0,9.65,0.03,0.0
ES0 0,0.0,0.0,0.0,0.0,0.0,0.0,0.47,0.0,0.0,,,,112.06,82.23,70.41,67.96,,,,,32.84,32.35,69.65,,,,,64.22,,,,40.47,36.12,68.57,68.08,,53.13,36.12,,-6.97,10.22,-13.87,-1.48,-12.11,17.45,9.42,0.0,0.83,2.84,17.45,0.76,0.14,4.5,0.09,3.03,0.25,0.0,0.0,0.0,1.59,2.8,41.77,3.52,0.0,0.0,39.66,0.41,4.87,,0.0,,,0.0,0.0,0.0,,0.0,0.0,58.71,100.0,0.0
ES0 1,,0.0,0.0,0.0,0.0,0.0,1.58,0.0,0.0,,,,113.46,83.63,71.48,68.76,,,,,37.79,37.26,70.52,,,,,65.09,,,,42.07,38.53,65.66,,,53.76,38.53,,-4.86,34.27,28.25,-3.6,54.06,40.64,6.69,0.0,1.94,11.8,40.64,1.4,0.01,9.78,0.4,4.6,0.57,0.0,0.0,0.0,3.35,3.99,36.61,8.19,0.0,0.0,92.35,0.02,6.33,,,,,0.0,0.0,0.0,,0.0,0.0,18.44,100.0,0.0
ES0 10,,0.0,0.0,0.0,0.0,0.0,1.55,0.0,0.0,,,,113.2,83.37,71.16,67.8,,,,,26.41,26.34,69.67,,,,,64.24,,,,,38.88,60.64,,,54.19,38.98,,1.67,-6.77,-41.39,-1.69,-48.18,2.84,5.03,0.0,0.14,1.26,2.84,0.0,0.0,1.05,0.11,0.16,3.51,0.0,0.0,0.0,0.02,0.25,45.55,0.57,0.0,0.0,6.45,0.01,0.0,,,,,0.0,0.0,0.0,,0.0,0.0,100.0,100.0,0.0
ES0 11,0.0,0.0,0.0,0.0,0.0,0.0,2.83,0.0,0.0,,,,112.4,82.57,70.4,67.97,,,,,34.98,34.53,69.64,,,,,64.21,,,,40.25,36.32,68.09,73.15,,53.05,36.32,,-6.66,-49.36,-6.94,2.34,-60.63,19.83,43.89,0.0,0.95,1.78,19.83,0.77,15.83,5.05,0.13,2.58,0.87,0.0,0.0,0.0,2.16,2.32,111.23,4.0,0.0,0.0,45.07,46.07,4.19,,0.0,,,0.0,0.0,0.0,,0.0,0.0,79.74,100.0,0.0
ES0 12,0.0,0.0,0.0,0.0,0.0,0.0,1.16,0.0,0.0,,,,114.25,84.42,73.75,69.88,,,,,39.42,38.71,71.75,,,,,66.32,,,,45.89,42.34,60.84,60.18,,55.77,42.34,,-0.18,8.88,-9.46,-2.55,-3.31,7.05,0.01,0.0,0.34,3.17,7.05,0.24,0.0,2.9,0.07,1.05,0.2,0.0,0.0,0.0,0.59,0.77,23.73,1.42,0.0,0.0,16.01,0.01,1.04,,0.01,,,0.0,0.0,0.0,,0.0,0.0,41.2,100.0,0.0
ES0 2,0.0,6.47,0.0,0.0,0.0,0.0,0.0,0.0,0.0,,,,112.77,82.94,70.87,66.05,,,,,36.43,36.11,68.32,,,,,62.89,45.58,,,52.17,,48.13,56.31,,56.81,48.34,,-2.12,-53.5,-51.19,-1.28,-108.09,14.37,29.85,0.0,0.69,0.9,14.37,0.37,0.0,4.73,0.17,1.66,3.66,0.0,0.0,76.71,1.64,1.34,0.0,2.9,0.0,0.0,32.66,0.0,1.87,,0.0,,,100.0,0.0,0.0,,0.0,0.0,0.0,100.0,0.0
ES0 3,0.0,3.52,0.0,0.0,0.0,0.0,0.04,0.0,0.03,,,,113.74,83.9,72.51,68.58,,,,,37.88,37.26,70.47,,,,,65.04,55.75,,,42.33,37.47,55.75,60.38,,54.86,39.39,,2.93,-97.93,-81.1,0.13,-175.97,8.11,57.08,0.0,0.39,5.4,8.11,0.18,0.0,3.15,0.16,1.14,1.19,0.0,0.0,67.09,0.39,1.0,93.96,1.63,0.6,0.0,18.43,0.01,1.37,,0.01,,,81.85,0.0,0.0,,0.0,0.0,100.0,100.0,0.0
ES0 4,0.0,0.0,0.0,0.0,0.0,0.0,0.1,0.0,0.0,,,,113.56,83.73,71.52,68.08,,,,,38.77,38.33,70.02,,,,,64.58,,,,44.51,39.91,59.48,59.74,,55.16,39.91,,4.22,12.05,20.11,0.37,36.75,8.54,0.07,0.0,0.41,1.82,8.54,0.17,0.0,4.12,0.17,0.76,0.36,0.0,0.0,0.0,0.63,0.74,6.49,1.72,0.0,0.0,19.42,0.01,0.65,,0.0,,,0.0,0.0,0.0,,0.0,0.0,6.82,100.0,0.0
ES0 5,0.0,0.0,0.0,0.0,0.0,0.0,0.39,0.0,0.07,,,,112.83,83.0,71.77,68.69,,,,,34.59,34.06,70.48,,,,,65.05,,,,39.5,35.11,66.59,69.05,,54.0,38.65,,13.56,-39.1,-0.73,0.95,-25.32,13.06,31.34,0.0,0.62,0.89,13.06,0.6,0.01,3.05,0.06,2.69,0.0,0.0,0.0,0.0,0.78,1.7,67.57,2.63,1.1,1048.2,29.68,0.02,4.65,,0.0,,,0.0,0.0,0.0,,0.0,0.0,100.0,100.0,0.0
ES0 6,,0.0,0.0,0.0,0.0,0.0,0.07,0.0,0.0,,,,112.87,83.04,71.13,68.4,,,,,35.38,34.81,70.15,,,,,64.71,,,,41.71,,67.11,,,53.18,40.81,,4.87,4.2,2.26,-1.04,10.29,6.81,0.01,0.0,0.32,0.95,6.81,0.02,0.01,1.7,0.26,0.32,2.46,0.0,0.0,0.0,0.07,0.74,0.52,1.37,0.0,0.0,15.47,0.02,0.11,,,,,0.0,0.0,0.0,,0.0,0.0,0.67,100.0,0.0
ES0 7,0.0,0.0,0.0,0.0,0.0,0.0,0.22,0.0,0.09,0.0,,,114.29,84.45,73.52,69.89,,,,,39.09,38.3,71.66,,,,,66.23,,,,43.2,38.43,64.57,71.98,,54.69,39.75,65.15,-1.89,16.69,20.85,-0.04,35.61,32.49,6.13,0.0,1.55,0.9,32.49,1.3,0.01,8.4,0.16,5.51,0.89,0.0,0.0,0.0,1.68,3.65,38.93,6.55,4.14,0.0,73.84,0.03,8.2,,0.0,,,0.0,0.0,0.0,0.0,0.0,0.0,100.0,100.0,0.0
ES0 8,0.0,0.68,0.0,0.0,0.0,0.0,0.37,0.0,0.19,,0.0,,113.23,83.4,72.05,68.89,,,,,36.63,36.01,70.68,,,,,65.24,64.69,,,41.27,36.66,64.69,69.0,69.32,54.24,38.38,,-3.83,-52.93,22.77,0.55,-33.44,20.28,39.57,0.0,0.97,2.7,20.28,0.8,0.01,7.11,0.14,3.43,2.04,0.0,0.0,10.85,1.51,2.31,87.09,4.09,1.08,3329.81,46.09,0.01,4.87,,0.0,0.02,,15.94,0.0,0.0,,0.0,0.0,100.0,100.0,0.0
ES0 9,0.0,0.0,0.0,0.0,0.0,0.0,0.0,0.0,0.0,,,,114.17,84.34,73.4,69.45,,,,,39.5,38.93,71.44,,,,,66.01,,,,51.41,,60.62,63.32,,56.29,45.99,,-0.84,19.21,35.42,2.11,55.9,13.91,0.0,0.0,0.66,4.5,13.91,0.5,0.0,5.58,0.09,1.68,0.5,0.0,0.0,0.0,1.24,1.3,0.0,2.8,0.0,1141.27,31.62,0.0,1.89,,0.0,,,0.0,0.0,0.0,,0.0,0.0,0.0,100.0,0.0
ES2 0,0.0,0.12,0.0,0.0,0.0,0.0,0.14,0.0,0.0,,0.0,,113.42,83.58,74.07,70.87,,,,,34.3,33.59,72.61,,,,,67.18,58.23,,,,40.41,58.23,61.21,67.36,53.03,40.41,,0.17,0.43,0.65,0.18,1.43,2.92,1.03,0.0,0.14,0.36,2.92,0.15,0.79,0.94,0.01,1.07,0.0,0.0,0.0,1.49,0.16,0.69,4.19,0.59,0.18,0.0,6.63,2.28,1.8,,0.0,0.02,,24.94,0.0,0.0,,0.0,0.0,42.59,100.0,0.0
FI3 0,0.0,0.03,0.0,0.0,0.0,0.0,0.0,0.0,0.0,0.01,0.0,,117.68,87.85,84.98,75.63,,,,,51.35,50.86,78.27,,,,,72.84,54.85,,,,,54.85,65.84,64.64,68.5,62.81,75.57,-6.88,13.59,24.83,2.83,34.38,8.66,0.0,0.0,0.12,0.9,8.66,0.92,0.0,5.08,0.09,3.5,0.27,0.0,0.01,3.67,1.25,2.84,0.0,0.0,0.0,0.0,19.69,0.0,4.73,,0.0,0.02,,2.76,0.0,0.0,0.0,0.0,0.0,0.0,0.01,0.0
FI3 1,0.0,0.0,0.0,0.0,0.0,0.0,0.0,0.0,0.0,0.01,0.04,,118.66,88.83,82.08,73.05,,,,,52.13,51.76,75.7,,,,,70.27,,,59.44,,,59.94,64.97,60.62,68.08,62.9,72.39,3.19,2.6,2.87,0.58,9.23,4.14,0.0,0.0,0.06,0.0,4.14,0.22,0.0,3.05,0.28,1.38,1.25,0.0,3.54,0.0,0.01,1.61,0.0,0.0,0.0,0.05,9.42,0.0,2.68,,0.0,100.0,,0.0,0.0,0.0,0.0,0.0,0.0,0.0,0.01,0.0
FI3 2,0.0,0.0,0.0,0.0,0.0,0.0,0.0,0.0,0.0,0.01,0.0,,117.53,87.69,85.23,76.19,,,,,52.08,51.54,78.86,,,,,73.43,,,,,,64.18,62.27,62.34,69.57,63.72,75.95,0.07,8.31,29.67,2.33,40.38,5.16,0.0,0.0,0.07,1.2,5.16,0.31,0.0,4.44,0.23,1.48,0.41,0.0,0.0,0.0,0.78,2.0,0.0,0.0,0.0,0.04,11.72,0.0,2.66,,0.0,0.39,,0.0,0.0,0.0,0.0,0.0,0.0,0.0,0.01,0.0
FI3 3,0.0,1.1,0.0,0.0,0.0,0.0,,,0.0,0.01,,,117.79,87.95,79.4,71.12,,,,,51.67,51.25,73.77,,,,,68.33,55.83,,,,,55.83,67.66,,,,71.42,1.33,-0.6,-35.72,0.71,-34.29,1.42,0.43,0.0,0.02,0.0,1.42,0.0,0.0,1.02,0.17,0.34,0.83,0.0,0.0,20.67,0.04,0.49,0.0,0.0,0.0,0.06,3.22,0.0,0.28,,0.0,,,8.75,0.0,0.0,0.0,0.0,0.0,,,0.0
FI3 4,0.0,0.03,0.0,0.0,0.0,0.0,0.0,0.0,0.0,0.0,0.0,,117.18,87.34,85.47,76.4,,,,,46.02,45.96,79.09,,,,,73.65,53.69,,,,62.17,53.69,61.34,63.93,69.01,62.17,77.53,-1.64,13.37,17.81,3.77,33.31,8.47,0.0,0.0,0.11,0.9,8.47,0.87,0.0,4.51,0.08,2.69,0.02,0.0,0.0,4.12,1.26,3.01,2.57,0.0,0.0,0.02,19.26,0.0,3.42,,0.0,0.12,,10.42,0.0,0.0,0.0,0.0,0.0,12.52,0.02,0.0
FR0 0,0.0,1.2,0.0,0.0,0.0,0.0,0.03,0.0,0.01,,,,115.43,85.6,76.93,72.74,,,,,41.63,40.67,74.59,,,,,69.15,56.2,,,47.75,42.29,60.19,64.5,,55.15,43.35,,4.45,-20.3,-15.48,-0.66,-31.99,6.85,10.21,0.0,0.07,2.7,6.85,0.5,0.02,2.84,0.13,2.27,0.69,0.0,0.0,18.93,0.01,1.69,19.8,1.45,1.35,0.0,15.58,0.06,3.3,,0.01,,,100.0,0.0,0.0,,0.0,0.0,100.0,100.0,0.0
FR0 1,,3.11,0.0,0.0,0.0,0.0,0.04,0.01,0.0,,,,116.07,86.24,87.24,78.84,,,,,45.19,44.31,81.43,,,,,76.01,51.86,,,62.58,55.46,51.86,,,62.58,55.46,,-30.6,63.86,39.24,22.43,94.94,65.39,2.78,0.0,0.7,16.67,65.39,5.09,0.0,23.16,0.3,14.0,0.0,0.0,0.0,35.49,6.35,10.85,35.16,11.13,0.0,0.0,148.62,0.0,18.93,,,,,87.88,0.0,0.0,,0.0,0.0,30.92,80.63,0.0
FR0 10,0.0,0.0,0.0,0.0,0.0,0.0,0.14,0.0,0.19,0.01,,,116.06,86.23,82.79,77.51,,,,,44.99,43.73,79.32,,,,,73.89,,,,46.52,41.33,71.14,82.81,,57.35,43.5,68.24,25.05,-5.81,-5.87,1.07,14.43,9.7,3.79,0.0,0.1,1.8,9.7,0.61,6.18,3.74,0.21,3.46,1.64,0.0,0.0,0.0,0.0,1.69,27.42,2.05,3.74,0.0,22.05,17.99,6.31,,0.01,,,0.0,0.0,0.0,0.0,0.0,0.0,100.0,100.0,0.0
FR0 11,,0.0,0.0,0.0,0.0,0.0,0.43,0.01,0.0,,,,116.6,86.76,92.07,84.32,,,,,47.61,46.81,86.84,,,,,81.4,,,,63.74,58.22,64.22,,,63.74,58.22,,4.14,3.34,10.47,-0.39,17.56,7.77,0.0,0.0,0.08,5.88,7.77,0.09,0.0,3.72,0.56,2.9,0.0,0.0,0.0,0.0,0.17,1.25,12.81,1.06,0.0,0.0,17.67,0.0,0.33,,,,,0.0,0.0,0.0,,0.0,0.0,13.23,64.29,0.0
FR0 12,0.0,0.0,0.0,0.0,0.0,0.0,0.01,0.0,0.0,0.0,0.0,,115.03,85.2,80.13,75.29,,,,,41.14,40.35,77.44,,,,,72.01,,,,54.39,48.19,68.05,68.52,68.64,59.4,48.19,67.27,-0.85,9.01,13.34,1.65,23.16,11.1,0.0,0.0,0.12,2.79,11.1,0.59,0.0,4.62,0.42,2.27,0.02,0.0,0.0,0.0,0.74,2.95,11.28,2.34,0.0,0.0,25.23,0.0,2.93,,0.0,0.02,,0.0,0.0,0.0,0.0,0.0,0.0,14.82,100.0,0.0
FR0 13,,1.42,0.0,0.0,0.0,0.0,1.28,0.0,0.02,0.02,,,116.1,86.27,89.53,82.79,,,,,48.18,47.45,84.86,,,,,79.43,82.88,,,54.04,49.87,82.88,,,61.38,49.87,73.42,-3.26,9.49,-44.77,1.87,-36.67,6.7,0.0,0.0,0.07,5.33,6.7,0.33,0.0,2.68,0.08,2.46,4.09,0.0,0.0,18.42,0.87,0.9,29.51,1.41,0.11,0.0,15.23,0.0,1.03,,,,,80.6,0.0,0.0,0.0,0.0,0.0,98.05,100.0,0.0
FR0 14,0.03,2.15,0.0,0.0,0.0,0.0,0.27,0.01,0.1,0.01,,,115.75,85.92,82.0,77.09,,,,,41.2,40.3,78.91,,,,,73.48,52.66,,,44.77,39.9,72.29,73.46,,56.7,43.78,67.52,5.1,-8.39,-9.78,2.28,-10.8,11.74,7.68,0.0,0.13,5.76,11.74,1.08,4.72,6.05,0.08,4.52,1.54,0.0,0.23,15.23,0.0,2.65,26.9,2.48,3.64,0.0,26.67,13.74,6.66,,100.0,,,100.0,0.0,0.0,0.0,0.0,0.0,100.0,100.0,0.0
FR0 15,,3.32,0.0,0.0,0.0,0.0,0.0,0.0,0.0,,,,116.37,86.54,90.31,81.32,,,,,46.87,46.17,83.91,,,,,78.48,55.67,,,,,55.67,,,66.66,60.03,,1.73,4.32,-29.0,1.42,-21.53,5.17,0.01,0.0,0.06,5.28,5.17,0.22,0.0,2.29,0.19,0.9,0.95,0.0,0.0,22.2,0.34,0.91,0.01,0.05,0.0,0.0,11.75,0.0,0.76,,,,,80.98,0.0,0.0,,0.0,0.0,0.02,4.21,0.0
FR0 16,,0.0,0.0,0.0,0.0,0.0,0.12,0.0,0.0,0.01,,,116.12,86.29,92.11,84.08,,,,,47.39,46.61,86.53,,,,,81.1,,,,59.26,53.79,75.37,,,62.7,53.79,75.55,-6.04,16.92,27.94,3.89,42.71,15.76,0.0,0.0,0.17,5.67,15.76,0.92,0.0,5.66,0.23,4.13,0.31,0.0,0.0,0.0,1.43,2.14,5.13,3.33,0.0,0.0,35.83,0.0,2.15,,,,,0.0,0.0,0.0,0.0,0.0,0.0,7.99,100.0,0.0
FR0 17,,0.0,0.0,0.0,0.0,0.0,0.02,0.0,0.0,,,,115.93,86.1,87.64,80.53,,,,,45.81,45.15,83.03,,,,,77.6,,,,60.83,54.31,63.52,,,61.4,54.31,,0.71,5.45,17.99,-2.2,21.95,8.1,0.0,0.0,0.09,7.76,8.1,0.28,0.0,3.58,0.4,1.01,0.06,0.0,0.0,0.0,0.39,1.48,2.8,1.71,0.0,0.0,18.42,0.0,1.05,,,,,0.0,0.0,0.0,,0.0,0.0,2.77,100.0,0.0
FR0 18,0.0,1.58,0.0,0.0,0.0,0.0,0.02,0.0,0.0,,0.15,,114.98,85.15,81.68,74.04,,,,,42.12,41.14,76.65,,,,,71.22,42.19,,,,54.36,46.53,56.39,55.07,61.77,54.36,,-3.05,-27.64,-49.98,-1.13,-81.81,9.03,16.85,0.0,0.1,2.69,9.03,0.57,0.0,3.81,0.2,2.03,0.24,0.0,0.75,42.29,0.7,1.84,13.18,0.5,0.0,0.0,20.52,0.0,2.43,,0.0,100.0,,100.0,0.0,0.0,,0.0,0.0,14.11,26.02,0.0
FR0 19,0.0,0.11,0.0,0.0,0.0,0.0,0.0,0.0,0.0,,0.06,,116.07,86.24,87.62,78.61,,,,,45.5,44.52,81.23,,,,,75.8,38.67,,,,,49.6,59.56,57.3,66.04,59.45,,-3.39,6.76,-11.04,-5.75,-13.42,10.5,2.89,0.0,0.11,7.89,10.5,0.77,0.0,4.07,0.06,2.95,0.0,0.0,0.72,14.99,1.06,1.75,0.0,0.0,0.0,0.0,23.86,0.0,4.18,,0.0,100.0,,100.0,0.0,0.0,,0.0,0.0,0.0,0.03,0.0
FR0 2,,0.0,0.0,0.0,0.0,0.0,0.0,0.01,0.14,0.03,,,116.41,86.58,91.03,83.86,,,,,53.55,52.81,86.0,,,,,80.57,,,,,,65.36,,,61.46,52.8,75.09,0.89,6.67,4.2,-8.2,3.56,4.17,0.0,0.0,0.04,1.8,4.17,0.08,0.0,1.86,0.11,1.62,2.96,0.0,0.0,0.0,0.62,0.46,0.0,0.88,0.83,0.0,9.48,0.0,0.99,,,,,0.0,0.0,0.0,0.0,0.0,0.0,0.01,100.0,0.0
FR0 20,0.0,0.69,0.0,0.0,0.0,0.0,0.28,0.0,0.0,,0.0,,115.43,85.6,80.93,75.48,,,,,42.38,41.38,77.86,,,,,72.43,62.05,,,56.47,51.08,62.05,65.14,65.02,59.76,51.08,,-0.43,5.58,0.73,-0.56,5.32,9.25,0.0,0.0,0.1,4.76,9.25,0.29,0.0,4.3,0.52,1.43,0.0,0.0,0.0,6.35,0.4,2.11,12.58,1.95,0.0,0.0,21.03,0.0,1.84,,0.07,0.62,,12.25,0.0,0.0,,0.0,0.0,12.03,100.0,0.0
FR0 21,,0.0,0.0,0.0,0.0,0.0,0.09,0.0,0.0,0.02,,,116.99,87.16,96.15,87.18,,,,,49.79,48.73,89.67,,,,,84.24,,,,63.44,57.26,71.64,,,65.32,57.25,77.87,-4.83,14.26,18.38,-6.4,21.41,13.47,0.0,0.0,0.14,15.66,13.47,0.56,0.0,4.91,0.23,11.12,1.6,0.0,0.0,0.0,1.19,1.35,5.15,2.84,0.0,0.0,30.61,0.0,1.9,,,,,0.0,0.0,0.0,0.0,0.0,0.0,12.11,100.0,0.0
FR0 22,0.0,1.4,0.0,0.0,0.0,0.0,0.02,0.0,0.0,,1.59,,115.57,85.74,84.13,75.77,,,,,43.84,42.92,78.42,,,,,72.98,43.95,,55.03,,56.53,46.69,57.05,55.78,65.21,56.53,,-3.21,-29.5,-29.38,-0.26,-62.35,9.94,18.01,0.0,0.11,5.4,9.94,0.72,0.0,4.47,0.1,2.78,0.0,0.0,8.93,29.55,1.0,1.83,12.44,0.0,0.0,0.0,22.59,0.0,3.75,,0.0,100.0,,100.0,0.0,0.0,,0.0,0.0,17.37,0.04,0.0
FR0 23,0.0,0.0,0.0,0.0,0.0,0.0,0.0,0.0,0.0,,,,114.53,84.7,78.58,73.78,,,,,40.56,39.69,76.03,,,,,70.59,,,,56.16,,67.9,69.56,,58.76,50.76,,1.0,4.02,10.88,-0.62,15.29,4.8,0.0,0.0,0.05,9.16,4.8,0.19,0.0,2.34,0.22,0.93,0.5,0.0,0.0,0.0,0.31,1.4,0.0,1.01,0.0,0.0,10.92,0.0,0.91,,0.0,,,0.0,0.0,0.0,,0.0,0.0,0.0,100.0,0.0
FR0 24,,0.0,0.0,0.0,0.0,0.0,0.06,0.0,0.0,0.0,,,115.49,85.66,81.67,77.0,,,,,41.64,40.94,79.29,,,,,73.86,,,,,50.62,66.01,,,57.0,50.62,68.71,2.35,0.68,-0.52,-0.08,2.43,2.39,0.0,0.0,0.03,2.7,2.39,0.0,0.0,1.57,0.19,0.16,1.89,0.0,0.0,0.0,0.01,0.48,5.59,0.2,0.0,0.0,5.43,0.0,0.01,,,,,0.0,0.0,0.0,0.0,0.0,0.0,13.27,39.62,0.0
FR0 25,,0.0,0.0,0.0,0.0,0.0,0.0,0.01,0.0,0.01,,,116.44,86.61,92.48,84.54,,,,,48.06,47.3,86.97,,,,,81.54,,,,60.56,,71.04,,,63.67,55.51,76.23,2.7,8.49,15.81,-0.17,26.82,9.7,0.0,0.0,0.1,8.24,9.7,0.41,0.0,3.42,0.28,2.04,0.98,0.0,0.0,0.0,0.69,1.31,0.0,2.05,0.0,0.0,22.04,0.0,1.05,,,,,0.0,0.0,0.0,0.0,0.0,0.0,0.0,100.0,0.0
FR0 26,0.0,3.18,0.0,0.0,0.0,0.0,0.0,0.0,0.0,0.0,,,115.06,85.23,75.35,71.4,,,,,40.71,39.71,73.28,,,,,67.84,51.39,,,51.62,,55.33,62.55,,55.12,48.48,64.11,5.55,-6.47,-38.92,0.15,-39.69,7.76,4.77,0.0,0.08,4.5,7.76,0.43,0.0,3.59,0.24,1.78,0.22,0.0,0.0,35.25,0.51,2.19,0.0,1.64,0.0,0.0,17.64,0.01,2.15,,0.01,,,100.0,0.0,0.0,0.0,0.0,0.0,0.0,100.0,0.0
FR0 3,0.0,0.8,0.0,0.0,0.0,0.0,0.02,0.0,0.0,,0.0,,114.45,84.62,80.28,72.95,,,,,40.75,39.86,75.56,,,,,70.13,33.58,,,60.43,53.81,48.69,57.49,58.7,60.61,53.81,,-0.62,-21.63,-26.76,-1.98,-51.0,6.84,12.08,0.0,0.07,0.01,6.84,0.54,0.0,2.59,0.05,2.02,0.0,0.0,0.0,24.76,0.67,1.31,3.09,1.44,0.0,0.0,15.55,0.0,2.92,,0.0,0.03,,100.0,0.0,0.0,,0.0,0.0,5.23,100.0,0.0
FR0 4,,0.0,0.0,0.0,0.0,0.0,0.08,0.0,0.0,,,,116.85,87.01,93.81,84.74,,,,,48.77,47.91,87.29,,,,,81.86,,,,65.49,58.83,63.95,,,65.49,58.83,,2.3,12.38,21.88,2.34,38.91,10.19,0.0,0.0,0.11,14.15,10.19,0.48,0.0,4.17,0.21,2.25,0.0,0.0,0.0,0.02,0.88,1.32,5.82,2.12,0.0,0.0,23.16,0.0,1.4,,,,,0.06,0.0,0.0,,0.0,0.0,10.2,98.61,0.0
FR0 5,,0.0,0.0,0.0,0.0,0.0,0.07,0.0,0.0,0.0,,,115.71,85.87,83.97,78.25,,,,,45.08,44.14,80.67,,,,,75.24,,,,,53.11,64.69,,,59.8,53.11,69.94,3.28,1.13,-4.04,-0.17,0.19,3.51,0.0,0.0,0.04,2.55,3.51,0.01,0.0,2.03,0.28,0.35,1.68,0.0,0.0,0.0,0.04,0.7,8.59,0.33,0.0,0.0,7.97,0.0,0.11,,,,,0.0,0.0,0.0,0.0,0.0,0.0,16.21,44.13,0.0
FR0 6,,0.0,0.0,0.0,0.0,0.0,0.01,0.01,0.0,0.0,,,114.85,85.02,78.22,73.55,,,,,41.64,40.82,75.63,,,,,70.2,,,,53.36,,64.44,,,58.31,48.18,65.11,-1.72,10.02,22.16,0.4,30.85,10.07,0.0,0.0,0.11,4.55,10.07,0.58,0.0,4.53,0.25,2.19,0.61,0.0,0.0,0.0,0.89,2.53,0.22,2.13,0.0,0.0,22.88,0.0,2.66,,,,,0.0,0.0,0.0,0.0,0.0,0.0,0.27,100.0,0.0
FR0 7,,0.0,0.0,0.0,0.0,0.0,0.06,0.01,0.0,,,,115.46,85.63,83.46,76.2,,,,,43.15,42.23,78.76,,,,,73.32,,,,60.21,53.62,56.74,,,61.21,53.62,,-1.54,9.73,18.86,-3.5,23.56,10.44,0.0,0.0,0.11,7.2,10.44,0.66,0.0,4.3,0.24,2.44,0.0,0.0,0.0,0.0,0.84,2.03,6.68,2.2,0.0,0.0,23.72,0.0,2.76,,,,,0.0,0.0,0.0,,0.0,0.0,6.47,100.0,0.0
FR0 8,,0.23,0.0,0.0,0.0,0.0,0.0,0.0,0.0,,,,116.25,86.42,88.56,79.52,,,,,46.06,45.14,82.1,,,,,76.67,46.14,,,,,49.5,,,66.4,59.37,,-2.17,12.46,-6.49,2.99,6.8,12.02,0.32,0.0,0.13,8.87,12.02,0.88,0.0,4.12,0.07,3.04,0.0,0.0,0.0,13.66,1.17,2.09,0.02,0.0,0.0,0.0,27.31,0.0,3.93,,,,,100.0,0.0,0.0,,0.0,0.0,0.04,0.12,0.0
FR0 9,0.0,2.61,0.0,0.0,0.0,0.0,0.05,0.0,0.0,,0.0,,114.91,85.08,80.54,73.79,,,,,41.37,40.53,76.32,,,,,70.91,45.21,,,57.1,50.52,50.44,59.83,61.8,59.31,50.52,,-6.32,-41.88,-43.6,0.76,-91.04,12.62,24.26,0.0,0.14,0.89,12.62,1.04,0.0,4.54,0.08,3.1,0.0,0.0,0.0,35.28,1.19,2.47,65.94,2.66,0.0,0.0,28.68,0.0,3.74,,0.0,0.01,,100.0,0.0,0.0,,0.0,0.0,75.83,100.0,0.0
GB4 0,0.0,0.29,0.0,0.0,0.0,0.0,0.0,0.0,0.0,,0.0,,113.52,83.69,67.72,59.7,,,,,37.67,37.22,62.35,,,,,56.92,31.5,,,,,42.21,51.48,53.14,63.07,59.4,,0.69,-9.33,-44.88,-18.38,-71.9,7.34,25.56,0.0,0.11,0.01,7.34,0.21,0.0,2.43,0.29,0.94,0.0,10.22,0.0,31.62,0.65,1.6,0.0,0.0,0.0,12200.82,16.68,0.0,1.1,,0.0,0.01,,100.0,0.0,0.0,,0.0,0.0,0.0,0.0,0.0
GB5 0,0.0,10.5,0.0,0.0,0.0,0.0,0.0,0.0,0.0,0.03,0.45,,113.87,84.04,68.57,60.91,,,,,39.44,38.81,63.55,,,,,58.12,36.7,,47.91,,,45.18,53.42,50.84,64.98,61.17,60.45,19.83,-59.42,-49.95,-7.16,-96.69,2.68,31.39,0.0,0.04,0.0,2.68,0.01,0.0,1.21,0.17,0.32,1.81,6.62,4.96,45.06,0.05,0.49,0.0,0.0,0.0,0.0,6.09,0.0,0.09,,0.0,100.0,,100.0,0.0,0.0,0.0,0.0,0.0,0.0,0.01,0.0
GB5 1,,3.4,0.0,0.0,0.0,0.0,0.0,0.0,0.0,,,,114.82,84.99,80.75,72.36,,,,,43.07,42.2,75.04,,,,,69.61,39.16,,,,,45.56,,,66.13,62.27,,-20.75,16.18,20.68,2.56,18.67,27.25,11.43,0.0,0.42,10.02,27.25,2.05,0.0,8.71,0.16,6.54,0.0,0.0,0.0,25.21,4.06,4.84,0.0,0.0,0.0,0.0,61.94,0.0,11.35,,,,,100.0,0.0,0.0,,0.0,0.0,0.0,0.0,0.0
GB5 10,0.0,3.02,0.0,0.0,0.0,0.0,0.03,0.0,0.0,,0.29,,115.25,85.42,82.19,73.56,,,,,43.23,42.35,76.23,,,,,70.8,37.02,,53.43,,59.92,48.07,57.6,54.64,65.95,59.92,,-2.47,-1.98,-0.28,0.81,-3.91,21.46,11.99,0.0,0.33,7.74,21.46,1.65,0.0,7.06,0.2,5.17,0.0,0.0,1.98,25.98,2.46,3.7,2.21,0.0,0.0,4347.55,48.78,0.0,7.57,,0.01,100.0,,100.0,0.0,0.0,,0.0,0.0,3.38,0.01,0.0
GB5 11,,2.29,0.0,0.0,0.0,0.0,0.0,0.0,0.0,,,,114.74,84.91,81.73,73.22,,,,,43.17,42.29,75.91,,,,,70.48,35.1,,,,,46.46,,,66.21,62.24,,-11.51,1.54,21.89,0.55,12.47,14.85,11.7,0.0,0.23,7.34,14.85,1.12,0.0,5.29,0.08,3.59,0.0,0.0,0.0,14.95,2.31,2.99,0.0,0.0,0.0,2716.68,33.74,0.0,5.19,,,,,100.0,0.0,0.0,,0.0,0.0,0.0,0.01,0.0
GB5 12,0.0,2.95,0.0,0.0,0.0,0.0,0.0,0.0,0.0,,0.74,,114.06,84.23,72.85,65.17,,,,,28.76,28.76,67.85,,,,,62.42,38.49,,49.67,,,43.6,51.49,49.67,66.9,62.9,,6.19,-19.48,-24.13,-5.64,-43.06,1.47,13.48,0.0,0.02,0.9,1.47,0.0,0.0,0.57,0.11,0.18,2.09,3.54,6.7,13.48,0.01,0.32,0.0,0.0,0.0,0.0,3.35,0.0,0.01,,0.0,65.9,,100.0,0.0,0.0,,0.0,0.0,0.0,0.02,0.0
GB5 13,0.81,0.65,0.0,0.0,0.0,0.0,0.0,0.0,0.0,,0.26,,115.37,85.54,84.53,75.52,,,,,43.92,43.23,78.2,,,,,72.77,35.78,56.19,51.95,,,47.74,58.87,56.16,65.74,61.6,,-43.44,80.53,71.05,8.28,116.42,58.79,0.01,0.0,0.91,20.37,58.79,5.1,0.0,20.82,0.04,16.17,0.0,0.0,4.47,13.61,7.43,9.69,0.0,0.0,0.0,0.0,133.62,0.0,25.94,,100.0,100.0,,100.0,0.0,0.0,,0.0,0.0,0.0,0.0,0.0
GB5 14,0.0,0.93,0.0,0.0,0.0,0.0,0.0,0.0,0.0,,,,114.78,84.95,80.17,71.99,,,,,42.18,41.17,74.67,,,,,69.24,31.01,,,,,49.45,56.7,,67.09,62.21,,9.18,-9.23,-32.35,-0.95,-33.35,3.77,7.97,0.0,0.06,1.54,3.77,0.13,0.0,1.49,0.18,0.69,0.0,0.0,0.0,17.22,0.26,0.77,0.0,0.0,0.0,0.0,8.58,0.0,0.57,,0.0,,,100.0,0.0,0.0,,0.0,0.0,0.01,0.02,0.0
GB5 15,,2.16,0.0,0.0,0.0,0.0,0.0,0.0,0.0,,,,114.57,84.74,81.95,73.39,,,,,43.85,42.94,76.11,,,,,70.68,35.8,,,,,46.99,,,67.73,63.75,,-34.9,73.7,23.05,4.83,66.68,32.27,0.52,0.0,0.5,32.82,32.27,2.11,0.0,10.46,0.06,7.88,0.0,0.01,0.0,14.52,7.96,5.45,0.0,0.0,0.0,3522.41,73.34,0.0,11.83,,,,,100.0,0.0,0.0,,0.0,0.0,0.0,0.0,0.0
GB5 16,0.0,0.32,0.0,0.0,0.0,0.0,0.0,0.0,0.0,0.01,0.85,,113.86,84.02,69.85,61.76,,,,,39.54,39.05,64.4,,,,,58.97,33.22,,52.34,,,40.68,50.74,52.78,64.67,61.4,65.0,-9.21,-72.11,3.24,-1.93,-80.01,16.03,37.18,0.0,0.25,9.09,16.03,0.68,0.0,5.85,0.36,2.48,0.02,0.73,1.96,51.85,2.71,3.28,0.0,0.0,0.0,0.0,36.44,0.0,3.39,,0.0,100.0,,100.0,0.0,0.0,0.0,0.0,0.0,0.0,0.0,0.0
GB5 17,0.0,1.66,0.0,0.0,0.0,0.0,0.03,0.0,0.0,,0.0,,115.43,85.6,82.65,74.03,,,,,43.72,42.84,76.7,,,,,71.26,31.87,,,,58.69,48.02,55.66,57.41,65.36,58.68,,12.94,-27.06,6.79,-1.67,-8.99,5.94,10.4,0.0,0.09,24.63,5.94,0.3,0.0,1.81,0.2,1.2,0.0,0.0,0.0,14.39,0.47,1.24,3.08,0.0,0.0,0.0,13.5,0.0,1.23,,0.01,0.0,,100.0,0.0,0.0,,0.0,0.0,9.18,0.01,0.0
GB5 2,0.0,0.46,0.0,0.0,0.0,0.0,0.0,0.0,0.0,,0.0,,115.13,85.3,82.38,73.77,,,,,43.36,42.53,76.45,,,,,71.01,32.68,,,,,45.41,56.19,58.28,65.93,61.48,,3.99,-31.16,8.59,-0.75,-19.33,10.42,14.22,0.0,0.16,39.75,10.42,0.66,0.0,3.56,0.23,2.04,0.0,0.0,0.0,22.88,1.04,2.26,0.0,0.0,0.0,0.0,23.67,0.0,2.37,,0.01,0.03,,100.0,0.0,0.0,,0.0,0.0,0.01,0.01,0.0
GB5 3,0.0,4.0,0.0,0.0,0.0,0.0,0.03,0.0,0.0,,0.06,,114.42,84.59,79.38,71.58,,,,,40.95,40.06,74.2,,,,,68.77,30.22,,,,58.37,51.48,56.85,59.92,66.32,58.37,,30.84,-12.25,-39.14,0.0,-20.54,4.72,8.89,0.0,0.07,0.0,4.72,0.09,0.0,1.64,0.29,0.7,0.0,0.0,0.12,18.38,0.19,1.12,4.39,0.0,0.0,0.0,10.72,0.0,0.87,,0.0,100.0,,100.0,0.0,0.0,,0.0,0.0,12.18,0.02,0.0
GB5 4,0.0,0.55,0.0,0.0,0.0,0.0,0.0,0.0,0.0,,0.34,,114.2,84.37,77.83,69.41,,,,,42.35,41.41,72.08,,,,,66.65,31.25,,51.67,,,42.91,52.31,51.82,65.01,61.94,,-12.09,-33.9,12.53,-0.56,-34.02,11.77,18.88,0.0,0.18,18.95,11.77,0.57,0.0,4.5,0.22,2.1,0.0,0.01,1.4,27.26,2.29,2.11,0.0,0.0,0.0,0.0,26.74,0.0,2.95,,0.0,99.99,,100.0,0.0,0.0,,0.0,0.0,0.0,0.0,0.0
GB5 5,0.0,5.27,0.0,0.0,0.0,0.0,0.0,0.0,0.0,,0.0,,114.71,84.88,81.3,73.0,,,,,43.03,42.12,75.66,,,,,70.23,33.2,,,,,52.49,54.63,56.32,65.77,62.14,,0.94,-21.55,10.87,-0.31,-10.05,4.74,7.51,0.0,0.07,1.67,4.74,0.19,0.0,1.78,0.19,0.9,0.0,0.0,0.01,12.4,0.46,0.97,0.0,0.0,0.0,1404.85,10.78,0.0,0.97,,0.01,0.05,,100.0,0.0,0.0,,0.0,0.0,0.01,0.01,0.0
GB5 6,0.0,0.51,0.0,0.0,0.0,0.0,0.04,0.0,0.0,,0.0,,114.85,85.02,80.96,72.5,,,,,42.64,41.65,75.16,,,,,69.73,36.21,,,,59.14,45.41,56.35,58.71,66.46,59.14,,0.43,-43.65,19.01,-0.1,-24.3,13.05,27.66,0.0,0.2,1.78,13.05,0.7,0.0,4.9,0.36,2.27,0.0,0.0,0.0,26.39,1.35,2.38,24.9,0.0,0.0,7535.87,29.66,0.0,3.51,,0.0,0.09,,100.0,0.0,0.0,,0.0,0.0,43.71,0.01,0.0
GB5 7,0.0,0.41,0.0,0.0,0.0,0.0,0.0,0.0,0.0,,0.0,,114.37,84.53,73.85,65.62,,,,,40.97,40.24,68.32,,,,,62.88,36.24,,,,,40.82,51.95,54.52,65.66,62.07,,-10.72,-8.81,25.1,-1.98,3.6,14.85,12.48,0.0,0.23,16.3,14.85,0.92,0.0,5.93,0.18,2.67,0.0,0.2,0.0,19.98,2.24,2.81,0.0,0.0,0.0,4958.62,33.75,0.0,3.96,,0.0,0.14,,100.0,0.0,0.0,,0.0,0.0,0.0,0.0,0.0
GB5 8,0.0,4.99,0.0,0.0,0.0,0.0,0.0,0.0,0.0,,0.0,,114.32,84.49,69.1,61.26,,,,,28.66,28.74,63.89,,,,,58.5,35.44,,,,,43.69,50.83,53.48,62.95,59.58,,7.93,-46.65,-2.04,-3.01,-43.77,3.7,16.55,0.0,0.06,15.0,3.7,0.0,0.0,1.32,0.26,0.19,0.06,0.01,0.0,25.87,0.03,0.79,0.0,0.0,0.0,0.0,8.4,0.0,0.01,,0.0,0.01,,100.0,0.0,0.0,,0.0,0.0,0.0,0.01,0.0
GB5 9,0.85,2.99,0.0,0.0,0.0,0.0,0.03,0.0,0.0,,1.09,,115.6,85.77,84.37,75.55,,,,,43.8,42.89,78.22,,,,,72.78,34.74,52.53,54.79,,58.15,54.66,53.75,56.7,65.47,58.15,,-7.03,-17.74,-12.05,0.91,-35.91,11.07,11.85,0.0,0.17,0.0,11.07,0.96,0.0,4.09,0.01,2.86,0.0,0.0,14.0,8.77,1.49,1.75,8.71,0.0,0.0,0.0,25.15,0.0,3.82,,100.0,100.0,,100.0,0.0,0.0,,0.0,0.0,34.21,0.01,0.0
GR0 0,0.0,1.67,0.0,0.0,0.0,0.0,0.04,0.01,0.05,0.0,0.96,,114.53,84.7,76.53,74.15,,,,,37.14,36.19,76.19,,,,,70.76,63.79,,64.8,42.94,37.98,63.79,69.86,69.04,49.36,39.92,95.2,8.61,-38.76,-81.82,2.25,-109.72,23.56,32.28,0.0,1.69,0.9,23.56,1.72,0.03,7.77,0.28,8.33,0.01,0.0,5.36,55.39,0.0,7.03,64.97,4.01,3.3,0.0,53.53,0.1,12.83,,0.0,100.0,,75.61,0.0,0.0,0.0,0.0,0.0,100.0,100.0,0.0
GR0 1,0.0,0.0,0.0,0.0,0.0,0.0,0.03,0.0,0.02,0.0,0.09,,115.33,85.5,82.89,79.96,,,,,41.94,40.88,81.73,,,,,76.3,,,78.76,45.56,40.34,86.98,91.92,79.37,52.73,40.34,103.86,1.48,-12.22,-22.08,5.56,-27.26,24.88,24.01,0.0,1.78,8.71,24.88,1.36,18.71,6.82,0.5,2.93,3.39,0.0,2.26,0.0,0.98,5.16,84.35,4.23,1.22,1055.24,56.55,71.68,3.71,,0.0,100.0,,0.0,0.0,0.0,0.0,0.0,0.0,60.95,100.0,0.0
HR0 0,0.0,0.0,0.0,0.0,0.0,0.0,0.09,0.0,0.0,0.0,0.0,,117.77,87.94,93.43,86.56,,,,,47.46,46.3,88.86,,,,,83.43,,,,55.28,49.24,95.73,102.11,99.05,56.89,49.24,97.3,2.12,5.23,1.2,2.61,11.17,14.19,0.0,0.0,0.06,0.14,14.19,0.64,0.0,4.48,0.7,6.96,2.12,0.0,0.0,0.0,0.0,2.45,14.98,3.86,0.0,0.0,32.26,0.0,3.86,,0.0,0.0,,0.0,0.0,0.0,0.0,0.0,0.0,18.5,100.0,0.0
HU0 0,,1.12,0.0,0.0,0.0,0.0,0.0,0.0,0.0,0.0,,,117.81,87.98,91.9,84.99,,,,,48.1,46.91,87.37,,,,,81.94,73.07,,,,,73.07,,,59.59,52.38,73.82,5.3,3.74,-31.58,-1.87,-24.42,17.18,0.0,0.0,0.0,2.59,17.18,1.41,0.0,7.31,0.95,17.46,0.0,0.0,0.0,46.55,0.0,4.75,0.0,0.0,0.0,0.0,39.04,0.0,8.18,,,,,68.23,0.0,0.0,0.0,0.0,0.0,0.0,0.03,0.0
HU0 1,,0.0,0.0,0.0,0.0,0.0,0.04,0.0,0.0,0.0,,,117.49,87.66,92.0,85.78,,,,,48.1,47.02,88.14,,,,,82.7,,,,,49.86,85.2,,,56.24,49.86,73.56,5.4,2.88,10.95,-1.93,17.29,10.57,0.0,0.0,0.0,3.13,10.57,0.75,0.0,4.55,0.72,9.69,0.05,0.0,0.0,0.0,0.0,3.1,11.8,0.96,0.0,0.0,24.03,0.0,4.78,,,,,0.0,0.0,0.0,0.0,0.0,0.0,8.16,25.57,0.0
IE4 0,0.0,7.99,0.0,0.0,0.0,0.0,0.0,0.0,0.0,0.02,0.14,,113.26,83.43,67.89,59.76,,,,,37.2,36.67,62.38,,,,,56.95,36.07,,,,,40.94,49.64,52.63,62.51,58.43,62.61,-7.58,-192.93,-43.38,0.67,-243.22,18.35,96.43,0.0,0.12,0.01,18.35,0.84,0.0,8.04,0.49,3.19,0.56,0.4,0.35,137.83,2.97,4.22,0.0,0.0,0.0,0.0,41.7,0.0,5.01,,0.0,100.0,,100.0,0.0,0.0,0.0,0.0,0.0,0.0,0.0,0.0
IT0 0,0.0,0.0,0.0,0.0,0.0,0.0,0.0,0.0,0.0,0.0,,,116.92,87.09,91.46,85.13,,,,,45.99,45.03,87.16,,,,,81.73,,,,53.62,,87.26,85.02,,61.16,50.09,70.5,6.56,4.01,28.49,-1.73,37.32,20.07,0.0,0.0,0.22,3.99,20.07,0.69,0.0,5.19,0.43,2.92,0.2,0.0,0.0,0.0,0.0,1.79,0.0,3.13,0.0,0.0,45.62,0.0,2.26,,0.0,,,0.0,0.0,0.0,0.0,0.0,0.0,0.0,100.0,0.0
IT0 1,0.0,0.0,0.0,0.0,0.0,0.0,0.33,0.01,0.0,0.0,0.0,,115.67,85.84,84.62,82.19,,,,,41.91,40.76,83.98,,,,,78.54,,,,46.81,41.93,83.41,88.84,87.18,52.84,41.93,69.08,1.11,-0.24,-3.36,0.34,-2.16,8.92,1.25,0.0,0.1,5.95,8.92,0.18,5.05,2.71,0.43,0.97,0.05,0.0,0.0,0.0,0.0,1.97,16.85,1.39,0.0,0.0,20.26,14.7,1.15,,0.0,0.12,,0.0,0.0,0.0,0.0,0.0,0.0,35.97,100.0,0.0
IT0 10,0.0,1.62,0.0,0.0,0.0,0.0,0.3,0.01,0.01,,,,115.29,85.46,81.03,79.12,,,,,39.67,38.46,80.88,,,,,75.45,66.3,,,45.16,40.07,75.21,79.31,,51.69,40.37,,3.77,-34.32,-47.23,0.26,-77.53,21.11,23.37,0.0,0.23,3.95,21.11,1.18,12.74,7.5,0.42,5.34,0.04,0.0,0.0,37.47,0.0,4.8,71.3,3.29,0.66,0.0,47.97,37.06,9.59,,0.0,,,100.0,0.0,0.0,,0.0,0.0,100.0,100.0,0.0
IT0 11,,0.0,0.0,0.0,0.0,0.0,2.14,0.01,0.01,0.02,,,116.93,87.09,90.87,84.23,,,,,47.6,46.73,86.27,,,,,80.83,,,,53.21,50.03,82.03,,,63.59,50.03,69.83,3.11,11.22,16.13,5.61,36.08,46.51,0.0,0.0,0.5,9.17,46.51,1.91,0.0,9.71,0.28,8.5,1.96,0.0,0.0,0.0,0.2,3.65,35.12,7.26,1.26,0.0,105.71,0.0,6.64,,,,,0.0,0.0,0.0,0.0,0.0,0.0,91.92,100.0,0.0
IT0 12,0.0,0.0,0.0,0.0,0.0,0.0,0.73,0.0,0.09,0.02,,,116.7,86.87,89.46,83.42,,,,,48.9,47.98,85.34,,,,,79.91,,,,51.66,46.33,94.4,101.78,,63.79,47.1,68.93,2.09,13.09,-22.35,-0.73,-7.89,26.04,1.13,0.0,0.28,1.37,26.04,0.58,0.0,6.32,0.5,2.21,3.11,0.0,0.0,0.0,1.17,2.05,51.7,4.06,2.61,0.0,59.18,0.01,3.24,,0.0,,,0.0,0.0,0.0,0.0,0.0,0.0,100.0,100.0,0.0
IT0 13,0.0,0.44,0.0,0.0,0.0,0.0,0.52,0.01,0.03,0.0,0.06,,114.59,84.76,80.53,77.88,,,,,38.05,37.15,79.59,,,,,74.16,80.28,,,43.95,39.45,80.28,86.0,83.07,50.88,39.45,66.14,0.99,-6.33,-15.09,0.97,-19.45,13.05,3.84,0.0,0.14,0.0,13.05,0.6,9.99,3.33,0.37,3.23,0.09,0.0,0.56,8.29,0.02,2.78,24.23,2.04,1.33,0.1,29.65,29.05,5.07,,0.0,100.0,,34.67,0.0,0.0,0.0,0.0,0.0,51.84,100.0,0.0
IT0 14,0.0,0.0,0.0,0.0,0.0,0.0,0.03,0.0,0.01,0.0,,,116.21,86.38,89.56,83.93,,,,,45.55,44.49,85.85,,,,,80.42,,,,49.91,44.62,94.21,97.31,,57.78,44.62,68.76,-0.16,5.38,14.94,0.53,20.69,13.26,0.0,0.0,0.14,5.59,13.26,0.28,0.0,3.28,0.42,1.92,0.97,0.0,0.0,0.0,0.33,1.6,2.96,2.07,0.6,0.0,30.14,0.01,1.25,,0.0,,,0.0,0.0,0.0,0.0,0.0,0.0,7.68,100.0,0.0
IT0 15,,0.0,0.0,0.0,0.0,0.0,0.06,0.0,0.0,0.0,,,117.0,87.16,92.44,85.82,,,,,45.82,44.8,87.87,,,,,82.43,,,,52.6,46.78,93.87,,,61.33,46.78,70.75,3.61,6.55,34.77,7.94,52.87,31.11,0.0,0.0,0.33,9.56,31.11,1.39,0.0,8.2,0.15,9.59,0.48,0.0,0.0,0.0,0.0,2.32,12.0,4.85,0.0,0.0,70.71,0.0,5.6,,,,,0.0,0.0,0.0,0.0,0.0,0.0,17.27,100.0,0.0
IT0 16,0.0,0.0,0.0,0.0,0.0,0.0,0.6,0.0,0.0,0.01,0.0,,117.23,87.4,91.96,85.75,,,,,49.08,48.08,87.7,,,,,82.26,,,,53.06,47.74,105.41,108.58,113.2,63.29,47.74,70.61,0.94,2.32,-3.42,1.34,1.19,17.23,1.98,0.0,0.19,7.48,17.23,0.42,0.0,4.84,0.39,2.9,1.11,0.0,0.0,0.0,0.22,1.37,34.31,2.69,0.11,0.0,39.16,0.01,1.84,,0.0,0.0,,0.0,0.0,0.0,0.0,0.0,0.0,92.68,100.0,0.0
IT0 2,0.0,0.0,0.0,0.0,0.0,0.0,0.08,0.0,0.0,0.0,0.0,,116.98,87.15,92.91,86.65,,,,,45.1,44.11,88.63,,,,,83.2,,,,52.25,46.63,95.23,102.74,101.99,60.37,46.63,71.76,4.7,3.02,13.1,-3.52,17.31,11.8,0.0,0.0,0.13,0.67,11.8,0.42,0.0,3.59,0.24,2.55,0.03,0.0,0.0,0.0,0.0,1.11,8.4,1.84,0.0,0.0,26.83,0.01,1.9,,0.0,0.0,,0.0,0.0,0.0,0.0,0.0,0.0,24.53,100.0,0.0
IT0 3,0.0,0.0,0.0,0.0,0.0,0.0,0.14,0.01,0.01,0.01,,,115.37,85.54,82.62,80.17,,,,,40.54,39.54,81.91,,,,,76.48,,,,45.54,40.35,91.55,96.47,,51.27,40.35,66.22,5.0,-7.11,-10.18,0.51,-11.78,11.59,7.11,0.0,0.12,12.83,11.59,0.16,6.15,3.1,0.6,1.06,0.83,0.0,0.0,0.0,0.0,2.51,28.42,1.81,0.27,0.0,26.33,17.9,1.19,,0.0,,,0.0,0.0,0.0,0.0,0.0,0.0,82.87,100.0,0.0
IT0 4,0.0,0.0,0.0,0.0,0.0,0.0,1.97,0.02,0.13,0.02,0.0,,115.98,86.15,87.92,83.13,,,,,43.67,42.53,84.91,,,,,79.48,,,,48.07,44.72,91.03,90.57,91.74,58.23,45.09,68.32,2.06,-3.45,3.58,3.16,5.35,28.07,5.51,0.0,0.3,6.4,28.07,1.54,6.5,5.68,0.29,5.52,0.67,0.0,0.0,0.0,0.02,2.95,33.55,4.38,4.26,0.0,63.8,18.9,7.91,,0.0,0.04,,0.0,0.0,0.0,0.0,0.0,0.0,100.0,100.0,0.0
IT0 5,,0.0,0.0,0.0,0.0,0.0,1.06,0.01,0.06,0.02,,,117.19,87.36,92.31,85.14,,,,,52.49,51.66,87.1,,,,,81.66,,,,54.82,51.5,82.49,,,65.23,51.5,70.13,-3.1,13.61,-5.48,-0.7,4.33,18.65,0.0,0.0,0.2,1.17,18.65,0.33,0.0,4.27,0.35,2.93,5.9,0.0,0.0,0.0,1.12,1.4,17.75,2.91,1.41,0.0,42.39,0.0,1.64,,,,,0.0,0.0,0.0,0.0,0.0,0.0,61.12,100.0,0.0
IT0 6,0.0,0.0,0.0,0.0,0.0,0.0,0.4,0.01,0.0,,,,116.17,86.34,87.84,83.42,,,,,43.4,42.36,85.21,,,,,79.78,,,,48.93,44.48,95.03,97.83,,57.43,44.48,,4.25,-2.23,4.47,-0.36,6.13,6.98,2.06,0.0,0.08,10.37,6.98,0.06,0.88,1.83,0.4,0.65,0.08,0.0,0.0,0.0,0.0,1.01,9.64,1.09,0.07,0.0,15.87,2.55,0.45,,0.0,,,0.0,0.0,0.0,,0.0,0.0,35.1,100.0,0.0
IT0 7,0.0,0.08,0.0,0.0,0.0,0.0,0.14,0.01,0.05,,0.0,,115.07,85.24,81.89,79.06,,,,,38.42,37.46,80.77,,,,,75.34,91.89,,,42.64,37.76,91.89,95.02,94.53,54.41,40.83,,6.22,-14.87,-7.36,1.86,-14.16,14.63,10.54,0.0,0.16,2.22,14.63,0.9,12.37,4.08,0.2,4.22,0.56,0.0,0.0,2.61,0.0,2.66,41.37,2.28,3.08,0.04,33.26,35.99,7.18,,0.0,0.09,,11.38,0.0,0.0,,0.0,0.0,100.0,100.0,0.0
IT0 8,0.0,0.0,0.0,0.0,0.0,0.0,1.44,0.01,0.01,0.01,0.0,,116.43,86.6,88.82,83.59,,,,,44.29,43.33,85.41,,,,,79.98,,,,50.04,47.72,90.14,93.7,98.76,60.01,47.72,69.67,5.54,4.7,20.06,3.8,34.11,23.29,0.0,0.0,0.25,0.0,23.29,1.11,0.02,6.74,0.45,4.24,0.59,0.0,0.0,0.0,0.0,2.36,17.67,3.63,0.36,0.0,52.93,0.04,6.55,,0.0,0.01,,0.0,0.0,0.0,0.0,0.0,0.0,34.1,100.0,0.0
IT0 9,0.0,0.0,0.0,0.0,0.0,0.0,0.04,0.01,0.01,0.01,0.0,,115.88,86.05,87.26,82.32,,,,,42.97,41.8,84.15,,,,,78.72,,,,47.68,42.47,87.44,95.26,90.27,56.06,42.47,67.67,4.37,6.07,29.54,1.26,41.23,31.0,0.02,0.0,0.33,12.87,31.0,1.9,0.0,6.78,0.3,7.47,1.36,0.0,0.0,0.0,0.02,4.05,5.04,4.84,0.54,0.0,70.45,0.01,9.97,,0.0,2.41,,0.0,0.0,0.0,0.0,0.0,0.0,12.67,100.0,0.0
IT1 0,0.0,0.99,0.0,0.0,0.0,0.0,0.03,0.01,0.0,0.0,,,114.92,85.09,79.5,77.67,,,,,27.49,27.2,79.37,,,,,73.94,67.33,,,46.16,40.66,67.33,78.0,,52.52,41.77,66.35,2.0,-22.48,-35.6,0.01,-56.07,9.6,11.24,0.0,0.1,0.0,9.6,0.0,13.06,3.69,0.62,0.16,0.5,0.0,0.0,25.36,0.05,1.97,41.73,1.5,0.02,0.05,21.82,38.0,0.06,,0.0,,,54.89,0.0,0.0,0.0,0.0,0.0,100.0,100.0,0.0
LT6 0,0.0,0.0,0.0,0.0,0.0,0.0,0.01,0.0,0.0,,0.04,,117.91,88.08,88.43,79.37,,,,,50.9,50.19,82.04,,,,,76.61,,,,,60.85,59.65,64.68,59.27,68.51,60.85,,0.93,9.61,16.18,-1.04,25.69,11.27,0.0,0.0,0.16,0.9,11.27,0.47,0.0,3.49,0.35,1.8,1.0,0.0,0.9,0.02,0.0,2.23,1.55,0.0,0.0,0.0,25.61,0.0,2.12,,0.0,58.22,,0.02,0.0,0.0,,0.0,0.0,0.88,0.02,0.0
LU0 0,,0.09,0.0,0.0,0.0,0.0,0.01,0.0,0.0,0.0,,,0.0,87.07,95.6,85.27,,,,,49.76,49.04,87.86,,,,,82.43,56.67,,,,60.52,58.52,,,68.36,60.52,86.27,2.86,3.43,1.43,1.57,9.3,3.23,0.0,0.0,0.0,1.93,3.23,0.23,0.0,1.64,0.03,1.91,1.32,0.0,0.0,3.2,0.32,0.49,4.19,0.49,0.0,0.0,7.34,0.0,0.73,,,,,100.0,0.0,0.0,0.0,0.0,0.0,56.1,82.73,0.0
LV6 0,0.0,0.31,0.0,0.0,0.0,0.0,0.02,0.0,0.0,0.02,0.0,,117.46,87.62,86.17,77.77,,,,,50.76,50.11,80.41,,,,,74.98,50.7,,,,59.88,50.7,61.32,63.81,69.3,59.88,88.24,0.88,4.61,-8.26,0.81,-1.97,5.73,0.0,0.0,0.23,2.46,5.73,0.37,0.0,3.0,0.34,1.76,1.51,0.0,0.0,5.48,0.22,2.55,12.45,0.0,0.0,0.01,13.01,0.0,3.57,,0.0,0.0,,3.68,0.0,0.0,0.0,0.0,0.0,10.38,0.04,0.0
ME0 0,0.0,0.0,0.0,0.0,0.0,0.0,0.04,0.0,0.0,,,,116.56,86.73,89.74,85.83,,,,,47.79,46.67,87.99,,,,,82.56,,,,,47.62,104.42,120.08,,55.65,47.62,,-0.22,0.74,1.86,0.2,2.58,2.74,0.0,0.0,0.0,0.0,2.74,0.03,0.0,0.62,0.06,0.61,0.0,0.0,0.0,0.0,0.07,0.2,1.85,0.7,0.05,0.0,6.22,0.0,0.13,,0.0,,,0.0,0.0,0.0,,0.0,0.0,12.58,100.0,0.0
MK0 0,,0.0,0.0,0.0,0.0,0.0,0.2,0.0,0.0,0.0,,,0.0,86.12,86.8,84.4,,,,,46.2,45.15,86.3,,,,,80.87,,,,48.53,44.12,85.37,,,54.11,44.12,84.06,-0.88,1.35,0.11,0.45,1.04,8.68,0.48,0.0,0.0,0.0,8.68,0.07,0.0,1.39,0.14,1.15,0.57,0.0,0.0,0.0,0.17,0.55,6.53,2.02,0.03,0.0,19.74,0.01,0.2,,,,,0.0,0.0,0.0,0.0,0.0,0.0,12.91,100.0,0.0
NL0 0,0.1,0.76,0.0,0.0,0.0,0.0,0.02,0.0,0.0,,0.91,,116.42,86.59,89.14,79.93,,,,,46.78,45.89,82.56,,,,,77.13,39.47,53.56,53.14,,59.39,52.19,54.25,56.93,68.91,59.39,,-1.25,68.55,-28.16,7.32,46.45,21.79,6.47,0.0,4.78,16.75,21.79,1.77,0.0,12.06,0.4,6.59,0.0,0.0,25.14,8.06,3.01,4.34,10.92,0.0,0.0,0.0,49.51,0.0,9.34,,100.0,100.0,,100.0,0.0,0.0,,0.0,0.0,35.48,0.03,0.0
NL0 1,,0.21,0.0,0.0,0.0,0.0,0.0,0.0,0.0,,,,116.52,86.69,91.66,82.09,,,,,48.01,47.27,84.74,,,,,79.3,45.17,,,,,52.84,,,68.9,62.06,,1.64,26.1,-2.38,2.9,28.26,8.39,0.0,0.0,1.84,1.98,8.39,0.55,0.0,3.4,0.29,1.41,0.0,0.0,0.0,9.81,1.0,1.4,0.0,0.0,0.0,131.23,19.07,0.0,1.49,,,,,100.0,0.0,0.0,,0.0,0.0,0.0,0.01,0.0
NL0 2,,0.14,0.0,0.0,0.0,0.0,0.0,0.0,0.0,,,,116.73,86.9,93.08,83.32,,,,,48.24,47.47,86.02,,,,,80.59,48.63,,,,,54.53,,,69.65,62.61,,43.92,53.78,26.72,17.8,142.21,16.36,0.0,0.0,3.59,3.7,16.36,1.23,0.0,6.75,0.35,3.1,0.0,0.0,0.0,7.61,2.18,2.53,0.0,0.0,0.0,0.0,37.18,0.0,3.9,,,,,100.0,0.0,0.0,,0.0,0.0,0.01,0.01,0.0
NL0 3,0.08,1.27,0.0,0.0,0.0,0.0,0.0,0.0,0.0,,0.04,,116.45,86.62,87.41,78.6,,,,,46.84,46.11,81.25,,,,,75.82,36.57,,,,,52.34,57.14,58.29,67.7,61.42,,3.4,11.87,-3.58,-0.89,10.8,4.37,1.31,0.0,0.96,2.39,4.37,0.3,0.0,2.74,0.13,1.26,0.0,0.0,0.54,8.4,0.57,0.84,0.0,0.0,0.0,119.09,9.92,0.0,1.33,,100.0,100.0,,100.0,0.0,0.0,,0.0,0.0,0.0,0.01,0.0
NL0 4,0.18,0.08,0.0,0.0,0.0,0.0,0.02,0.0,0.0,,0.92,,116.22,86.39,85.3,76.66,,,,,45.69,45.11,79.25,,,,,73.81,29.97,50.44,54.53,,58.75,50.59,52.82,54.53,67.95,58.75,,1.05,9.62,-10.85,6.69,6.51,15.07,12.91,0.0,3.3,2.74,15.07,1.32,0.0,7.44,0.25,4.58,0.0,0.0,23.37,3.19,1.71,2.72,13.3,0.0,0.0,0.0,34.24,0.0,5.95,,100.0,46.18,,100.0,0.0,0.0,,0.0,0.0,88.1,0.03,0.0
NL0 5,0.13,0.93,0.0,0.0,0.0,0.0,0.0,0.0,0.0,,0.16,,116.28,86.45,84.71,76.17,,,,,45.8,45.21,78.8,,,,,73.37,31.82,49.56,51.89,,,50.54,52.76,52.96,67.34,61.12,,2.04,-48.55,-44.21,-0.32,-91.04,6.36,21.29,0.0,1.4,3.05,6.36,0.41,0.0,2.75,0.27,1.56,0.0,0.0,28.85,9.16,0.37,1.21,0.0,0.0,0.0,2920.76,14.46,0.0,1.72,,100.0,100.0,,100.0,0.0,0.0,,0.0,0.0,0.01,0.02,0.0
NO3 0,0.0,0.0,0.0,0.0,0.0,0.0,0.0,0.0,0.0,,0.0,,116.44,86.61,79.8,71.15,,,,,49.97,49.57,73.78,,,,,68.35,,,,,,62.66,66.7,66.15,65.11,61.25,,0.58,5.98,10.06,1.0,17.63,1.82,0.0,0.0,0.11,0.0,1.82,0.1,0.0,2.11,0.06,0.72,1.64,0.0,0.0,0.0,0.44,0.57,0.0,0.0,0.0,0.0,4.13,0.0,0.5,,0.0,0.02,,0.0,0.0,0.0,,0.0,0.0,0.0,0.01,0.0
NO3 1,0.0,0.0,0.0,0.0,0.0,0.0,,,0.0,,0.0,,118.21,88.38,77.38,69.28,,,,,50.2,49.74,71.93,,,,,66.5,,,,,,62.56,64.73,66.52,,,,0.49,0.83,-0.32,2.15,3.14,1.22,0.0,0.0,0.07,0.0,1.22,0.02,0.0,1.28,0.11,0.43,2.32,0.0,0.0,0.0,0.0,0.3,0.0,0.0,0.0,0.01,2.77,0.0,0.25,,0.0,0.03,,0.0,0.0,0.0,,0.0,0.0,,,0.0
NO3 2,0.0,0.0,0.0,0.0,0.0,0.0,0.0,0.0,0.0,,0.0,,115.43,85.6,76.79,68.29,,,,,49.66,49.22,70.93,,,,,65.5,,,,,,51.6,62.77,62.57,62.28,59.68,,-3.59,13.23,-12.43,1.36,-1.44,3.28,0.0,0.0,0.2,0.0,3.28,0.1,0.0,2.95,0.07,1.74,9.58,0.0,0.0,0.0,1.34,0.98,0.0,0.0,0.0,0.0,7.44,0.0,0.94,,0.0,0.04,,0.0,0.0,0.0,,0.0,0.0,0.0,0.0,0.0
NO3 3,0.0,0.0,0.0,0.0,0.0,0.0,0.0,0.0,0.0,,0.0,,117.4,87.57,79.09,70.83,,,,,35.66,35.92,73.46,,,,,68.03,,,,,,59.16,65.03,65.95,62.53,61.03,,2.02,1.31,-4.12,1.36,0.56,0.68,0.0,0.0,0.04,0.0,0.68,0.0,0.0,0.93,0.07,0.19,3.03,0.0,0.0,0.0,0.01,0.23,0.0,0.0,0.0,0.0,1.56,0.0,0.02,,0.0,0.01,,0.0,0.0,0.0,,0.0,0.0,0.0,0.01,0.0
NO3 4,0.0,0.01,0.0,0.0,0.0,0.0,0.0,0.0,0.0,,0.0,,114.93,85.1,77.09,68.39,,,,,46.89,46.52,71.04,,,,,65.61,53.06,,,,,53.06,61.28,57.82,66.08,61.73,,-0.69,9.46,-11.78,3.04,0.02,2.14,0.0,0.0,0.13,13.29,2.14,0.12,0.0,1.79,0.02,1.4,4.55,0.0,0.0,4.16,0.91,0.65,0.0,0.0,0.0,0.0,4.86,0.0,0.57,,0.0,0.27,,7.43,0.0,0.0,,0.0,0.0,0.0,0.01,0.0
NO3 5,0.0,0.0,0.0,0.0,0.0,0.0,0.0,0.0,0.0,,0.01,,115.45,85.62,78.06,69.31,,,,,47.9,47.56,71.97,,,,,66.54,,,50.42,,,54.27,58.86,55.12,66.17,61.85,,-5.59,12.27,-14.58,0.69,-7.21,3.07,0.0,0.0,0.18,7.3,3.07,0.2,0.0,2.75,0.0,1.63,8.05,0.0,1.87,0.0,1.25,0.97,0.0,0.0,0.0,0.0,6.97,0.0,0.97,,0.01,100.0,,0.0,0.0,0.0,,0.0,0.0,0.0,0.01,0.0
NO3 6,0.0,0.0,0.0,0.0,0.0,0.0,0.0,0.0,0.0,,,,116.1,86.27,78.49,69.54,,,,,49.22,48.65,72.19,,,,,66.75,,,,,,52.7,57.42,,66.44,61.48,,-10.13,24.36,31.78,2.49,48.5,9.18,0.0,0.0,0.55,0.0,9.18,0.67,0.0,6.47,0.12,2.37,3.85,0.0,0.0,0.0,2.23,3.35,0.0,0.0,0.0,0.0,20.86,0.0,3.08,,0.0,,,0.0,0.0,0.0,,0.0,0.0,0.0,0.01,0.0
PL0 0,,2.02,0.0,0.0,0.0,0.0,0.0,0.0,0.0,,,,117.57,87.74,88.79,80.36,,,,,50.02,49.2,83.02,,,,,77.58,55.81,,,,,55.81,,,65.3,61.14,,3.38,-2.61,-17.33,6.97,-9.58,14.41,3.87,0.0,0.02,1.05,14.41,0.2,0.0,4.11,0.95,1.07,0.0,0.0,0.0,26.32,0.0,3.24,0.0,0.0,0.0,0.0,32.75,0.0,1.27,,,,,47.64,0.0,0.0,,0.0,0.0,0.0,0.0,0.0
PL0 1,0.0,1.94,0.0,0.0,0.0,0.0,0.02,0.0,0.0,,2.1,,116.44,86.61,86.52,78.07,,,,,48.65,48.04,80.76,,,,,75.33,41.95,,61.56,,60.31,49.1,59.18,61.82,66.13,60.31,,0.76,-25.21,-58.51,-1.19,-84.15,9.93,13.21,0.0,0.01,0.9,9.93,0.3,0.0,2.69,0.48,1.47,0.88,0.0,5.75,35.63,0.44,1.76,5.34,0.0,0.0,1593.02,22.56,0.0,2.11,,0.0,100.0,,100.0,0.0,0.0,,0.0,0.0,9.47,0.01,0.0
PL0 2,,0.0,0.0,0.0,0.0,0.0,0.0,0.0,0.0,0.0,,,117.45,87.62,90.58,81.75,,,,,50.01,49.35,84.4,,,,,78.97,,,,,,58.35,,,66.28,62.06,79.42,2.36,6.44,47.37,5.38,61.55,28.76,0.0,0.0,0.03,4.21,28.76,0.99,0.0,7.83,1.16,4.55,0.01,0.0,0.0,0.0,0.01,4.59,0.0,0.0,0.0,0.0,65.37,0.0,2.81,,,,,0.0,0.0,0.0,0.0,0.0,0.0,0.0,0.0,0.0
PL0 3,0.0,0.27,0.0,0.0,0.0,0.0,0.0,0.0,0.0,,0.13,,117.17,87.34,89.61,81.23,,,,,49.33,48.83,83.89,,,,,78.46,52.84,,57.88,,,52.84,64.23,62.45,66.35,61.85,,3.3,2.9,0.81,-4.46,2.56,8.71,0.0,0.0,0.01,0.74,8.71,0.13,0.0,2.57,0.59,0.85,0.08,0.0,1.54,4.13,0.0,1.45,0.0,0.0,0.0,142.61,19.79,0.0,0.75,,0.01,100.0,,13.55,0.0,0.0,,0.0,0.0,0.01,0.01,0.0
PL0 4,,5.77,0.0,0.0,0.0,0.0,0.0,0.0,0.0,0.0,,,117.14,87.31,89.04,80.5,,,,,49.99,49.27,83.16,,,,,77.72,55.95,,,,,55.95,,,65.29,61.52,79.23,-5.81,8.26,-9.29,2.29,-4.55,24.47,3.43,0.0,0.03,5.84,24.47,0.54,0.0,6.93,1.23,1.94,0.2,0.0,0.0,30.87,1.11,4.44,0.0,0.0,0.0,0.0,55.62,0.0,2.26,,,,,37.4,0.0,0.0,0.0,0.0,0.0,0.0,0.0,0.0
PL0 5,,0.81,0.0,0.0,0.0,0.0,0.07,0.0,0.0,,,,117.79,87.96,91.2,82.23,,,,,50.46,49.53,84.89,,,,,79.46,60.05,,,,61.12,60.05,,,67.14,61.12,,1.94,9.19,50.17,5.72,67.02,39.58,0.0,0.0,0.04,1.3,39.58,1.97,0.0,11.41,0.75,12.34,0.66,0.0,0.0,6.49,0.0,5.69,8.87,0.0,0.0,0.0,89.95,0.0,5.18,,,,,14.1,0.0,0.0,,0.0,0.0,7.6,0.0,0.0
PL0 6,,1.16,0.0,0.0,0.0,0.0,0.0,0.0,0.0,,,,117.36,87.53,89.79,80.97,,,,,50.61,49.91,83.62,,,,,78.19,58.72,,,,,58.72,,,66.01,61.73,,-4.98,11.34,23.69,3.99,34.04,26.85,0.0,0.0,0.03,6.51,26.85,0.89,0.0,6.69,0.92,4.38,0.02,0.0,0.0,6.88,1.05,4.62,0.0,0.0,0.0,0.0,61.01,0.0,2.11,,,,,9.42,0.0,0.0,,0.0,0.0,0.0,0.0,0.0
PL0 7,,0.29,0.0,0.0,0.0,0.0,0.06,0.0,0.0,0.0,,,117.88,88.05,91.62,82.75,,,,,50.52,49.59,85.4,,,,,79.97,62.16,,,,59.63,62.16,,,66.68,59.63,79.59,1.56,2.69,7.33,3.71,15.29,16.77,0.0,0.0,0.02,0.79,16.77,0.69,0.0,4.18,0.47,5.48,0.26,0.0,0.0,5.24,0.0,2.92,8.11,0.0,0.0,0.0,38.11,0.0,1.42,,,,,15.98,0.0,0.0,0.0,0.0,0.0,10.69,0.01,0.0
PT0 0,0.0,0.72,0.0,0.0,0.0,0.0,0.04,0.01,0.0,0.01,,,113.14,83.31,72.55,67.52,,,,,34.9,34.53,69.49,,,,,64.05,61.59,,,43.19,38.27,61.59,62.28,,51.76,38.27,60.2,-4.32,0.15,-12.84,-1.7,-18.7,18.25,6.33,0.0,0.3,0.22,18.25,0.28,0.0,4.47,0.15,1.03,0.53,0.0,0.0,16.73,1.03,1.19,24.36,3.62,0.01,214.51,41.49,0.0,1.19,,0.01,,,30.72,0.0,0.0,0.0,0.0,0.0,47.67,100.0,0.0
PT0 1,0.0,0.0,0.0,0.0,0.0,0.0,0.04,0.01,0.0,0.01,,,113.4,83.57,73.07,67.64,,,,,36.88,36.61,69.75,,,,,64.31,,,,45.32,40.38,57.93,60.76,,52.29,40.38,59.81,0.36,16.57,18.09,-0.74,34.28,22.41,0.0,0.0,0.36,0.92,22.41,0.34,0.0,4.92,0.16,1.07,5.72,0.0,0.0,0.0,1.26,1.03,4.6,4.44,0.0,1478.29,50.93,0.0,1.27,,0.0,,,0.0,0.0,0.0,0.0,0.0,0.0,8.83,100.0,0.0
PT0 2,0.0,0.0,0.0,0.0,0.0,0.0,0.27,0.01,0.0,,,,112.75,82.92,72.57,68.06,,,,,23.68,23.56,69.87,,,,,64.44,,,,,36.81,66.52,67.84,,50.74,37.16,,6.72,-22.8,-1.86,0.4,-17.54,3.4,15.05,0.0,0.06,0.26,3.4,0.0,0.0,1.01,0.07,0.17,0.51,0.0,0.0,0.0,0.03,0.32,33.1,0.67,0.0,691.6,7.72,0.01,0.01,,0.0,,,0.0,0.0,0.0,,0.0,0.0,100.0,100.0,0.0
RO0 0,,0.0,0.0,0.0,0.0,0.0,0.04,0.01,0.0,0.01,,,117.39,87.56,90.68,86.01,,,,,49.51,48.59,88.37,,,,,82.94,,,,55.87,49.62,90.14,,,55.87,49.62,68.12,3.81,2.6,15.94,1.45,23.8,13.89,0.0,0.0,0.02,0.19,13.89,0.27,0.0,6.13,1.25,2.84,3.78,0.0,0.0,0.0,0.0,4.05,5.49,1.46,0.0,0.0,31.56,0.0,2.63,,,,,0.0,0.0,0.0,0.0,0.0,0.0,2.3,21.81,0.0
RO0 1,,0.0,0.0,0.0,0.0,0.0,0.1,0.01,0.0,0.01,,,117.27,87.44,90.63,85.56,,,,,48.92,48.02,87.85,,,,,82.42,,,,52.45,46.58,88.34,,,52.45,46.58,67.63,2.69,4.01,4.57,2.86,14.12,14.69,0.13,0.0,0.02,0.07,14.69,0.78,0.0,5.66,0.44,8.24,1.76,0.0,0.0,0.0,0.0,3.96,19.72,3.2,0.0,0.0,33.38,0.0,6.62,,,,,0.0,0.0,0.0,0.0,0.0,0.0,10.38,45.35,0.0
RO0 2,0.18,0.01,0.0,0.0,0.0,0.0,0.0,0.0,0.0,0.0,0.12,,116.98,87.15,88.88,83.74,,,,,49.14,48.27,86.1,,,,,80.66,,77.0,75.98,,,80.49,83.98,84.69,58.11,51.11,66.42,4.05,3.79,-6.35,4.18,5.67,11.96,0.24,0.0,0.02,0.01,11.96,0.49,0.0,5.21,0.61,4.38,0.63,0.0,12.28,0.28,0.11,3.82,0.0,0.0,0.0,0.0,27.17,0.0,4.5,,100.0,100.0,,0.25,0.0,0.0,0.0,0.0,0.0,0.0,0.01,0.0
RS0 0,,0.0,0.0,0.0,0.0,0.0,0.0,0.02,0.0,,,,116.57,86.74,88.58,85.07,,,,,47.61,46.53,87.27,,,,,81.84,,,,53.19,,92.56,,,53.19,51.51,,-0.53,5.09,22.87,0.49,27.92,15.58,0.0,0.0,0.01,1.8,15.58,0.2,0.0,4.1,0.57,3.09,0.0,0.0,0.0,0.0,0.43,1.75,0.0,3.52,0.0,0.0,35.42,0.0,1.07,,,,,0.0,0.0,0.0,,0.0,0.0,0.0,96.37,0.0
RS0 1,,0.0,0.0,0.0,0.0,0.0,0.02,0.0,0.0,,,,117.03,87.2,90.99,86.38,,,,,47.46,46.56,88.67,,,,,83.23,,,,54.47,48.57,92.76,,,54.47,48.57,,1.75,1.6,18.1,1.26,22.72,14.77,0.0,0.0,0.01,0.91,14.77,0.4,0.0,3.62,0.24,3.89,0.0,0.0,0.0,0.0,0.01,1.39,2.56,3.28,0.0,0.0,33.56,0.0,3.33,,,,,0.0,0.0,0.0,,0.0,0.0,1.87,94.51,0.0
SE3 0,0.0,0.11,0.0,0.0,0.0,0.0,0.01,0.0,0.0,0.0,0.0,,117.3,87.47,83.51,74.61,,,,,50.18,49.52,77.21,,,,,71.78,54.07,,,,58.02,54.07,61.73,61.36,65.32,58.02,70.98,-11.74,28.84,41.76,5.37,64.23,18.04,0.0,0.0,0.85,0.0,18.04,1.74,0.0,10.98,0.15,6.4,0.81,0.0,0.0,3.86,2.05,4.81,21.7,0.0,0.0,0.0,41.0,0.0,9.43,,0.0,0.0,,1.9,0.0,0.0,0.0,0.0,0.0,26.61,0.01,0.0
SE3 1,0.0,0.87,0.0,0.0,0.0,0.0,0.0,0.0,0.0,0.02,0.15,,117.61,87.78,77.59,69.77,,,,,35.23,35.34,72.42,,,,,66.99,57.58,,,,,57.58,66.09,61.86,61.4,59.39,66.26,5.29,-0.44,-31.83,0.05,-26.93,0.94,0.36,0.0,0.04,0.0,0.94,0.0,0.0,0.93,0.1,1.1,2.38,0.0,0.84,14.78,0.01,0.29,0.0,0.0,0.0,0.0,2.14,0.0,0.06,,0.0,100.0,,14.58,0.0,0.0,0.0,0.0,0.0,0.0,0.02,0.0
SE3 2,0.0,0.0,0.0,0.0,0.0,0.0,0.0,0.0,0.0,0.03,0.17,,117.45,87.62,79.59,71.35,,,,,51.26,50.93,74.01,,,,,68.58,,,57.22,,,63.38,68.72,63.17,64.25,60.28,67.44,-0.58,2.18,-12.13,0.15,-10.38,2.01,0.0,0.0,0.09,0.0,2.01,0.04,0.0,1.39,0.15,1.42,3.85,0.0,1.3,0.0,0.13,0.56,0.0,0.0,0.0,0.0,4.57,0.0,0.57,,0.0,100.0,,0.0,0.0,0.0,0.0,0.0,0.0,0.0,0.01,0.0
SE3 3,0.0,5.07,0.0,0.0,0.0,0.0,0.03,0.0,0.0,,0.0,,116.01,86.18,80.82,72.4,,,,,47.54,47.1,75.08,,,,,69.64,45.69,,,,57.3,45.69,54.73,57.51,64.3,57.3,,0.84,-45.71,-59.15,4.47,-99.54,9.03,20.16,0.0,0.42,0.0,9.03,0.87,0.0,5.65,0.03,3.18,0.09,0.0,0.0,65.41,1.42,2.66,35.84,0.0,0.0,0.0,20.51,0.0,6.3,,0.0,0.0,,67.71,0.0,0.0,,0.0,0.0,71.28,0.02,0.0
SE3 4,,0.0,0.0,0.0,0.0,0.0,,,0.0,,,,118.62,88.78,77.46,69.53,,,,,35.88,36.16,72.2,,,,,66.77,,,,,,59.06,,,,,,0.18,0.21,-7.21,-0.05,-6.87,0.57,0.03,0.0,0.03,0.0,0.57,0.0,0.0,0.36,0.06,0.21,2.37,0.0,0.0,0.0,0.0,0.13,0.0,0.0,0.0,0.0,1.3,0.0,0.01,,,,,0.0,0.0,0.0,,0.0,0.0,,,0.0
SE3 5,,0.0,0.0,0.0,0.0,0.0,0.0,0.0,0.0,0.01,,,117.08,87.25,79.44,71.44,,,,,50.88,50.58,74.09,,,,,68.66,,,,,,60.78,,,63.03,61.0,68.27,0.17,0.72,-1.59,-0.07,-0.77,0.99,0.0,0.0,0.05,0.0,0.99,0.0,0.0,0.74,0.1,0.82,1.46,0.0,0.0,0.0,0.02,0.23,0.0,0.0,0.0,0.0,2.25,0.0,0.05,,,,,0.0,0.0,0.0,0.0,0.0,0.0,0.0,0.01,0.0
SE3 6,0.0,0.0,0.0,0.0,0.0,0.0,0.01,0.0,0.0,0.01,0.0,,116.47,86.64,82.6,73.93,,,,,49.22,48.69,76.62,,,,,71.19,,,,,58.9,53.13,54.67,58.09,65.69,58.9,69.72,-5.98,18.45,20.91,1.67,35.05,8.91,0.0,0.0,0.42,0.49,8.91,0.82,0.0,5.43,0.06,2.42,0.66,0.0,0.0,0.0,1.57,2.43,15.02,0.0,0.0,0.0,20.25,0.0,2.89,,0.0,0.04,,0.0,0.0,0.0,0.0,0.0,0.0,35.09,0.02,0.0
SE3 7,0.0,0.0,0.0,0.0,0.0,0.0,0.0,0.0,0.0,0.01,0.06,,118.36,88.53,78.16,70.53,,,,,35.51,35.57,73.2,,,,,67.77,,,59.66,,,63.07,64.5,59.66,62.9,61.07,66.89,0.27,0.36,-12.71,-0.03,-12.11,0.65,0.0,0.0,0.03,0.0,0.65,0.0,0.0,0.45,0.07,0.2,2.18,0.0,1.8,0.0,0.0,0.17,0.0,0.0,0.0,0.01,1.47,0.0,0.01,,0.0,52.97,,0.0,0.0,0.0,0.0,0.0,0.0,0.01,0.03,0.0
SI0 0,0.0,0.0,0.0,0.0,0.0,0.0,0.0,0.0,0.0,0.01,,,117.51,87.68,95.55,87.44,,,,,50.17,49.09,89.68,,,,,84.25,,,,59.28,,94.73,117.16,,59.27,52.13,81.91,1.09,1.78,15.57,1.58,20.02,10.45,0.0,0.0,0.03,0.08,10.45,0.31,0.0,3.45,0.36,4.03,1.78,0.0,0.0,0.0,0.0,1.32,0.0,1.98,0.0,0.0,23.75,0.0,1.17,,0.0,,,0.0,0.0,0.0,0.0,0.0,0.0,0.0,68.82,0.0
SK0 0,,0.0,0.0,0.0,0.0,0.0,0.28,0.01,0.0,0.01,,,118.03,88.19,93.56,85.38,,,,,50.79,49.78,87.81,,,,,82.38,,,,60.39,53.88,78.75,,,60.39,53.88,71.17,1.17,8.79,5.43,3.71,19.1,16.36,0.0,0.0,0.02,3.03,16.36,0.61,0.0,6.23,0.75,6.9,2.45,0.0,0.0,0.0,0.0,3.29,30.57,3.53,0.0,0.0,37.17,0.0,3.05,,,,,0.0,0.0,0.0,0.0,0.0,0.0,30.53,65.04,0.0
EU,,,,,,,,,,,,-326.22,,,,,98.37,-436.54,20.11,104.94,,,,50.01,-371.64,67.61,53.5,,,,,,,,,,,,,,,,,,0.0,0.0,0.0,0.0,0.0,0.0,0.0,0.0,0.0,0.0,0.0,0.0,0.0,0.0,0.0,0.0,0.0,0.0,0.0,0.0,0.0,0.0,0.0,0.0,,,,,,,,,,,,,
fossil,,,,,,,,,,,,,,,,,,,,,,,,,,,,,,,,,,,,,,,,-39.91,0.0,0.0,-312.97,-352.88,,,,,,,,,,,,,,,,,,,,,,,,,,,,,,,,,,,,,
