,curtailment,curtailment,curtailment,curtailment,curtailment,curtailment,curtailment,curtailment,curtailment,curtailment,curtailment,prices,prices,prices,prices,prices,prices,prices,prices,prices,prices,prices,prices,prices,prices,prices,prices,prices,prices,prices,prices,prices,prices,prices,prices,prices,prices,lcoe,lcoe,lcoe,lcoe,lcoe,market_value,market_value,market_value,market_value,market_value,market_value,io,io,io,io,io,capacity,capacity,capacity,capacity,capacity,capacity,capacity,capacity,capacity,capacity,capacity,capacity,capacity,capacity,capacity,capacity,capacity,capacity,capacity,capacity,capacity,capacity,capacity,capacity,capacity,capacity,capacity,capacity,capacity,capacity,capacity,capacity,capacity,capacity,capacity,capacity,capacity,capacity,capacity,capacity,capacity,capacity,capacity,capacity,capacity,capacity,storage,storage,storage,storage,storage,storage,storage,storage,storage,potential_used,potential_used,potential_used,potential_used,potential_used,potential_used,potential_used,potential_used,potential_used,potential_used,potential_used,potential_used,potential_used
,offwind-ac,onwind,residential rural solar thermal,residential urban decentral solar thermal,services rural solar thermal,services urban decentral solar thermal,solar,solar rooftop,urban central solar thermal,ror,offwind-dc,AC,H2,H2 liquid,Li ion,battery,biogas,co2,co2 stored,gas,gas for industry,home battery,low voltage,oil,process emissions,residential rural heat,residential rural water tanks,residential urban decentral heat,residential urban decentral water tanks,services rural heat,services rural water tanks,services urban decentral heat,services urban decentral water tanks,solid biomass,solid biomass for industry,urban central heat,urban central water tanks,onwind,offwind-ac,offwind-dc,solar rooftop,solar,onwind,offwind-ac,offwind-dc,solar rooftop,solar,ror,oil,hydrogen,electricity,gas,total,offwind-ac,offwind-dc,onwind,residential rural solar thermal,residential urban decentral solar thermal,ror,services rural solar thermal,services urban decentral solar thermal,solar,solar rooftop,urban central solar thermal,BEV charger,Fischer-Tropsch,H2 Electrolysis,H2 Fuel Cell,H2 liquefaction,H2 pipeline retrofitted,Sabatier,V2G,battery charger,battery discharger,electricity distribution grid,home battery charger,home battery discharger,residential rural ground heat pump,residential rural resistive heater,residential rural water tanks charger,residential rural water tanks discharger,residential urban decentral air heat pump,residential urban decentral resistive heater,residential urban decentral water tanks charger,residential urban decentral water tanks discharger,services rural ground heat pump,services rural resistive heater,services rural water tanks charger,services rural water tanks discharger,services urban decentral air heat pump,services urban decentral resistive heater,services urban decentral water tanks charger,services urban decentral water tanks discharger,urban central air heat pump,urban central resistive heater,urban central water tanks charger,urban central water tanks discharger,PHS,hydro,H2,Li ion,battery,home battery,residential rural water tanks,residential urban decentral water tanks,services rural water tanks,services urban decentral water tanks,urban central water tanks,gas,offwind-ac,offwind-dc,oil,onwind,residential rural solar thermal,residential urban decentral solar thermal,ror,services rural solar thermal,services urban decentral solar thermal,solar,solar rooftop,urban central solar thermal
AL0 0,0.0,0.0,0.0,0.0,0.0,0.0,0.37,0.02,0.04,,,91.05,84.92,114.75,96.65,92.96,,,,,,96.56,96.49,,,42.48,41.19,55.42,54.5,42.54,41.29,55.58,54.73,,,44.32,42.34,,,,48.28,43.09,121.46,116.83,,56.27,43.09,,-0.12,-7.18,-11.92,0.08,-19.14,0.0,,0.0,0.0,0.0,,0.0,0.0,25.51,2.64,0.39,12.18,0.08,6.48,0.0,0.02,7.19,0.0,12.18,4.27,4.36,0.93,0.0,0.0,0.1,0.19,0.04,0.03,0.05,0.1,0.04,0.03,0.02,0.06,0.05,0.04,0.01,0.03,0.05,0.04,0.03,0.03,0.17,0.16,,,0.0,27.68,32.56,0.0,0.0,0.0,0.0,0.0,0.57,,0.0,,,0.0,0.0,0.0,,0.0,0.0,47.79,100.0,0.0
AT0 0,,0.49,0.0,0.0,0.0,0.0,0.02,0.0,0.0,0.01,,106.18,86.56,116.39,118.37,107.78,,,,,,111.67,111.62,,,52.29,50.93,68.47,67.79,52.34,51.13,68.58,68.28,,,50.67,47.91,82.75,,,61.66,54.82,82.75,,,64.28,54.82,86.24,-2.66,29.17,15.14,6.46,48.11,,,19.07,0.0,0.0,1.98,0.0,0.0,4.66,4.64,0.0,24.42,1.76,0.25,1.57,0.02,10.5,0.0,24.42,0.0,0.0,9.11,0.0,0.0,0.41,0.76,0.04,0.04,0.48,1.08,0.04,0.03,0.23,0.41,0.04,0.04,0.2,0.57,0.04,0.03,0.12,0.85,9.52,7.83,,0.31,0.0,55.51,0.03,0.0,0.0,0.0,0.0,0.0,8.41,,,,,39.42,0.0,0.0,0.0,0.0,0.0,6.17,100.0,0.0
AT0 1,,0.0,0.0,0.0,0.0,0.0,0.14,0.0,0.04,0.0,,111.56,86.41,116.24,125.38,113.22,,,,,,117.01,117.0,,,58.08,56.41,79.2,78.81,58.04,56.59,79.72,80.01,,,49.59,47.32,,,,,55.54,85.08,,,75.13,62.75,92.35,-0.59,2.6,-16.39,0.36,-14.02,,,0.0,0.0,0.0,0.46,0.0,0.0,20.17,0.56,0.38,2.94,0.23,0.0,0.08,0.0,0.58,0.0,2.94,0.38,0.39,1.11,0.0,0.0,0.1,0.15,0.04,0.03,0.02,0.05,0.04,0.03,0.05,0.09,0.04,0.03,0.01,0.03,0.04,0.03,0.0,0.04,0.4,0.3,2.41,1.41,0.0,6.69,2.25,0.0,0.0,0.0,0.0,0.0,0.8,,,,,0.0,0.0,0.0,0.0,0.0,0.0,100.0,100.0,0.0
AT0 2,,0.0,0.0,0.0,0.0,0.0,1.78,0.02,0.0,0.02,,103.82,86.28,116.11,116.69,105.54,,,,,,109.29,109.26,,,54.06,52.4,71.76,71.19,54.07,52.54,71.93,71.64,,,50.58,49.82,,,,61.45,56.4,86.46,,,68.75,56.4,84.09,-3.01,13.14,-14.64,3.4,-1.1,,,0.0,0.0,0.0,2.04,0.0,0.0,48.19,2.82,0.0,14.83,1.71,4.16,0.03,0.01,34.3,0.0,14.83,3.14,3.21,5.93,0.0,0.0,0.52,0.69,0.04,0.04,0.16,0.26,0.04,0.04,0.25,0.4,0.04,0.03,0.07,0.15,0.04,0.04,0.0,0.22,3.46,2.97,1.83,4.42,0.0,33.71,18.47,0.0,0.0,0.0,0.0,0.0,2.37,,,,,0.0,0.0,0.0,0.0,0.0,0.0,70.17,100.0,0.0
BA0 0,,0.0,0.0,0.0,0.0,0.0,0.29,0.02,0.0,,,103.14,85.87,115.7,108.41,104.71,,,,,,108.58,108.57,,,48.33,47.06,63.92,63.17,48.37,47.09,63.97,63.5,,,47.19,44.56,,,,55.52,50.16,110.5,,,58.32,50.16,,-1.08,2.92,0.55,1.16,3.55,,,0.0,0.0,0.0,,0.0,0.0,12.38,3.83,0.01,16.3,0.24,0.08,0.0,0.0,0.02,0.0,16.3,1.35,1.38,2.1,0.0,0.0,0.19,0.35,0.04,0.03,0.05,0.1,0.04,0.03,0.07,0.17,0.04,0.04,0.02,0.05,0.05,0.04,0.01,0.08,0.46,0.33,,,0.0,37.03,10.66,0.0,0.0,0.0,0.0,0.0,0.68,,,,,0.0,0.0,0.0,,0.0,0.0,14.1,100.0,0.0
BE0 0,0.12,0.37,0.0,0.0,0.0,0.0,0.02,0.0,0.0,,0.23,94.86,84.94,114.77,106.91,96.49,,,,,,100.16,100.3,,,46.73,45.68,59.9,59.24,47.02,46.02,60.03,59.55,,,44.12,42.03,39.27,54.49,52.92,65.74,58.28,60.75,66.16,69.82,65.74,58.28,,-1.84,23.14,10.67,4.55,36.53,1.78,2.55,3.34,0.0,0.0,,0.0,0.0,12.08,2.33,0.0,11.29,1.49,3.57,0.0,1.64,10.03,0.0,11.29,0.01,0.01,5.75,0.0,0.0,0.02,0.05,0.05,0.04,0.35,0.93,0.04,0.03,0.05,0.03,0.04,0.03,0.17,0.53,0.04,0.04,0.49,0.85,2.14,1.81,,,0.0,25.66,0.06,0.0,0.0,0.0,0.0,0.0,6.89,,100.0,100.0,,100.0,0.0,0.0,,0.0,0.0,40.63,94.67,0.0
BE0 1,,0.66,0.0,0.0,0.0,0.0,0.07,0.0,0.0,0.0,,108.27,85.41,115.24,121.93,109.61,,,,,,113.61,113.7,,,51.92,50.72,67.69,67.09,51.98,50.87,67.81,67.51,,,45.47,44.02,47.17,,,69.29,61.8,71.63,,,72.02,61.8,126.08,0.32,26.89,-6.26,3.13,24.09,,,8.45,0.0,0.0,0.06,0.0,0.0,10.88,1.97,0.0,9.01,1.29,0.24,0.89,1.31,2.62,0.0,9.01,1.4,1.43,3.69,0.0,0.0,0.1,0.14,0.04,0.04,0.23,0.31,0.04,0.03,0.08,0.11,0.04,0.04,0.11,0.23,0.04,0.04,0.14,0.62,5.37,4.42,1.16,0.01,0.0,20.47,11.88,0.0,0.0,0.0,0.0,0.0,6.45,,,,,100.0,0.0,0.0,0.0,0.0,0.0,38.33,100.0,0.0
BE0 2,,0.07,0.0,0.0,0.0,0.0,0.17,0.0,0.0,0.0,,111.21,85.12,114.95,125.24,112.65,,,,,,116.51,116.65,,,51.5,50.36,67.56,67.06,52.52,52.62,67.65,67.44,,,43.69,41.89,44.19,,,66.92,59.9,77.07,,,71.69,59.9,131.61,-10.65,52.04,9.17,5.41,55.96,,,1.3,0.0,0.0,0.0,0.0,0.0,17.23,2.94,0.0,13.45,2.64,0.0,2.63,1.95,11.76,0.0,13.45,1.98,2.02,4.92,0.0,0.0,0.0,0.0,0.03,0.02,0.4,0.79,0.04,0.03,0.05,0.01,0.04,0.03,0.19,0.53,0.04,0.03,0.24,0.8,11.49,9.66,,,0.0,30.56,12.98,0.0,0.0,0.0,0.0,0.0,11.22,,,,,100.0,0.0,0.0,0.0,0.0,0.0,80.53,100.0,0.0
BE0 3,,0.03,0.0,0.0,0.0,0.0,0.24,0.0,0.0,,,108.27,85.28,115.11,121.89,109.81,,,,,,113.57,113.7,,,50.91,49.76,65.85,65.25,51.19,50.05,65.9,65.65,,,44.73,43.14,,,,67.4,61.34,71.03,,,71.38,61.34,,5.47,19.7,9.17,4.48,38.82,,,0.45,0.0,0.0,,0.0,0.0,10.28,1.42,0.0,6.52,0.84,0.0,0.67,0.95,2.75,0.0,6.52,0.04,0.05,2.97,0.0,0.0,0.03,0.04,0.05,0.04,0.19,0.33,0.04,0.03,0.04,0.03,0.04,0.03,0.09,0.22,0.04,0.04,0.15,0.41,4.86,4.06,,,0.0,14.81,0.27,0.0,0.0,0.0,0.0,0.0,4.43,,,,,100.0,0.0,0.0,,0.0,0.0,89.87,100.0,0.0
BE0 4,,0.03,0.0,0.0,0.0,0.0,0.31,0.0,0.0,,,112.83,85.17,115.0,126.9,114.09,,,,,,118.08,118.26,,,51.83,50.8,67.6,67.08,52.81,52.84,67.67,67.44,,,43.27,41.11,,,,66.85,61.11,80.15,,,74.18,64.21,,5.32,39.3,15.43,7.01,67.06,,,0.5,0.0,0.0,,0.0,0.0,11.69,2.25,0.0,10.29,1.58,0.0,2.81,1.5,6.43,0.0,10.29,1.15,1.18,4.6,0.0,0.0,0.0,0.01,0.03,0.03,0.31,0.72,0.04,0.03,0.04,0.01,0.04,0.03,0.14,0.45,0.04,0.03,0.22,0.69,9.25,7.59,,,0.0,23.39,7.73,0.0,0.0,0.0,0.0,0.0,12.88,,,,,100.0,0.0,0.0,,0.0,0.0,100.0,100.0,0.0
BG0 0,0.0,0.17,0.0,0.0,0.0,0.0,0.22,0.01,0.01,0.0,0.0,94.0,85.67,115.5,101.81,95.67,,,,,,99.4,99.43,,,43.38,42.42,59.22,58.78,43.5,42.48,59.36,59.09,,,46.7,43.63,86.26,,,50.35,44.94,86.26,93.6,92.05,52.65,44.94,87.15,1.22,0.43,-2.16,2.12,1.61,0.0,0.0,6.12,0.0,0.0,0.02,0.0,0.0,16.68,3.07,0.2,11.4,0.28,3.53,0.0,0.03,1.37,0.0,11.4,1.72,1.75,2.98,0.0,0.0,0.14,0.33,0.04,0.03,0.14,0.36,0.04,0.03,0.06,0.12,0.04,0.03,0.05,0.14,0.04,0.04,0.11,0.17,0.63,0.67,,0.32,0.0,25.91,15.11,0.0,0.0,0.0,0.0,0.0,2.89,,0.0,0.25,,8.73,0.0,0.0,0.0,0.0,0.0,12.4,100.0,0.0
BG0 1,,0.0,0.0,0.0,0.0,0.0,0.15,0.02,0.06,,,94.77,85.33,115.16,102.48,96.49,,,,,,100.27,100.21,,,45.76,44.4,61.3,60.65,45.9,44.65,61.5,61.07,,,45.98,42.84,,,,50.68,45.04,88.21,,,52.59,45.04,,0.17,4.3,-0.64,1.99,5.83,,,0.0,0.0,0.0,,0.0,0.0,21.43,4.29,0.88,15.94,0.73,3.17,0.0,0.05,1.19,0.0,15.94,1.2,1.22,3.42,0.0,0.0,0.17,0.34,0.04,0.03,0.2,0.44,0.04,0.03,0.08,0.14,0.04,0.03,0.06,0.17,0.04,0.04,0.08,0.19,1.13,0.83,1.4,1.17,0.0,36.22,10.57,0.0,0.0,0.0,0.0,0.0,2.69,,,,,0.0,0.0,0.0,,0.0,0.0,21.58,100.0,0.0
CH0 0,,0.0,0.0,0.0,0.0,0.0,3.19,0.01,0.32,0.02,,102.72,85.98,115.81,114.82,104.38,,,,,,108.24,108.15,,,52.81,51.17,71.44,70.9,52.76,51.27,71.65,71.56,,,49.16,48.14,,,,58.66,55.69,95.37,,,65.62,55.93,78.84,-1.52,14.72,-27.37,4.96,-9.22,,,0.0,0.0,0.0,1.7,0.0,0.0,46.84,2.75,1.71,13.53,2.17,4.26,0.0,0.01,6.75,0.0,13.53,5.67,5.79,3.87,0.0,0.0,0.21,0.29,0.04,0.03,0.24,0.4,0.04,0.03,0.08,0.16,0.05,0.04,0.09,0.21,0.04,0.03,0.0,0.17,4.08,3.4,1.59,5.64,0.0,30.74,33.36,0.0,0.0,0.0,0.0,0.0,2.8,,,,,0.0,0.0,0.0,0.0,0.0,0.0,100.0,100.0,0.0
CH0 1,,0.0,0.0,0.0,0.0,0.0,1.63,0.01,0.72,0.02,,105.37,86.17,116.01,117.92,107.12,,,,,,110.97,110.81,,,54.52,52.86,74.24,73.79,54.48,52.94,74.51,74.56,,,49.69,48.39,,,,61.53,56.86,98.57,,,67.9,56.86,82.53,-12.08,37.13,-19.9,6.19,11.35,,,0.0,0.0,0.0,3.58,0.0,0.0,41.83,5.11,4.19,25.15,4.16,0.0,0.03,0.03,30.83,0.0,25.15,0.84,0.86,6.16,0.0,0.0,0.33,0.5,0.04,0.03,0.42,0.8,0.03,0.03,0.13,0.28,0.04,0.03,0.17,0.42,0.04,0.03,0.0,0.34,6.36,5.14,2.26,4.26,0.0,57.15,4.94,0.0,0.0,0.0,0.0,0.0,6.08,,,,,0.0,0.0,0.0,0.0,0.0,0.0,54.17,100.0,0.0
CZ0 0,,2.35,0.0,0.0,0.0,0.0,0.0,0.0,0.0,,,106.72,86.23,116.06,117.6,107.4,,,,,,112.18,112.16,,,52.8,51.45,69.03,68.41,52.84,51.7,69.31,69.24,,,48.68,46.55,71.1,,,,,71.1,,,69.25,62.11,,-3.64,7.87,-10.78,0.27,-6.28,,,29.61,0.0,0.0,,0.0,0.0,0.0,0.0,0.0,13.33,1.06,4.67,1.23,0.0,5.81,0.0,13.33,0.0,0.0,5.01,0.0,0.0,0.27,0.4,0.04,0.04,0.3,0.57,0.04,0.04,0.14,0.22,0.04,0.04,0.11,0.29,0.05,0.04,0.14,1.09,4.97,3.97,0.48,0.03,0.0,30.29,0.01,0.0,0.0,0.0,0.0,0.0,7.34,,,,,78.71,0.0,0.0,,0.0,0.0,0.0,0.04,0.0
CZ0 1,,1.21,0.0,0.0,0.0,0.0,0.12,0.0,0.0,,,106.68,86.22,116.05,116.88,107.38,,,,,,112.09,112.11,,,52.51,51.34,69.06,68.63,52.63,51.57,69.22,69.15,,,48.44,47.12,71.78,,,,59.43,79.61,,,67.29,59.43,,0.65,13.44,-5.07,0.12,9.14,,,10.85,0.0,0.0,,0.0,0.0,17.58,0.39,0.0,9.04,0.84,1.32,1.09,0.0,2.37,0.0,9.04,0.01,0.01,4.34,0.0,0.0,0.09,0.11,0.05,0.04,0.24,0.42,0.04,0.03,0.06,0.06,0.04,0.04,0.09,0.21,0.05,0.04,0.11,0.89,4.09,3.31,0.65,0.0,0.0,20.54,0.04,0.0,0.0,0.0,0.0,0.0,5.53,,,,,100.0,0.0,0.0,,0.0,0.0,54.12,17.66,0.0
CZ0 2,,0.0,0.0,0.0,0.0,0.0,0.42,0.03,0.0,0.0,,110.53,86.09,115.92,122.13,111.33,,,,,,115.99,115.96,,,54.26,52.97,71.0,70.47,54.3,53.25,71.3,71.38,,,47.84,45.61,,,,68.21,62.56,84.43,,,68.21,62.56,98.5,-4.81,22.59,28.32,6.12,52.22,,,0.0,0.0,0.0,0.04,0.0,0.0,12.18,4.1,0.0,20.47,1.48,0.0,2.42,0.0,12.7,0.0,20.47,0.0,0.0,7.4,0.0,0.0,0.65,1.15,0.05,0.04,0.37,0.84,0.04,0.04,0.3,0.62,0.05,0.04,0.13,0.41,0.05,0.04,0.16,1.18,6.9,5.54,0.07,0.66,0.0,46.53,0.01,0.0,0.0,0.0,0.0,0.0,12.79,,,,,0.0,0.0,0.0,0.0,0.0,0.0,13.02,82.73,0.0
DE0 0,,0.79,0.0,0.0,0.0,0.0,0.0,0.01,0.0,,,109.0,85.37,115.2,120.69,109.98,,,,,,114.18,114.43,,,51.85,50.67,66.88,66.27,51.84,50.77,67.01,66.79,,,44.88,43.61,47.48,,,,,70.24,,,72.05,65.7,,46.92,2.13,-12.81,19.9,56.14,,,8.56,0.0,0.0,,0.0,0.0,0.02,0.82,0.0,4.12,0.2,1.01,0.39,0.03,27.26,0.0,4.12,0.01,0.01,1.08,0.0,0.0,0.14,0.2,0.05,0.04,0.05,0.08,0.05,0.04,0.06,0.12,0.05,0.04,0.02,0.04,0.05,0.04,0.04,0.19,0.6,0.47,,,1809.95,9.36,0.04,0.0,0.0,0.0,0.0,0.0,1.68,,,,,100.0,0.0,0.0,,0.0,0.0,0.12,100.0,0.0
DE0 1,,0.0,0.0,0.0,0.0,0.0,0.25,0.02,0.0,0.0,,114.32,86.06,115.89,127.25,115.86,,,,,,119.86,119.75,,,54.66,53.25,71.01,70.44,54.68,53.55,71.1,71.05,,,47.45,45.25,,,,69.28,63.05,86.07,,,71.85,63.05,116.07,11.84,12.47,9.73,8.04,42.08,,,0.0,0.0,0.0,0.03,0.0,0.0,8.92,2.19,0.0,10.99,0.72,0.0,1.46,0.09,25.15,0.0,10.99,0.01,0.01,3.14,0.0,0.0,0.23,0.28,0.05,0.04,0.19,0.23,0.05,0.04,0.1,0.17,0.05,0.04,0.08,0.14,0.05,0.04,0.09,0.47,3.16,2.47,0.16,,0.0,24.97,0.04,0.0,0.0,0.0,0.0,0.0,5.67,,,,,0.01,0.0,0.0,0.0,0.0,0.0,28.85,100.0,0.0
DE0 10,,1.3,0.0,0.0,0.0,0.0,0.05,0.01,0.0,0.01,,109.23,85.53,115.36,120.78,110.16,,,,,,114.61,114.66,,,52.71,51.43,68.11,67.53,52.77,51.68,68.23,68.02,,,45.61,44.6,53.58,,,71.15,63.38,66.23,,,71.59,63.38,111.34,-2.94,15.16,-9.23,4.77,7.76,,,16.52,0.0,0.0,0.08,0.0,0.0,7.88,2.97,0.0,14.9,1.56,5.54,2.52,0.12,19.37,0.0,14.9,0.0,0.0,4.44,0.0,0.0,0.07,0.07,0.05,0.04,0.33,0.44,0.04,0.03,0.04,0.05,0.05,0.04,0.14,0.27,0.04,0.04,0.21,1.19,5.03,3.99,0.14,,0.0,33.86,0.02,0.0,0.0,0.0,0.0,0.0,9.69,,,,,100.0,0.0,0.0,0.0,0.0,0.0,21.9,100.0,0.0
DE0 11,0.0,2.25,0.0,0.0,0.0,0.0,0.0,0.0,0.0,,0.2,70.77,85.07,114.9,81.56,70.73,,,,,,76.24,76.2,,,40.97,39.7,50.84,50.22,40.9,39.67,50.96,50.39,,,42.41,42.13,42.11,,49.15,,,45.69,53.32,49.15,67.11,63.69,,5.05,-91.75,-1.85,2.26,-86.3,0.0,29.95,16.82,0.0,0.0,,0.0,0.0,0.0,0.0,0.0,10.46,0.0,33.88,0.0,0.08,16.14,0.0,10.46,0.0,0.0,5.14,0.0,0.0,0.32,0.61,0.04,0.04,0.16,0.37,0.04,0.04,0.13,0.3,0.05,0.04,0.07,0.17,0.05,0.04,0.31,0.79,1.17,1.48,,,2460.94,23.78,0.0,0.0,0.0,0.0,0.0,0.0,6.14,,0.01,78.34,,100.0,0.0,0.0,,0.0,0.0,0.0,0.01,0.0
DE0 12,,0.72,0.0,0.0,0.0,0.0,0.03,0.0,0.0,0.0,,104.87,85.5,115.33,116.2,105.72,,,,,,110.35,110.3,,,51.56,50.45,66.71,66.18,51.54,50.51,66.96,66.73,,,45.61,44.43,61.31,,,,61.51,61.31,,,70.01,61.51,109.75,-3.03,24.66,-14.49,8.89,16.02,,,13.79,0.0,0.0,0.0,0.0,0.0,26.26,0.02,0.0,24.49,1.99,0.0,1.41,0.19,4.36,0.0,24.49,0.0,0.0,6.61,0.0,0.0,0.37,0.53,0.04,0.04,0.46,0.9,0.04,0.03,0.16,0.32,0.05,0.04,0.18,0.49,0.04,0.04,0.27,1.59,5.51,4.24,,,0.0,55.66,0.01,0.0,0.0,0.0,0.0,0.0,11.59,,,,,65.9,0.0,0.0,0.0,0.0,0.0,64.62,0.4,0.0
DE0 13,,0.02,0.0,0.0,0.0,0.0,0.07,0.0,0.0,0.0,,113.18,86.2,116.03,126.75,114.79,,,,,,118.6,118.61,,,53.54,52.23,71.05,70.63,53.55,52.32,71.17,71.11,,,48.34,45.92,91.29,,,65.4,58.62,91.29,,,70.66,58.62,114.24,-6.37,27.52,12.29,6.23,39.67,,,7.23,0.0,0.0,0.03,0.0,0.0,6.35,4.62,0.0,23.14,2.24,0.0,1.59,0.18,6.87,0.0,23.14,0.01,0.01,5.06,0.0,0.0,0.16,0.29,0.03,0.03,0.51,1.12,0.03,0.03,0.08,0.16,0.03,0.03,0.22,0.58,0.03,0.03,0.13,0.19,7.38,5.95,0.09,,0.0,52.59,0.04,0.0,0.0,0.0,0.0,0.0,13.17,,,,,46.39,0.0,0.0,0.0,0.0,0.0,16.61,100.0,0.0
DE0 14,,0.16,0.0,0.0,0.0,0.0,0.02,0.0,0.0,0.0,,110.46,85.86,115.69,122.09,111.25,,,,,,115.84,115.89,,,54.22,53.01,70.56,70.1,54.23,53.36,70.96,71.06,,,46.52,45.0,65.57,,,70.15,62.57,65.57,,,70.32,62.57,113.11,1.17,2.77,-0.89,0.1,3.15,,,4.06,0.0,0.0,0.01,0.0,0.0,3.85,1.02,0.0,5.12,0.14,0.0,0.22,0.04,0.9,0.0,5.12,0.0,0.0,1.54,0.0,0.0,0.26,0.26,0.04,0.04,0.02,0.03,0.04,0.04,0.11,0.17,0.04,0.04,0.01,0.02,0.04,0.03,0.01,0.11,0.36,0.26,0.08,,0.0,11.65,0.02,0.0,0.0,0.0,0.0,0.0,1.13,,,,,34.14,0.0,0.0,0.0,0.0,0.0,15.57,100.0,0.0
DE0 15,0.0,0.56,0.0,0.0,0.0,0.0,0.02,0.0,0.0,0.0,1.08,81.5,85.14,114.98,92.02,81.56,,,,,,86.98,86.93,,,45.32,44.03,56.21,55.49,45.28,44.04,56.28,55.76,,,45.72,44.34,39.01,,52.18,,62.04,49.23,60.75,59.65,68.64,62.04,87.27,-2.94,-24.07,-3.08,7.28,-22.82,0.0,4.19,31.9,0.0,0.0,0.0,0.0,0.0,19.24,0.0,0.0,24.28,1.98,20.65,0.0,0.19,5.17,0.0,24.28,0.0,0.0,8.79,0.0,0.0,0.46,0.76,0.04,0.04,0.5,0.96,0.04,0.03,0.2,0.42,0.04,0.03,0.22,0.47,0.04,0.03,0.79,1.6,2.77,2.79,0.12,,1680.01,55.17,0.0,0.0,0.0,0.0,0.0,0.0,17.2,,0.0,100.0,,100.0,0.0,0.0,0.0,0.0,0.0,22.88,0.01,0.0
DE0 16,,0.0,0.0,0.0,0.0,0.0,0.02,0.0,0.0,0.0,,113.17,86.31,116.14,126.9,114.7,,,,,,118.64,118.6,,,54.26,52.92,71.85,71.43,54.24,52.95,71.97,71.88,,,48.72,46.25,,,,65.33,58.01,95.37,,,70.0,58.01,113.87,-2.9,16.75,14.19,5.46,33.49,,,0.0,0.0,0.0,0.24,0.0,0.0,7.58,2.76,0.0,13.85,1.37,0.0,0.93,0.11,5.72,0.0,13.85,0.0,0.0,3.84,0.0,0.0,0.15,0.28,0.04,0.03,0.27,0.6,0.03,0.03,0.07,0.15,0.04,0.03,0.12,0.31,0.03,0.03,0.08,0.19,5.12,4.13,,0.05,0.0,31.48,0.02,0.0,0.0,0.0,0.0,0.0,5.75,,,,,0.0,0.0,0.0,0.0,0.0,0.0,15.6,100.0,0.0
DE0 17,,1.28,0.0,0.0,0.0,0.0,0.21,0.0,0.0,0.01,,111.68,85.92,115.75,124.04,113.16,,,,,,117.04,117.11,,,53.23,52.0,69.26,68.82,53.25,52.1,69.38,69.22,,,46.88,44.78,66.97,,,67.7,60.33,73.1,,,70.35,60.33,113.1,-4.8,14.87,-18.61,4.07,-4.46,,,21.88,0.0,0.0,0.15,0.0,0.0,37.06,3.21,0.0,16.09,1.21,6.2,2.01,0.13,5.2,0.0,16.09,3.17,3.23,6.07,0.0,0.0,0.27,0.33,0.04,0.04,0.31,0.35,0.04,0.03,0.12,0.2,0.04,0.04,0.13,0.21,0.04,0.04,0.14,0.94,3.97,3.19,,,0.0,36.57,24.28,0.0,0.0,0.0,0.0,0.0,9.83,,,,,100.0,0.0,0.0,0.0,0.0,0.0,88.88,100.0,0.0
DE0 18,,2.17,0.0,0.0,0.0,0.0,0.0,0.0,0.0,0.0,,105.33,85.68,115.52,116.83,106.25,,,,,,110.81,110.76,,,51.86,50.64,67.49,66.96,51.84,50.76,67.74,67.59,,,46.41,45.23,65.04,,,,,65.04,,,71.42,64.08,108.42,1.55,5.28,4.44,4.11,15.38,,,16.61,0.0,0.0,0.04,0.0,0.0,0.0,0.0,0.0,12.19,0.65,3.08,0.45,0.1,6.19,0.0,12.19,0.0,0.0,4.23,0.0,0.0,0.46,0.73,0.04,0.04,0.12,0.27,0.04,0.03,0.19,0.43,0.04,0.04,0.05,0.15,0.05,0.04,0.06,0.53,1.66,1.28,0.04,,0.0,27.7,0.01,0.0,0.0,0.0,0.0,0.0,3.58,,,,,85.48,0.0,0.0,0.0,0.0,0.0,0.01,0.1,0.0
DE0 19,,0.04,0.0,0.0,0.0,0.0,0.1,0.0,0.0,0.0,,110.07,85.9,115.73,122.3,111.01,,,,,,115.56,115.5,,,54.12,52.96,70.81,70.28,54.17,53.13,71.08,71.18,,,46.94,44.86,,,,70.99,63.49,71.67,,,71.6,63.49,112.63,1.38,10.36,11.94,2.8,26.48,,,0.66,0.0,0.0,0.01,0.0,0.0,11.2,2.1,0.0,10.54,0.81,0.0,0.55,0.08,1.35,0.0,10.54,0.0,0.0,3.47,0.0,0.0,0.3,0.3,0.04,0.04,0.13,0.16,0.04,0.03,0.13,0.21,0.05,0.04,0.05,0.1,0.05,0.04,0.05,0.44,2.53,2.11,1.51,,0.0,23.96,0.01,0.0,0.0,0.0,0.0,0.0,2.93,,,,,3.2,0.0,0.0,0.0,0.0,0.0,28.17,100.0,0.0
DE0 2,,0.0,0.0,0.0,0.0,0.0,0.0,0.08,0.0,0.04,,107.74,85.99,115.83,120.95,109.19,,,,,,113.14,113.17,,,51.74,50.42,68.89,68.34,51.75,50.42,69.02,68.8,,,48.15,45.64,,,,66.53,,92.22,,,70.56,63.46,106.26,-3.24,14.58,13.64,3.53,28.51,,,0.0,0.0,0.0,0.35,0.0,0.0,0.0,2.2,0.0,11.03,1.38,0.0,0.28,0.09,6.42,0.0,11.03,0.0,0.0,2.63,0.0,0.0,0.09,0.15,0.04,0.04,0.25,0.48,0.04,0.03,0.04,0.08,0.04,0.03,0.11,0.25,0.04,0.03,0.04,0.08,4.22,3.37,2.7,,0.0,25.07,0.01,0.0,0.0,0.0,0.0,0.0,5.0,,,,,0.0,0.0,0.0,0.0,0.0,0.0,0.01,100.0,0.0
DE0 20,,0.52,0.0,0.0,0.0,0.0,0.12,0.0,0.0,0.01,,107.36,85.84,115.67,119.01,108.12,,,,,,112.88,112.79,,,52.84,51.66,69.14,68.65,52.85,51.76,69.4,69.36,,,46.81,45.09,71.08,,,70.29,63.59,71.08,,,70.29,63.59,110.15,-2.7,13.62,11.09,4.22,26.23,,,2.94,0.0,0.0,0.06,0.0,0.0,6.7,1.31,0.0,10.57,1.09,0.0,0.67,0.08,11.52,0.0,10.57,0.0,0.0,3.61,0.0,0.0,0.15,0.2,0.05,0.04,0.18,0.34,0.04,0.03,0.07,0.12,0.05,0.04,0.07,0.19,0.05,0.04,0.09,0.61,3.3,2.75,1.05,,0.0,24.01,0.01,0.0,0.0,0.0,0.0,0.0,3.73,,,,,36.71,0.0,0.0,0.0,0.0,0.0,21.45,62.24,0.0
DE0 21,,1.53,0.0,0.0,0.0,0.0,0.08,0.0,0.0,0.0,,107.69,85.43,115.27,118.81,108.8,,,,,,113.02,113.13,,,52.09,50.88,67.03,66.61,52.09,51.08,67.14,67.02,,,45.18,44.05,55.0,,,70.91,63.17,63.77,,,70.91,63.17,110.67,-5.01,7.77,-8.52,6.3,0.54,,,19.76,0.0,0.0,0.03,0.0,0.0,12.21,2.86,0.0,14.42,1.14,6.71,1.94,0.11,49.81,0.0,14.42,0.35,0.36,5.13,0.0,0.0,0.2,0.3,0.04,0.04,0.28,0.57,0.04,0.03,0.09,0.17,0.05,0.04,0.11,0.29,0.04,0.03,0.24,1.1,6.98,5.44,,,3105.57,32.78,3.1,0.0,0.0,0.0,0.0,0.0,10.16,,,,,100.0,0.0,0.0,0.0,0.0,0.0,23.99,99.38,0.0
DE0 22,,0.0,0.0,0.0,0.0,0.0,0.31,0.0,0.0,0.01,,113.94,86.08,115.92,127.45,115.64,,,,,,119.32,119.38,,,52.92,51.67,69.16,68.56,53.1,51.96,69.24,68.97,,,47.89,45.6,,,,65.52,59.25,89.47,,,70.94,59.25,114.83,-9.76,27.37,22.79,4.02,44.42,,,0.0,0.0,0.0,0.24,0.0,0.0,16.86,3.6,0.0,18.05,1.88,0.0,1.94,0.14,13.7,0.0,18.05,1.29,1.32,6.14,0.0,0.0,0.02,0.03,0.05,0.04,0.49,0.6,0.04,0.04,0.02,0.02,0.04,0.03,0.2,0.36,0.04,0.04,0.14,0.14,7.8,6.26,0.04,,0.0,41.02,7.61,0.0,0.0,0.0,0.0,0.0,10.57,,,,,0.0,0.0,0.0,0.0,0.0,0.0,77.66,100.0,0.0
DE0 23,0.0,3.64,0.0,0.0,0.0,0.0,0.02,0.0,0.0,0.0,,86.5,85.31,115.14,96.76,86.71,,,,,,91.95,91.93,,,46.44,45.14,58.62,57.89,46.43,45.3,58.67,58.3,,,45.56,44.79,51.39,,,,61.52,51.39,63.75,,67.79,61.52,91.49,1.08,-18.03,-9.75,0.37,-26.32,0.0,,20.92,0.0,0.0,0.0,0.0,0.0,6.81,0.0,0.0,5.26,0.12,11.1,0.0,0.04,5.51,0.0,5.26,0.0,0.0,1.85,0.0,0.0,0.31,0.44,0.04,0.04,0.02,0.03,0.06,0.05,0.13,0.27,0.05,0.04,0.01,0.02,0.05,0.04,0.02,0.1,0.15,0.15,,,1108.24,11.95,0.0,0.0,0.0,0.0,0.0,0.0,0.91,,0.01,,,84.73,0.0,0.0,0.0,0.0,0.0,13.07,0.02,0.0
DE0 24,,1.63,0.0,0.0,0.0,0.0,0.01,0.0,0.0,0.0,,107.63,85.72,115.55,119.5,108.56,,,,,,113.14,113.06,,,52.81,51.54,68.6,67.97,52.83,51.65,68.69,68.43,,,46.52,44.93,64.33,,,71.02,63.14,65.42,,,71.08,63.14,111.62,-1.02,1.87,-7.02,1.9,-4.27,,,11.99,0.0,0.0,0.0,0.0,0.0,2.47,1.29,0.0,6.46,0.4,2.38,0.36,0.05,,0.0,6.46,0.0,0.0,1.83,0.0,0.0,0.22,0.23,0.04,0.04,0.07,0.09,0.04,0.04,0.09,0.16,0.04,0.04,0.03,0.06,0.05,0.04,0.04,0.25,0.96,0.75,0.58,0.02,0.0,14.68,0.01,0.0,0.0,0.0,0.0,0.0,2.0,,,,,100.0,0.0,0.0,0.0,0.0,0.0,11.17,99.99,0.0
DE0 25,,0.01,0.0,0.0,0.0,0.0,0.28,0.01,0.0,0.02,,115.56,86.19,116.02,127.7,117.15,,,,,,120.93,120.99,,,55.69,54.52,72.32,71.94,55.72,54.77,72.63,72.76,,,47.28,46.03,,,,,63.62,92.08,,,70.61,63.62,118.57,2.42,1.88,3.7,0.61,8.62,,,0.18,0.0,0.0,0.16,0.0,0.0,6.39,0.82,0.0,4.09,0.05,0.0,0.21,0.03,29.31,0.0,4.09,0.18,0.18,1.58,0.0,0.0,0.22,0.23,0.09,0.08,0.01,0.02,0.06,0.05,0.09,0.14,0.11,0.09,0.01,0.01,0.04,0.04,0.01,0.07,0.25,0.2,0.04,,0.0,9.29,1.03,0.0,0.0,0.0,0.0,0.0,0.99,,,,,1.39,0.0,0.0,0.0,0.0,0.0,34.95,100.0,0.0
DE0 26,,0.33,0.0,0.0,0.0,0.0,0.0,0.0,0.0,0.0,,113.46,85.62,115.45,125.68,114.7,,,,,,118.84,118.89,,,53.46,52.19,69.43,68.94,54.18,53.97,69.56,69.52,,,45.78,44.16,53.22,,,71.41,,76.26,,,73.23,65.32,114.92,-13.72,49.95,24.07,9.31,69.61,,,7.44,0.0,0.0,0.02,0.0,0.0,0.01,5.66,0.0,28.36,3.12,0.0,5.44,0.23,23.66,0.0,28.36,0.01,0.01,8.25,0.0,0.0,0.0,0.0,0.03,0.03,0.7,0.79,0.04,0.03,0.02,0.0,0.03,0.03,0.29,0.52,0.04,0.04,0.37,1.85,12.43,10.19,0.17,,0.0,64.45,0.05,0.0,0.0,0.0,0.0,0.0,17.06,,,,,100.0,0.0,0.0,0.0,0.0,0.0,0.05,100.0,0.0
DE0 27,,0.08,0.0,0.0,0.0,0.0,0.0,0.0,0.0,0.0,,113.53,85.92,115.75,126.2,115.02,,,,,,118.92,118.96,,,54.28,53.08,70.75,70.51,54.27,53.19,70.86,70.97,,,47.06,45.1,78.66,,,67.97,,78.66,,,70.49,61.41,114.34,7.94,7.91,1.09,3.34,20.28,,,9.42,0.0,0.0,0.07,0.0,0.0,0.02,1.62,0.0,8.14,0.5,0.0,0.75,0.06,21.01,0.0,8.14,0.0,0.0,2.52,0.0,0.0,0.25,0.28,0.04,0.03,0.11,0.13,0.04,0.03,0.11,0.18,0.04,0.04,0.04,0.08,0.04,0.04,0.04,0.3,1.9,1.53,0.16,,0.0,18.5,0.02,0.0,0.0,0.0,0.0,0.0,3.01,,,,,60.95,0.0,0.0,0.0,0.0,0.0,0.08,100.0,0.0
DE0 3,0.47,0.54,0.0,0.0,0.0,0.0,0.02,0.0,0.0,,0.5,83.74,85.21,115.04,94.18,83.8,,,,,,89.17,89.16,,,45.9,44.63,57.45,56.74,45.92,44.79,57.37,56.88,,,45.18,44.38,43.55,54.9,57.46,,59.95,47.65,58.29,63.56,65.63,59.95,,3.78,-31.76,-21.92,1.37,-48.54,6.06,1.84,16.68,0.0,0.0,,0.0,0.0,7.97,0.0,0.0,4.0,0.06,14.95,0.0,0.03,4.12,0.0,4.0,0.0,0.0,1.26,0.0,0.0,0.25,0.39,0.04,0.04,0.0,0.01,0.04,0.03,0.11,0.23,0.05,0.04,0.0,0.0,0.02,0.02,0.0,0.03,0.05,0.04,,,1093.04,9.08,0.0,0.0,0.0,0.0,0.0,0.0,0.31,,100.0,100.0,,100.0,0.0,0.0,,0.0,0.0,21.31,0.03,0.0
DE0 4,,1.89,0.0,0.0,0.0,0.0,0.03,0.0,0.0,0.01,,103.18,85.5,115.34,114.57,103.95,,,,,,108.57,108.61,,,51.52,50.33,66.11,65.59,51.52,50.52,66.34,66.22,,,45.85,44.07,60.76,,,70.43,62.42,60.76,,,70.43,62.42,106.31,3.28,12.55,4.98,6.62,27.42,,,16.09,0.0,0.0,0.05,0.0,0.0,16.94,2.93,0.0,18.65,1.49,4.46,0.43,0.15,5.84,0.0,18.65,0.0,0.0,6.45,0.0,0.0,0.38,0.53,0.04,0.04,0.32,0.56,0.04,0.03,0.17,0.32,0.05,0.04,0.13,0.31,0.04,0.04,0.25,0.99,2.6,2.18,0.22,,0.0,42.39,0.01,0.0,0.0,0.0,0.0,0.0,7.11,,,,,56.46,0.0,0.0,0.0,0.0,0.0,26.77,78.75,0.0
DE0 5,,0.0,0.0,0.0,0.0,0.0,0.47,0.0,0.0,0.0,,113.17,85.97,115.8,125.96,114.9,,,,,,118.57,118.6,,,53.59,52.18,69.71,69.47,53.88,52.79,69.82,69.8,,,47.23,45.13,,,,67.14,61.04,80.28,,,71.06,61.04,115.63,-8.82,35.75,16.6,7.51,51.03,,,0.0,0.0,0.0,0.0,0.0,0.0,21.3,4.87,0.0,24.38,2.6,0.0,2.96,0.19,5.2,0.0,24.38,0.03,0.03,6.5,0.0,0.0,0.01,0.01,0.05,0.04,0.64,0.73,0.04,0.03,0.02,0.01,0.04,0.03,0.26,0.46,0.04,0.03,0.26,0.92,11.19,9.27,,,0.0,55.41,0.18,0.0,0.0,0.0,0.0,0.0,12.7,,,,,0.03,0.0,0.0,0.0,0.0,0.0,67.0,100.0,0.0
DE0 6,,0.0,0.0,0.0,0.0,0.0,0.72,0.01,0.0,0.01,,116.79,86.4,116.23,130.05,118.5,,,,,,122.17,122.23,,,55.46,54.06,72.15,71.55,55.42,54.19,72.41,72.49,,,48.21,46.36,,,,64.81,60.54,101.63,,,67.88,60.54,117.58,20.08,5.13,3.16,7.48,35.85,,,0.0,0.0,0.0,0.79,0.0,0.0,14.48,1.67,0.0,8.36,0.16,0.0,0.51,0.07,29.44,0.0,8.36,2.32,2.37,3.11,0.0,0.0,0.42,0.45,0.03,0.03,0.04,0.05,0.04,0.03,0.17,0.28,0.03,0.03,0.02,0.03,0.04,0.03,0.02,0.15,0.82,0.67,,,0.0,19.0,15.92,0.0,0.0,0.0,0.0,0.0,2.06,,,,,0.0,0.0,0.0,0.0,0.0,0.0,32.85,100.0,0.0
DE0 7,,0.26,0.0,0.0,0.0,0.0,0.12,0.0,0.0,0.0,,113.57,85.71,115.55,125.81,114.83,,,,,,119.02,119.0,,,53.07,51.9,68.94,68.51,53.11,52.06,69.05,68.98,,,46.1,44.46,52.34,,,69.13,61.41,75.32,,,72.89,63.27,114.96,-14.48,81.13,35.77,13.67,116.1,,,11.65,0.0,0.0,0.03,0.0,0.0,45.25,7.78,0.0,38.96,4.32,0.0,6.96,0.31,25.75,0.0,38.96,0.02,0.02,15.88,0.0,0.0,0.14,0.15,0.04,0.04,0.92,1.1,0.04,0.03,0.08,0.11,0.05,0.04,0.38,0.78,0.04,0.03,0.49,2.2,16.21,13.46,,,0.0,88.55,0.12,0.0,0.0,0.0,0.0,0.0,21.43,,,,,100.0,0.0,0.0,0.0,0.0,0.0,100.0,100.0,0.0
DE0 8,,0.0,0.0,0.0,0.0,0.0,0.09,0.0,0.0,0.0,,102.69,85.67,115.51,114.41,103.41,,,,,,108.09,108.12,,,50.98,49.8,65.94,65.31,50.98,49.92,66.16,65.9,,,46.67,45.84,,,,,62.67,66.03,,,70.29,62.67,107.26,-2.14,8.22,22.39,1.32,29.79,,,0.0,0.0,0.0,0.01,0.0,0.0,6.03,0.01,0.0,7.63,0.65,0.45,0.02,0.06,15.02,0.0,7.63,0.0,0.0,3.79,0.0,0.0,0.23,0.32,0.04,0.04,0.1,0.19,0.04,0.04,0.1,0.19,0.05,0.04,0.04,0.11,0.05,0.04,0.07,0.33,0.96,0.73,,,0.0,17.34,0.01,0.0,0.0,0.0,0.0,0.0,2.11,,,,,0.0,0.0,0.0,0.0,0.0,0.0,15.83,0.57,0.0
DE0 9,,0.0,0.0,0.0,0.0,0.0,0.02,0.0,0.0,0.0,,114.36,86.45,116.28,128.09,115.94,,,,,,119.7,119.8,,,54.76,53.39,71.85,71.39,54.75,53.47,71.99,71.9,,,49.05,46.91,,,,65.49,58.29,96.51,,,69.7,58.29,115.01,-8.32,25.13,25.93,4.27,47.02,,,0.0,0.0,0.0,0.6,0.0,0.0,4.38,4.56,0.0,22.86,1.79,0.0,1.89,0.18,6.39,0.0,22.86,0.0,0.0,6.03,0.0,0.0,0.34,0.46,0.03,0.03,0.42,0.65,0.03,0.03,0.15,0.27,0.03,0.03,0.18,0.37,0.03,0.03,0.15,0.37,7.61,6.05,,0.12,0.0,51.96,0.02,0.0,0.0,0.0,0.0,0.0,10.18,,,,,0.0,0.0,0.0,0.0,0.0,0.0,8.25,100.0,0.0
DK0 0,0.0,0.6,0.0,0.0,0.0,0.0,0.0,0.0,0.0,,1.17,68.32,84.35,114.18,79.53,68.33,,,,,,73.81,73.75,,,42.17,40.79,51.39,50.63,42.29,41.07,51.55,51.15,,,42.42,40.65,31.11,,53.46,,,44.18,52.71,53.46,64.18,60.72,,-2.05,-85.97,-25.14,-4.45,-117.61,0.0,4.47,60.58,0.0,0.0,,0.0,0.0,0.0,0.0,0.0,13.41,1.86,49.24,0.0,0.6,5.89,0.0,13.41,0.0,0.0,8.08,0.0,0.0,0.15,0.31,0.04,0.04,0.55,1.23,0.04,0.03,0.17,0.11,0.04,0.03,0.18,0.45,0.05,0.04,0.78,1.86,2.83,2.92,,,2915.6,30.47,0.0,0.0,0.0,0.0,0.0,0.0,14.1,,0.0,6.96,,100.0,0.0,0.0,,0.0,0.0,0.0,0.01,0.0
DK3 0,0.0,1.02,0.0,0.0,0.0,0.0,0.02,0.0,0.0,,0.0,71.68,84.83,114.66,83.64,71.64,,,,,,77.18,77.11,,,42.98,41.69,53.07,52.32,43.32,42.56,53.25,52.59,,,44.69,42.45,30.02,,,,57.08,49.32,55.74,58.5,65.0,57.08,,-1.34,-3.12,-1.49,0.42,-5.53,0.0,0.0,11.59,0.0,0.0,,0.0,0.0,8.31,0.0,0.0,7.16,1.02,7.47,0.0,0.32,2.03,0.0,7.16,0.0,0.0,4.18,0.0,0.0,0.03,0.05,0.06,0.05,0.33,0.67,0.04,0.03,0.07,0.03,0.04,0.03,0.11,0.26,0.05,0.04,0.45,0.86,1.51,1.47,,,721.51,16.27,0.0,0.0,0.0,0.0,0.0,0.0,6.36,,0.0,0.01,,100.0,0.0,0.0,,0.0,0.0,28.58,0.04,0.0
EE6 0,0.0,2.93,0.0,0.0,0.0,0.0,0.02,0.0,0.0,,0.0,76.92,85.41,115.25,86.98,76.76,,,,,,82.36,82.35,,,45.78,44.26,59.49,59.08,45.85,44.89,59.62,59.38,,,46.99,44.74,45.21,,,,60.28,45.21,55.42,56.62,68.13,60.28,,-2.05,-16.73,-7.52,-0.96,-27.26,0.0,0.0,21.89,0.0,0.0,,0.0,0.0,4.82,0.0,0.0,5.37,0.48,12.38,0.0,0.2,1.45,0.11,5.37,0.0,0.0,2.71,0.0,0.0,0.16,0.56,0.04,0.04,0.11,0.54,0.05,0.04,0.08,0.2,0.05,0.04,0.04,0.2,0.05,0.04,0.14,0.64,0.96,1.31,,,0.01,12.2,0.0,0.0,0.0,0.0,0.0,0.0,8.0,,0.0,0.0,,23.37,0.0,0.0,,0.0,0.0,7.76,0.05,0.0
ES0 0,0.0,0.0,0.0,0.0,0.0,0.0,1.21,0.0,0.1,,,66.52,81.85,111.68,72.59,68.54,,,,,,71.95,71.95,,,31.15,30.06,39.58,38.34,31.42,30.47,39.86,38.49,,,30.1,29.1,,,,40.45,36.63,73.14,73.6,,52.93,36.63,,1.65,4.62,-19.97,-1.84,-15.54,0.0,,0.0,0.0,0.0,,0.0,0.0,40.27,3.52,4.14,17.45,0.06,3.88,0.0,0.83,0.73,0.14,17.45,5.73,5.85,4.16,0.0,0.0,0.04,0.14,0.04,0.03,0.25,0.84,0.03,0.03,0.05,0.1,0.03,0.03,0.13,0.5,0.03,0.03,0.47,0.95,3.21,2.07,0.25,0.0,0.0,39.66,33.67,0.0,0.0,0.0,0.0,0.0,12.17,,0.0,,,0.0,0.0,0.0,,0.0,0.0,56.61,100.0,0.0
ES0 1,,0.0,0.0,0.0,0.0,0.0,0.44,0.0,0.02,,,67.14,83.16,112.99,73.94,69.0,,,,,,72.61,72.57,,,34.88,33.62,45.41,43.87,35.27,34.13,45.66,44.18,,,36.52,35.56,,,,42.07,37.7,67.35,,,53.88,37.7,,6.94,27.2,22.6,-3.34,53.4,,,0.0,0.0,0.0,,0.0,0.0,29.07,8.19,3.8,40.64,1.45,2.29,0.0,1.94,7.55,0.0,40.64,0.0,0.0,9.38,0.0,0.0,0.22,0.41,0.03,0.03,0.48,0.94,0.03,0.03,0.2,0.31,0.03,0.03,0.24,0.54,0.03,0.03,0.9,1.51,3.75,2.86,0.24,0.33,0.0,92.35,0.02,0.0,0.0,0.0,0.0,0.0,10.64,,,,,0.0,0.0,0.0,,0.0,0.0,14.64,100.0,0.0
ES0 10,,0.0,0.0,0.0,0.0,0.0,0.82,0.0,0.0,,,66.74,82.94,112.77,73.57,68.49,,,,,,72.17,72.17,,,36.09,34.84,11.63,13.86,36.2,34.9,25.4,25.54,,,36.96,35.68,,,,,38.81,59.32,,,54.42,38.81,,1.69,1.7,-29.73,-1.69,-28.03,,,0.0,0.0,0.0,,0.0,0.0,25.83,0.57,0.0,2.84,0.02,0.03,0.0,0.14,0.65,0.0,2.84,0.0,0.0,1.02,0.0,0.0,0.07,0.13,0.04,0.03,0.0,0.0,0.0,0.0,0.04,0.09,0.04,0.03,0.0,0.0,0.0,0.0,0.0,0.01,0.01,0.01,2.15,1.36,0.0,6.45,0.01,0.0,0.0,0.0,0.0,0.0,0.0,,,,,0.0,0.0,0.0,,0.0,0.0,56.7,100.0,0.0
ES0 11,0.0,0.0,0.0,0.0,0.0,0.0,2.68,0.0,0.11,,,66.42,82.1,111.93,72.71,68.46,,,,,,71.85,71.85,,,32.86,31.74,42.35,40.95,33.29,32.24,42.64,41.12,,,32.05,31.02,,,,40.25,36.35,68.81,75.84,,53.05,36.35,,1.95,-26.25,-42.47,2.48,-64.29,0.0,,0.0,0.0,0.0,,0.0,0.0,99.75,4.0,2.72,19.83,0.71,23.77,0.0,0.95,1.77,0.0,19.83,19.89,20.3,4.8,0.0,0.0,0.06,0.16,0.04,0.03,0.26,0.64,0.03,0.03,0.07,0.12,0.03,0.03,0.14,0.37,0.03,0.02,0.5,0.91,2.46,1.84,0.74,0.13,0.0,45.07,116.93,0.0,0.0,0.0,0.0,0.0,8.25,,0.01,,,0.0,0.0,0.0,,0.0,0.0,71.51,100.0,0.0
ES0 12,0.0,0.0,0.0,0.0,0.0,0.0,0.05,0.0,0.0,,,68.51,83.57,113.4,75.8,70.08,,,,,,73.95,73.95,,,36.25,34.96,46.46,44.99,36.59,35.58,46.73,45.36,,,38.27,37.58,,,,45.86,41.17,61.92,64.42,,56.43,41.17,,0.2,8.37,14.39,-2.53,20.44,0.0,,0.0,0.0,0.0,,0.0,0.0,2.85,1.42,0.04,7.05,0.56,0.0,0.0,0.34,2.88,0.0,7.05,0.0,0.0,2.78,0.0,0.0,0.03,0.09,0.04,0.03,0.08,0.21,0.04,0.03,0.03,0.06,0.04,0.03,0.04,0.12,0.04,0.03,0.15,0.24,0.52,0.4,,0.2,0.0,16.01,0.01,0.0,0.0,0.0,0.0,0.0,1.35,,0.01,,,0.0,0.0,0.0,,0.0,0.0,4.94,100.0,0.0
ES0 2,0.0,4.84,0.0,0.0,0.0,0.0,0.01,0.0,0.0,,,64.89,82.45,112.28,73.48,65.52,,,,,,70.33,70.32,,,34.8,33.68,43.37,42.1,34.95,33.91,43.56,42.25,,,34.42,33.98,45.7,,,52.16,,45.7,54.17,,56.55,49.01,,1.79,-37.47,-26.93,-1.27,-63.88,0.0,,53.48,0.0,0.0,,0.0,0.0,0.2,2.9,0.0,14.37,1.02,20.6,0.0,0.69,0.9,0.0,14.37,0.0,0.0,4.67,0.0,0.0,0.1,0.24,0.04,0.04,0.14,0.32,0.04,0.04,0.08,0.16,0.05,0.04,0.07,0.2,0.05,0.04,0.25,0.37,0.86,0.98,1.22,2.44,0.0,32.66,0.0,0.0,0.0,0.0,0.0,0.0,4.51,,0.0,,,69.72,0.0,0.0,,0.0,0.0,0.44,100.0,0.0
ES0 3,0.0,3.28,0.0,0.0,0.0,0.0,0.46,0.0,0.04,,,66.91,83.05,112.88,73.62,68.91,,,,,,72.34,72.34,,,34.75,33.51,45.08,43.71,34.85,33.65,45.29,43.95,,,35.38,33.5,58.3,,,42.31,37.63,58.3,59.01,,54.18,37.63,,5.15,-57.52,-36.22,0.12,-88.46,0.0,,23.7,0.0,0.0,,0.0,0.0,77.6,1.63,1.68,8.11,0.02,32.75,0.0,0.39,5.4,0.0,8.11,0.14,0.14,3.12,0.0,0.0,0.1,0.27,0.03,0.02,0.06,0.16,0.03,0.02,0.07,0.18,0.03,0.03,0.03,0.09,0.03,0.03,0.1,0.29,0.86,0.48,0.4,0.79,0.0,18.43,0.83,0.0,0.0,0.0,0.0,0.0,3.18,,0.01,,,28.92,0.0,0.0,,0.0,0.0,82.59,100.0,0.0
ES0 4,0.0,0.0,0.0,0.0,0.0,0.0,0.05,0.0,0.0,,,68.15,83.24,113.07,75.11,69.8,,,,,,73.58,73.59,,,36.92,35.67,46.66,45.22,37.04,35.78,46.94,45.58,,,37.6,37.46,,,,44.49,40.06,61.31,60.55,,55.54,40.06,,5.28,10.72,24.95,0.44,41.38,0.0,,0.0,0.0,0.0,,0.0,0.0,2.28,1.72,0.0,8.54,0.47,0.0,0.0,0.41,1.14,0.0,8.54,0.0,0.0,4.05,0.0,0.0,0.1,0.19,0.04,0.03,0.06,0.12,0.03,0.03,0.07,0.13,0.03,0.03,0.03,0.07,0.04,0.03,0.11,0.17,0.38,0.32,0.13,0.22,0.0,19.42,0.01,0.0,0.0,0.0,0.0,0.0,1.01,,0.0,,,0.0,0.0,0.0,,0.0,0.0,2.39,100.0,0.0
ES0 5,0.0,0.0,0.0,0.0,0.0,0.0,0.57,0.0,0.09,,,66.52,82.28,112.11,72.97,68.57,,,,,,71.96,71.96,,,32.19,31.04,41.1,39.67,32.62,31.55,41.37,39.91,,,31.08,29.41,,,,39.49,35.18,67.6,69.33,,53.38,37.78,,17.81,-29.96,-15.74,-2.69,-30.57,0.0,,0.0,0.0,0.0,,0.0,0.0,67.57,2.63,3.31,13.06,0.02,24.44,0.0,0.62,0.43,1.13,13.06,6.26,6.39,3.03,0.0,0.0,0.02,0.07,0.04,0.03,0.19,0.57,0.03,0.02,0.04,0.05,0.03,0.02,0.1,0.34,0.03,0.03,0.34,0.64,2.34,1.46,,,652.76,29.68,36.82,0.0,0.0,0.0,0.0,0.0,9.65,,0.01,,,0.0,0.0,0.0,,0.0,0.0,100.0,100.0,0.0
ES0 6,,0.0,0.0,0.0,0.0,0.0,0.0,0.0,0.0,,,66.84,82.57,112.4,73.75,68.79,,,,,,72.27,72.27,,,33.08,31.86,42.56,41.11,33.21,31.98,42.68,41.35,,,34.43,33.28,,,,41.7,,69.66,,,52.85,44.08,,5.04,0.5,7.71,-1.04,12.22,,,0.0,0.0,0.0,,0.0,0.0,0.0,1.37,0.06,6.81,0.04,1.55,0.0,0.32,0.52,0.0,6.81,0.01,0.01,1.63,0.0,0.0,0.18,0.35,0.03,0.03,0.01,0.01,0.04,0.03,0.1,0.24,0.03,0.03,0.0,0.01,0.03,0.02,0.01,0.02,0.06,0.04,0.59,1.87,0.0,15.47,0.05,0.0,0.0,0.0,0.0,0.0,0.2,,,,,0.0,0.0,0.0,,0.0,0.0,0.0,100.0,0.0
ES0 7,0.0,0.0,0.0,0.0,0.0,0.0,0.14,0.0,0.16,0.0,,67.35,83.6,113.43,74.05,69.37,,,,,,72.78,72.78,,,35.65,34.32,44.99,43.66,36.25,35.34,45.33,43.82,,,36.99,34.96,,,,43.19,38.47,61.35,64.09,,54.59,38.47,61.67,7.94,16.02,26.3,-0.21,50.05,0.0,,0.0,0.0,0.0,0.02,0.0,0.0,19.69,6.55,9.65,32.49,0.0,0.98,0.0,1.55,0.9,0.0,32.49,5.83,5.95,8.25,0.0,0.0,0.05,0.14,0.04,0.03,0.43,1.16,0.03,0.03,0.1,0.11,0.03,0.03,0.22,0.68,0.03,0.03,0.77,1.66,5.1,3.25,0.54,0.33,0.0,73.84,34.29,0.0,0.0,0.0,0.0,0.0,16.68,,0.0,,,0.0,0.0,0.0,0.0,0.0,0.0,50.59,100.0,0.0
ES0 8,0.0,1.04,0.0,0.0,0.0,0.0,0.95,0.0,0.33,,0.0,66.58,82.6,112.43,73.01,68.59,,,,,,72.02,72.02,,,33.74,32.58,43.53,42.06,34.19,33.18,43.85,42.28,,,33.49,31.93,64.85,,,41.26,36.84,64.85,65.44,67.09,53.5,37.58,,1.6,-61.4,16.27,0.57,-42.95,0.0,0.0,15.6,0.0,0.0,,0.0,0.0,87.09,4.09,4.24,20.28,0.61,40.95,0.0,0.97,2.62,0.0,20.28,0.01,0.01,6.97,0.0,0.0,0.06,0.16,0.03,0.02,0.26,0.7,0.03,0.02,0.08,0.12,0.03,0.02,0.14,0.42,0.03,0.02,0.46,0.86,2.86,2.1,1.52,0.52,2455.75,46.09,0.08,0.0,0.0,0.0,0.0,0.0,10.77,,0.0,0.04,,22.92,0.0,0.0,,0.0,0.0,100.0,100.0,0.0
ES0 9,0.0,0.0,0.0,0.0,0.0,0.0,0.0,0.0,0.0,,,68.33,83.76,113.59,75.53,69.93,,,,,,73.76,73.76,,,36.88,35.68,46.43,44.96,37.19,36.16,46.67,45.29,,,39.16,38.76,,,,51.41,,62.8,63.7,,55.47,44.69,,0.01,18.0,35.33,2.18,55.51,0.0,,0.0,0.0,0.0,,0.0,0.0,0.0,2.8,0.0,13.91,1.17,0.0,0.0,0.66,4.5,0.0,13.91,0.0,0.0,5.42,0.0,0.0,0.04,0.1,0.04,0.03,0.17,0.4,0.03,0.03,0.05,0.07,0.04,0.03,0.09,0.23,0.03,0.03,0.3,0.47,1.04,0.8,0.36,0.14,656.68,31.62,0.01,0.0,0.0,0.0,0.0,0.0,2.63,,0.0,,,0.0,0.0,0.0,,0.0,0.0,0.0,100.0,0.0
ES2 0,0.0,0.11,0.0,0.0,0.0,0.0,0.09,0.0,0.0,,0.0,68.59,82.49,112.32,75.75,70.56,,,,,,73.92,74.02,,,31.37,30.62,39.37,38.45,31.6,30.94,39.42,38.44,,,32.96,31.38,58.31,,,,40.37,58.3,60.81,66.01,52.36,40.37,,0.95,0.32,0.96,0.28,2.52,0.0,0.0,1.34,0.0,0.0,,0.0,0.0,2.91,0.59,0.55,2.92,0.02,0.63,0.0,0.14,0.22,0.01,2.92,0.29,0.3,0.9,0.0,0.0,0.0,0.03,0.04,0.03,0.05,0.28,0.04,0.03,0.01,0.02,0.03,0.03,0.03,0.17,0.04,0.03,0.08,0.18,0.5,0.35,,,0.0,6.63,1.71,0.0,0.0,0.0,0.0,0.0,1.82,,0.0,0.02,,22.45,0.0,0.0,,0.0,0.0,29.56,100.0,0.0
FI3 0,0.0,0.31,0.0,0.0,0.0,0.0,0.0,0.0,0.0,0.01,0.42,89.38,86.25,116.08,101.31,88.76,,,,,,94.59,94.81,,,50.3,48.94,66.52,66.1,50.9,50.61,66.62,66.52,,,50.3,48.87,57.33,,60.79,,,57.33,66.14,60.79,72.83,66.1,90.36,-7.34,11.68,1.03,3.49,8.87,0.0,7.09,3.24,0.0,0.0,0.2,0.0,0.0,0.0,0.0,0.0,8.66,1.32,1.54,0.0,0.12,0.86,0.0,8.66,0.0,0.0,4.83,0.0,0.0,0.01,0.01,0.05,0.04,0.29,0.98,0.04,0.03,0.09,0.01,0.04,0.04,0.13,0.58,0.05,0.04,0.34,0.68,3.37,2.73,,0.07,0.01,19.69,0.01,0.0,0.0,0.0,0.0,0.0,7.11,,0.0,25.05,,2.44,0.0,0.0,0.0,0.0,0.0,0.0,0.05,0.0
FI3 1,0.0,0.0,0.0,0.0,0.0,0.0,0.0,0.0,0.0,0.01,0.12,84.66,85.96,115.79,96.23,83.76,,,,,,89.87,90.09,,,49.64,48.03,67.42,67.14,49.67,48.34,67.48,67.35,,,49.31,49.18,,,60.01,,,66.08,64.44,60.01,72.05,66.38,85.58,-0.69,8.14,4.98,0.83,13.26,0.0,2.74,0.0,0.0,0.0,0.6,0.0,0.0,0.0,0.0,0.0,4.14,0.65,0.0,0.0,0.06,,0.0,4.14,0.0,0.0,3.04,0.0,0.0,0.18,0.43,0.04,0.04,0.06,0.21,0.04,0.04,0.12,0.26,0.04,0.03,0.03,0.12,0.05,0.04,0.05,0.43,0.46,0.86,,0.65,0.19,9.42,0.01,0.0,0.0,0.0,0.0,0.0,4.2,,0.0,77.29,,0.0,0.0,0.0,0.0,0.0,0.0,0.0,0.01,0.0
FI3 2,0.0,0.15,0.0,0.0,0.0,0.0,0.0,0.0,0.0,0.01,0.01,92.4,86.41,116.24,104.26,92.06,,,,,,97.48,97.83,,,51.98,50.65,68.71,68.34,52.05,51.08,68.97,68.9,,,50.69,48.92,60.91,,,,,60.91,67.8,66.07,73.46,66.5,93.09,0.26,8.03,21.17,3.37,32.83,0.0,0.04,3.66,0.0,0.0,0.35,0.0,0.0,0.01,0.0,0.0,5.16,0.77,0.0,0.0,0.07,1.0,0.0,5.16,0.29,0.29,4.32,0.0,0.0,0.12,0.38,0.04,0.04,0.11,0.45,0.04,0.04,0.11,0.23,0.04,0.04,0.05,0.26,0.05,0.04,0.1,0.45,2.83,2.22,,0.06,0.04,11.72,2.55,0.0,0.0,0.0,0.0,0.0,4.12,,0.01,100.0,,2.51,0.0,0.0,0.0,0.0,0.0,0.04,0.07,0.0
FI3 3,0.0,1.07,0.0,0.0,0.0,0.0,,,0.0,0.01,,75.72,85.08,114.91,86.44,75.45,,,,,,81.1,81.15,,,47.59,46.06,65.25,65.05,47.6,46.48,65.1,65.1,,,45.14,43.54,56.84,,,,,56.84,65.76,,,,77.31,1.24,-7.21,-8.64,0.71,-13.91,0.0,,12.09,0.0,0.0,0.12,0.0,0.0,,,0.0,1.42,0.05,3.41,0.0,0.02,,0.0,1.42,0.0,0.0,1.0,0.0,0.0,0.11,0.26,0.05,0.04,0.0,0.01,0.03,0.02,0.06,0.15,0.04,0.04,0.0,0.01,0.02,0.01,0.0,0.04,0.04,0.04,,0.71,0.09,3.22,0.0,0.0,0.0,0.0,0.0,0.0,0.43,,0.0,,,5.12,0.0,0.0,0.0,0.0,0.0,,,0.0
FI3 4,0.15,0.19,0.0,0.0,0.0,0.0,0.03,0.0,0.0,0.0,0.04,90.4,86.06,115.89,102.32,89.95,,,,,,95.55,95.83,,,26.85,27.12,66.49,66.1,51.09,51.09,66.65,66.36,,,49.48,48.39,54.15,60.65,,,62.16,54.15,60.65,64.14,70.32,62.16,92.58,-1.5,13.08,-10.08,4.99,6.5,1.12,0.19,7.91,0.0,0.0,0.02,0.0,0.0,18.29,0.98,0.0,8.47,1.26,0.04,0.0,0.11,0.57,0.0,8.47,0.0,0.0,4.26,0.0,0.0,0.0,0.0,0.0,0.0,0.28,1.21,0.04,0.03,0.08,0.01,0.04,0.04,0.13,0.69,0.05,0.04,0.33,0.77,3.69,2.5,,,0.02,19.26,0.03,0.0,0.0,0.0,0.0,0.0,8.09,,17.31,100.0,,19.98,0.0,0.0,0.0,0.0,0.0,89.24,62.96,0.0
FR0 0,0.0,1.87,0.0,0.0,0.0,0.0,0.03,0.01,0.02,,,72.32,84.54,114.37,80.27,74.17,,,,,,77.77,77.75,,,38.35,37.14,47.91,46.7,38.52,37.5,48.14,47.02,,,41.47,40.07,57.83,,,47.83,42.3,57.83,64.48,,53.53,42.74,,4.48,-20.41,-8.41,-0.7,-25.04,0.0,,15.82,0.0,0.0,,0.0,0.0,19.8,1.45,1.39,6.85,0.0,11.13,0.0,0.07,2.7,0.0,6.85,0.03,0.03,2.86,0.0,0.0,0.07,0.22,0.04,0.04,0.16,0.49,0.04,0.03,0.06,0.15,0.04,0.03,0.08,0.29,0.04,0.04,0.28,0.55,1.5,1.15,,0.69,0.0,15.58,0.18,0.0,0.0,0.0,0.0,0.0,4.98,,0.01,,,83.53,0.0,0.0,,0.0,0.0,100.0,100.0,0.0
FR0 1,,1.64,0.0,0.0,0.0,0.0,0.03,0.01,0.0,,,91.71,84.76,114.59,102.97,92.85,,,,,,97.18,97.14,,,44.75,43.59,57.97,57.1,45.58,45.42,58.11,57.58,,,43.9,42.72,50.73,,,62.57,55.43,58.03,,,63.16,55.43,,-32.04,62.3,13.68,33.25,77.19,,,40.39,0.0,0.0,,0.0,0.0,40.99,13.81,0.0,65.39,6.8,5.62,0.0,0.7,17.16,0.0,65.39,0.0,0.0,22.3,0.0,0.0,0.02,0.04,0.06,0.05,1.67,3.69,0.04,0.04,0.28,0.06,0.04,0.04,0.84,2.38,0.04,0.03,2.14,3.99,7.94,6.8,,,0.0,148.62,0.01,0.0,0.0,0.0,0.0,0.0,29.23,,,,,100.0,0.0,0.0,,0.0,0.0,36.06,100.0,0.0
FR0 10,0.0,0.0,0.0,0.0,0.0,0.0,0.42,0.0,0.27,0.01,,74.36,85.11,114.94,83.27,76.34,,,,,,79.76,79.8,,,40.4,38.98,51.82,50.5,40.61,39.47,52.09,51.09,,,41.8,39.85,,,,46.54,41.73,69.06,80.88,,52.88,41.73,68.73,25.05,-12.88,7.77,0.76,20.69,0.0,,0.0,0.0,0.0,0.27,0.0,0.0,25.11,2.05,4.15,9.7,0.0,6.85,0.0,0.1,1.79,0.0,9.7,3.02,3.08,3.85,0.0,0.0,0.11,0.26,0.04,0.03,0.21,0.52,0.03,0.03,0.1,0.17,0.04,0.03,0.11,0.31,0.04,0.03,0.33,0.68,2.33,1.46,,1.37,0.0,22.05,17.76,0.0,0.0,0.0,0.0,0.0,7.85,,0.02,,,0.0,0.0,0.0,0.0,0.0,0.0,91.59,100.0,0.0
FR0 11,,0.41,0.0,0.0,0.0,0.0,0.03,0.0,0.0,,,93.86,85.29,115.12,104.81,94.88,,,,,,99.35,99.29,,,46.04,44.85,59.85,59.24,45.99,44.75,59.96,59.68,,,46.08,45.3,64.73,,,,56.24,64.73,,,63.41,56.24,,4.07,3.43,5.0,-0.37,12.14,,,5.66,0.0,0.0,,0.0,0.0,7.58,0.9,0.0,7.77,0.18,0.0,0.0,0.08,7.11,0.0,7.77,0.0,0.0,3.68,0.0,0.0,0.36,0.58,0.04,0.04,0.03,0.05,0.05,0.05,0.22,0.42,0.04,0.03,0.02,0.03,0.06,0.05,0.03,0.09,0.18,0.13,,,0.0,17.67,0.01,0.0,0.0,0.0,0.0,0.0,0.51,,,,,9.67,0.0,0.0,,0.0,0.0,7.83,54.8,0.0
FR0 12,0.0,0.0,0.0,0.0,0.0,0.0,0.23,0.0,0.0,0.0,0.01,85.92,84.35,114.18,96.09,87.8,,,,,,91.37,91.35,,,40.83,39.49,52.7,51.67,40.92,39.79,52.89,51.98,,,41.68,39.98,,,,54.41,48.77,78.48,79.33,77.24,61.04,48.77,79.6,-0.59,8.64,5.19,3.46,16.71,0.0,0.22,0.0,0.0,0.0,0.02,0.0,0.0,17.76,2.34,0.0,11.1,0.71,0.0,0.0,0.12,3.02,0.0,11.1,2.25,2.3,4.27,0.0,0.0,0.26,0.68,0.05,0.04,0.2,0.49,0.04,0.03,0.17,0.46,0.04,0.04,0.1,0.3,0.05,0.04,0.31,0.57,1.14,0.92,,,0.0,25.23,13.23,0.0,0.0,0.0,0.0,0.0,3.25,,0.01,100.0,,0.0,0.0,0.0,0.0,0.0,0.0,23.34,100.0,0.0
FR0 13,,0.61,0.0,0.0,0.0,0.0,0.26,0.0,0.24,0.01,,89.23,85.21,115.04,99.81,91.05,,,,,,94.67,94.66,,,45.74,44.24,60.54,59.51,46.07,44.73,60.76,60.03,,,46.31,44.67,80.76,,,54.02,48.15,80.76,,,60.92,49.24,81.33,-5.63,8.87,-35.38,1.26,-30.89,,,14.36,0.0,0.0,1.2,0.0,0.0,30.09,1.41,0.9,6.7,1.24,2.54,0.0,0.07,5.37,0.0,6.7,1.38,1.4,2.6,0.0,0.0,0.04,0.07,0.05,0.04,0.15,0.29,0.04,0.03,0.05,0.05,0.04,0.03,0.08,0.2,0.04,0.04,0.07,0.28,1.44,1.18,2.17,0.71,0.0,15.23,8.09,0.0,0.0,0.0,0.0,0.0,1.65,,,,,62.83,0.0,0.0,0.0,0.0,0.0,100.0,100.0,0.0
FR0 14,0.02,1.26,0.0,0.0,0.0,0.0,0.07,0.01,0.3,0.01,,76.79,84.85,114.69,85.54,78.69,,,,,,82.24,82.23,,,37.79,36.44,48.51,47.21,38.41,37.6,48.76,47.74,,,39.18,37.95,51.22,,,44.76,39.66,68.25,70.85,,54.52,42.98,70.34,5.1,-4.39,-16.63,1.99,-13.94,0.23,,15.23,0.0,0.0,1.24,0.0,0.0,26.9,2.48,4.44,11.74,0.0,6.99,0.0,0.13,5.35,0.0,11.74,3.84,3.92,6.01,0.0,0.0,0.02,0.07,0.05,0.04,0.37,1.09,0.04,0.03,0.06,0.05,0.04,0.03,0.19,0.66,0.04,0.03,0.58,0.88,2.55,2.18,,0.3,0.0,26.67,22.57,0.0,0.0,0.0,0.0,0.0,7.82,,100.0,,,100.0,0.0,0.0,0.0,0.0,0.0,100.0,100.0,0.0
FR0 15,,2.86,0.0,0.0,0.0,0.0,0.02,0.0,0.0,,,90.25,85.07,114.9,101.9,90.86,,,,,,95.75,95.68,,,45.35,44.21,58.64,57.97,45.35,44.26,58.78,58.35,,,45.02,44.49,55.54,,,,57.87,55.54,,,66.1,57.87,,1.74,-9.72,-9.72,1.92,-15.77,,,19.72,0.0,0.0,,0.0,0.0,6.92,0.13,0.0,5.17,0.35,7.07,0.0,0.06,5.34,0.0,5.17,0.0,0.0,2.37,0.0,0.0,0.12,0.21,0.05,0.04,0.07,0.16,0.04,0.04,0.08,0.15,0.04,0.04,0.04,0.1,0.05,0.04,0.1,0.26,0.38,0.39,0.95,,0.0,11.75,0.0,0.0,0.0,0.0,0.0,0.0,1.98,,,,,71.93,0.0,0.0,,0.0,0.0,12.91,11.54,0.0
FR0 16,,0.02,0.0,0.0,0.0,0.0,0.0,0.0,0.0,0.0,,95.16,85.3,115.13,106.57,96.67,,,,,,100.67,100.6,,,46.71,45.31,60.52,59.73,46.93,45.63,60.65,60.13,,,46.5,44.88,84.42,,,59.24,,84.42,,,62.02,54.26,87.04,-7.98,19.7,28.27,2.76,42.74,,,2.07,0.0,0.0,0.27,0.0,0.0,0.0,3.33,0.0,15.76,1.78,0.0,0.0,0.17,6.29,0.0,15.76,0.0,0.0,5.42,0.0,0.0,0.11,0.21,0.03,0.03,0.34,0.62,0.04,0.03,0.12,0.16,0.03,0.03,0.18,0.42,0.03,0.03,0.18,0.42,4.48,3.75,,0.04,0.0,35.83,0.01,0.0,0.0,0.0,0.0,0.0,4.06,,,,,6.31,0.0,0.0,0.0,0.0,0.0,0.0,100.0,0.0
FR0 17,,0.0,0.0,0.0,0.0,0.0,0.24,0.0,0.0,,,93.21,84.79,114.62,104.02,94.74,,,,,,98.6,98.65,,,45.71,44.45,59.27,58.76,45.69,44.45,59.4,59.05,,,43.62,42.19,,,,60.91,55.08,72.96,,,61.39,55.08,,0.79,5.34,10.04,-1.21,14.96,,,0.0,0.0,0.0,,0.0,0.0,11.11,1.71,0.0,8.1,0.4,0.0,0.0,0.09,8.09,0.0,8.1,0.57,0.58,3.56,0.0,0.0,0.25,0.46,0.05,0.04,0.09,0.16,0.04,0.04,0.16,0.32,0.04,0.04,0.05,0.1,0.05,0.04,0.13,0.31,2.13,1.74,,0.06,0.0,18.42,3.35,0.0,0.0,0.0,0.0,0.0,2.27,,,,,0.0,0.0,0.0,,0.0,0.0,10.98,100.0,0.0
FR0 18,0.0,4.59,0.0,0.0,0.0,0.0,0.03,0.0,0.0,,0.33,75.62,83.68,113.51,85.77,76.1,,,,,,81.04,81.05,,,39.79,38.72,49.45,48.33,39.84,38.79,49.61,48.76,,,39.46,38.75,43.38,,,,54.4,45.45,56.28,59.33,62.02,54.4,,-2.94,-48.95,-14.33,-0.61,-66.83,0.0,0.75,42.29,0.0,0.0,,0.0,0.0,12.04,0.0,0.0,9.03,0.7,24.53,0.0,0.1,2.69,0.0,9.03,0.0,0.0,4.13,0.0,0.0,0.11,0.29,0.05,0.04,0.19,0.53,0.05,0.04,0.09,0.19,0.05,0.04,0.1,0.31,0.05,0.04,0.29,0.69,1.06,0.94,0.24,,0.0,20.52,0.01,0.0,0.0,0.0,0.0,0.0,4.5,,0.0,100.0,,100.0,0.0,0.0,,0.0,0.0,12.88,0.04,0.0
FR0 19,0.28,0.5,0.0,0.0,0.0,0.0,0.0,0.0,0.0,,0.1,90.77,84.75,114.58,102.27,91.64,,,,,,96.21,96.2,,,45.14,44.04,57.97,57.19,45.69,45.08,58.11,57.53,,,43.93,42.59,39.03,60.71,,,,56.51,63.48,68.71,65.81,60.11,,-3.47,4.96,-15.54,-3.8,-17.85,2.01,0.72,14.99,0.0,0.0,,0.0,0.0,0.01,0.38,0.0,10.5,1.1,4.2,0.0,0.11,10.71,0.0,10.5,0.0,0.0,4.19,0.0,0.0,0.01,0.02,0.05,0.05,0.24,0.58,0.04,0.04,0.05,0.02,0.04,0.03,0.13,0.35,0.04,0.04,0.38,0.72,1.32,1.21,,,0.0,23.86,0.01,0.0,0.0,0.0,0.0,0.0,4.89,,100.0,100.0,,100.0,0.0,0.0,,0.0,0.0,0.03,17.37,0.0
FR0 2,,0.0,0.0,0.0,0.0,0.0,0.89,0.01,0.27,0.01,,99.16,85.53,115.36,111.23,100.94,,,,,,104.8,104.59,,,52.85,51.26,74.37,73.84,52.91,51.32,74.78,74.61,,,47.29,44.86,,,,,54.01,106.41,,,63.77,54.01,90.61,1.16,5.78,-6.98,-8.21,-8.25,,,0.0,0.0,0.12,0.61,0.0,0.05,13.06,0.88,1.33,4.17,0.56,0.38,0.0,0.04,1.8,0.0,4.17,1.58,1.62,1.81,0.0,0.0,0.06,0.09,0.04,0.03,0.05,0.09,0.04,0.03,0.05,0.07,0.04,0.03,0.02,0.06,0.05,0.04,0.0,0.04,0.46,0.32,1.14,1.21,0.0,9.48,9.3,0.0,0.0,0.0,0.0,0.0,1.67,,,,,0.0,0.0,0.0,0.0,0.0,0.0,76.05,100.0,0.0
FR0 20,0.0,2.22,0.0,0.0,0.0,0.0,0.06,0.01,0.0,,0.0,82.87,83.98,113.82,92.28,84.68,,,,,,88.32,88.3,,,40.94,39.63,52.64,51.73,40.97,39.69,52.78,52.11,,,40.12,38.75,61.0,,,56.5,50.08,61.0,68.87,69.75,59.04,50.08,,-0.38,-13.35,-16.49,0.34,-29.88,0.0,0.0,28.48,0.0,0.0,,0.0,0.0,16.95,1.95,0.0,9.25,0.41,9.71,0.0,0.1,5.39,0.0,9.25,0.32,0.33,4.21,0.0,0.0,0.33,0.76,0.05,0.04,0.09,0.23,0.05,0.04,0.2,0.53,0.04,0.04,0.05,0.14,0.05,0.04,0.14,0.37,0.55,0.61,,,0.0,21.03,1.89,0.0,0.0,0.0,0.0,0.0,2.73,,0.14,1.49,,54.98,0.0,0.0,,0.0,0.0,16.22,100.0,0.0
FR0 21,,0.02,0.0,0.0,0.0,0.0,0.37,0.01,0.0,0.02,,107.93,85.84,115.67,120.81,109.52,,,,,,113.42,113.36,,,51.32,49.91,67.34,66.76,51.49,50.28,67.47,67.19,,,47.26,45.06,92.49,,,63.73,60.72,92.49,,,67.24,60.71,98.11,-4.89,16.49,13.2,-6.0,18.81,,,2.39,0.0,0.0,1.6,0.0,0.0,5.68,2.84,0.0,13.47,1.26,0.0,0.73,0.14,29.64,0.0,13.47,0.21,0.21,4.82,0.0,0.0,0.12,0.16,0.04,0.04,0.26,0.35,0.04,0.03,0.12,0.13,0.04,0.04,0.13,0.26,0.04,0.04,0.07,0.15,5.02,4.15,,,0.0,30.61,1.21,0.0,0.0,0.0,0.0,0.0,5.37,,,,,10.79,0.0,0.0,0.0,0.0,0.0,13.34,100.0,0.0
FR0 22,0.0,1.84,0.0,0.0,0.0,0.0,0.02,0.0,0.0,,2.14,84.68,84.27,114.1,94.67,85.6,,,,,,90.06,90.11,,,43.04,41.8,54.51,53.5,43.18,42.1,54.67,53.95,,,42.01,41.37,44.21,,55.93,,56.52,48.98,60.23,60.99,65.13,56.52,,-3.07,-37.34,-22.0,1.51,-60.9,0.0,8.93,29.55,0.0,0.0,,0.0,0.0,17.07,0.0,0.0,9.94,1.01,21.9,0.0,0.11,5.4,0.0,9.94,0.0,0.0,4.95,0.0,0.0,0.04,0.09,0.05,0.04,0.23,0.54,0.04,0.03,0.06,0.07,0.04,0.04,0.12,0.36,0.05,0.04,0.34,0.88,3.09,2.2,,,0.0,22.59,0.02,0.0,0.0,0.0,0.0,0.0,5.29,,0.0,100.0,,100.0,0.0,0.0,,0.0,0.0,23.84,0.06,0.0
FR0 23,0.0,0.0,0.0,0.0,0.0,0.0,0.01,0.0,0.0,,,86.39,83.85,113.68,96.28,88.28,,,,,,91.85,91.82,,,41.47,40.14,53.06,52.01,41.5,40.3,53.25,52.4,,,39.81,38.47,,,,56.21,50.18,85.03,85.08,,61.38,50.17,,0.64,4.55,9.0,0.03,14.22,0.0,,0.0,0.0,0.0,,0.0,0.0,1.4,1.01,0.0,4.8,0.38,0.0,0.0,0.05,8.02,0.0,4.8,0.56,0.57,2.17,0.0,0.0,0.14,0.42,0.05,0.04,0.06,0.17,0.05,0.04,0.09,0.27,0.05,0.04,0.03,0.1,0.06,0.05,0.09,0.22,1.27,1.06,,0.5,0.0,10.92,3.28,0.0,0.0,0.0,0.0,0.0,1.03,,0.01,,,0.0,0.0,0.0,,0.0,0.0,3.92,100.0,0.0
FR0 24,,0.0,0.0,0.0,0.0,0.0,0.24,0.0,0.0,0.0,,86.7,84.67,114.5,95.68,88.43,,,,,,91.9,92.13,,,45.05,43.99,50.3,50.22,45.11,44.22,47.45,47.55,,,42.67,40.81,,,,,51.33,74.75,,,56.97,51.32,80.25,2.37,0.65,-4.47,0.26,-1.2,,,0.0,0.0,0.0,0.12,0.0,0.0,9.59,0.45,0.0,2.39,0.01,0.0,0.0,0.03,2.7,0.0,2.39,0.82,0.84,1.51,0.0,0.0,0.12,0.25,0.58,0.49,0.0,0.0,0.0,0.0,0.07,0.17,0.36,0.3,0.0,0.0,0.0,0.0,0.0,0.0,0.01,0.01,0.92,0.85,0.0,5.43,4.82,0.0,0.0,0.0,0.0,0.0,0.01,,,,,0.0,0.0,0.0,0.0,0.0,0.0,22.78,89.59,0.0
FR0 25,,0.0,0.0,0.0,0.0,0.0,0.14,0.02,0.0,0.0,,98.65,85.55,115.38,110.43,100.2,,,,,,104.09,104.08,,,47.89,46.62,62.69,61.9,47.94,46.67,62.84,62.43,,,47.26,45.53,,,,60.73,54.57,88.09,,,64.76,54.57,90.4,2.35,8.98,9.02,-0.74,19.62,,,0.0,0.0,0.0,0.12,0.0,0.0,6.51,2.05,0.0,9.7,0.77,0.0,0.0,0.1,9.85,0.0,9.7,0.0,0.0,3.25,0.0,0.0,0.17,0.25,0.04,0.04,0.16,0.27,0.04,0.03,0.12,0.18,0.04,0.04,0.08,0.19,0.05,0.04,0.07,0.16,2.32,1.9,,0.86,0.0,22.04,0.01,0.0,0.0,0.0,0.0,0.0,2.18,,,,,0.0,0.0,0.0,0.0,0.0,0.0,13.44,100.0,0.0
FR0 26,0.0,1.87,0.0,0.0,0.0,0.0,0.04,0.0,0.0,0.0,,70.41,84.23,114.07,77.92,72.08,,,,,,75.88,75.85,,,37.21,36.02,47.05,45.81,37.3,36.29,47.27,46.04,,,40.96,39.58,50.81,,,51.63,45.8,50.81,60.5,,54.66,45.8,66.34,6.3,-26.56,-7.91,0.09,-28.09,0.0,,28.45,0.0,0.0,0.02,0.0,0.0,10.19,1.64,0.02,7.76,0.4,12.52,0.0,0.08,4.49,0.0,7.76,0.0,0.0,3.62,0.0,0.0,0.14,0.47,0.05,0.04,0.15,0.49,0.05,0.04,0.1,0.31,0.04,0.04,0.08,0.29,0.05,0.04,0.24,0.6,0.97,0.98,,0.21,0.0,17.64,0.01,0.0,0.0,0.0,0.0,0.0,4.71,,0.01,,,80.7,0.0,0.0,0.0,0.0,0.0,21.36,100.0,0.0
FR0 3,0.0,1.38,0.0,0.0,0.0,0.0,0.0,0.0,0.0,,0.0,72.34,83.15,112.98,82.13,73.08,,,,,,77.73,77.77,,,38.37,37.26,46.82,45.61,38.58,37.85,46.98,45.93,,,37.09,36.19,33.82,,,,,45.68,55.19,55.69,60.93,55.72,,-0.48,-30.29,-8.75,-2.44,-41.97,0.0,0.0,24.76,0.0,0.0,,0.0,0.0,0.0,0.0,0.0,6.84,0.66,16.27,0.0,0.07,0.01,0.14,6.84,0.0,0.0,2.94,0.0,0.0,0.02,0.05,0.06,0.05,0.17,0.49,0.04,0.03,0.04,0.03,0.04,0.04,0.09,0.29,0.05,0.04,0.29,0.61,0.95,1.13,,,0.0,15.55,0.01,0.0,0.0,0.0,0.0,0.0,5.97,,0.0,0.03,,100.0,0.0,0.0,,0.0,0.0,0.01,0.05,0.0
FR0 4,,2.14,0.0,0.0,0.0,0.0,0.07,0.01,0.0,,,95.93,85.55,115.38,107.62,96.95,,,,,,101.41,101.36,,,47.42,46.18,62.02,61.34,47.55,46.3,62.16,61.76,,,46.99,45.82,64.81,,,65.59,58.54,64.81,,,65.87,58.54,,2.38,5.05,6.48,2.76,16.66,,,14.22,0.0,0.0,,0.0,0.0,7.51,2.15,0.0,10.19,0.89,4.1,0.0,0.11,18.29,0.0,10.19,0.0,0.0,4.27,0.0,0.0,0.11,0.17,0.05,0.04,0.19,0.32,0.04,0.04,0.1,0.13,0.04,0.04,0.1,0.22,0.05,0.04,0.13,0.51,2.27,1.86,,,0.0,23.16,0.01,0.0,0.0,0.0,0.0,0.0,2.91,,,,,46.03,0.0,0.0,,0.0,0.0,13.17,100.0,0.0
FR0 5,,0.0,0.0,0.0,0.0,0.0,0.1,0.0,0.0,0.0,,88.01,84.55,114.38,97.56,89.82,,,,,,93.3,93.45,,,44.58,43.26,57.15,56.52,44.65,43.49,57.16,56.84,,,42.6,42.14,,,,,53.33,69.35,,,59.82,53.33,81.56,3.29,1.11,-3.82,-0.11,0.46,,,0.03,0.0,0.0,0.2,0.0,0.0,8.1,0.57,0.0,3.51,0.04,0.0,0.0,0.04,2.69,0.0,3.51,0.64,0.65,1.98,0.0,0.0,0.18,0.36,0.59,0.49,0.0,0.01,0.05,0.04,0.1,0.25,0.41,0.35,0.0,0.01,0.03,0.02,0.01,0.02,0.07,0.04,,1.49,0.0,7.97,3.77,0.0,0.0,0.0,0.0,0.0,0.17,,,,,0.08,0.0,0.0,0.0,0.0,0.0,15.28,76.45,0.0
FR0 6,,0.0,0.0,0.0,0.0,0.0,0.26,0.0,0.0,0.0,,84.07,84.16,114.0,94.2,85.88,,,,,,89.56,89.51,,,41.37,39.92,54.2,52.93,41.47,40.24,54.43,53.57,,,41.42,40.55,,,,53.27,47.79,79.77,,,60.2,47.79,77.86,-3.17,12.09,3.24,1.85,14.01,,,0.0,0.0,0.0,0.1,0.0,0.0,17.57,2.13,0.0,10.07,1.16,0.0,0.0,0.11,6.18,0.0,10.07,1.31,1.34,4.24,0.0,0.0,0.15,0.41,0.04,0.03,0.19,0.47,0.04,0.03,0.12,0.28,0.04,0.03,0.1,0.3,0.04,0.03,0.27,0.63,0.87,0.88,,0.51,0.0,22.88,7.7,0.0,0.0,0.0,0.0,0.0,2.68,,,,,0.0,0.0,0.0,0.0,0.0,0.0,21.94,100.0,0.0
FR0 7,,0.23,0.0,0.0,0.0,0.0,0.02,0.0,0.0,,,85.32,84.16,113.99,95.67,86.74,,,,,,90.77,90.76,,,42.22,40.93,54.29,53.27,42.32,41.01,54.47,53.88,,,41.27,40.33,55.59,,,60.07,53.31,55.59,,,61.09,53.31,,-1.45,9.61,12.25,-1.75,18.66,,,2.91,0.0,0.0,,0.0,0.0,6.31,2.2,0.0,10.44,0.85,0.0,0.0,0.11,7.19,0.0,10.44,0.01,0.01,4.25,0.0,0.0,0.14,0.28,0.05,0.04,0.22,0.47,0.04,0.03,0.11,0.2,0.04,0.04,0.11,0.31,0.05,0.04,0.34,0.58,3.59,2.9,,,0.0,23.72,0.03,0.0,0.0,0.0,0.0,0.0,4.87,,,,,5.46,0.0,0.0,,0.0,0.0,6.11,100.0,0.0
FR0 8,,1.26,0.0,0.0,0.0,0.0,0.03,0.0,0.0,,,90.39,84.95,114.78,101.9,91.26,,,,,,95.87,95.83,,,45.1,43.97,58.29,57.47,45.59,44.66,58.47,58.15,,,44.57,43.49,47.66,,,,57.67,54.52,,,65.42,57.67,,-2.04,-6.8,11.23,5.06,7.45,,,13.66,0.0,0.0,,0.0,0.0,11.69,0.42,0.0,12.02,1.18,8.58,0.0,0.13,18.4,0.0,12.02,0.0,0.0,4.33,0.0,0.0,0.01,0.03,0.06,0.05,0.28,0.69,0.04,0.03,0.06,0.02,0.04,0.04,0.15,0.43,0.04,0.04,0.41,0.89,1.65,1.46,,,0.0,27.31,0.01,0.0,0.0,0.0,0.0,0.0,6.67,,,,,100.0,0.0,0.0,,0.0,0.0,22.13,16.5,0.0
FR0 9,0.0,5.29,0.0,0.0,0.0,0.0,0.04,0.01,0.0,,0.0,74.03,83.61,113.44,83.6,75.45,,,,,,79.37,79.47,,,38.24,37.03,48.2,46.97,38.69,37.8,48.34,47.3,,,38.96,37.64,47.18,,,57.13,50.53,47.18,56.07,58.03,57.13,50.53,,-5.81,-39.79,-7.08,1.29,-51.39,0.0,0.0,30.25,0.0,0.0,,0.0,0.0,39.72,2.6,0.0,12.62,1.13,21.0,0.0,0.14,0.89,0.0,12.62,0.01,0.01,4.99,0.0,0.0,0.02,0.06,0.06,0.05,0.35,0.92,0.05,0.04,0.06,0.04,0.04,0.04,0.18,0.57,0.04,0.04,0.54,1.15,2.23,2.1,,,0.0,28.68,0.03,0.0,0.0,0.0,0.0,0.0,9.52,,0.0,0.01,,85.74,0.0,0.0,,0.0,0.0,45.67,97.47,0.0
GB4 0,0.0,1.39,0.0,0.0,0.0,0.0,0.0,0.0,0.0,,0.0,70.21,82.48,112.31,81.75,70.26,,,,,,75.6,75.64,,,40.27,39.24,46.76,45.9,40.31,39.69,46.91,46.32,,,34.6,34.45,31.82,,,,,42.33,51.33,54.29,73.89,70.0,,1.2,12.15,-6.38,-56.21,-49.24,0.0,0.0,31.62,0.0,0.0,,0.0,0.0,0.05,0.0,0.0,7.34,0.56,25.95,0.0,0.11,0.01,20.62,7.34,0.0,0.0,2.47,0.0,0.0,0.22,0.65,0.04,0.04,0.08,0.23,0.04,0.04,0.09,0.29,0.04,0.04,0.03,0.1,0.05,0.04,0.12,0.28,0.31,0.42,,,9764.05,16.68,0.0,0.0,0.0,0.0,0.0,0.0,2.02,,0.0,0.02,,100.0,0.0,0.0,,0.0,0.0,0.09,0.02,0.0
GB5 0,0.0,5.01,0.0,0.0,0.0,0.0,0.0,0.0,0.0,0.02,0.4,60.53,82.67,112.5,70.8,60.59,,,,,,65.99,65.97,,,38.81,37.89,44.64,44.0,38.82,38.19,44.6,44.26,,,35.44,34.63,35.26,,47.81,,,42.39,52.01,49.25,67.39,62.46,62.83,19.85,-84.28,-31.15,-0.53,-96.11,0.0,4.95,45.06,0.0,0.0,0.66,0.0,0.0,0.0,0.0,0.0,2.68,0.05,36.77,0.0,0.04,,0.37,2.68,0.0,0.0,1.2,0.0,0.0,0.12,0.32,0.04,0.04,0.0,0.01,0.03,0.03,0.05,0.15,0.05,0.04,0.0,0.0,0.02,0.01,0.0,0.02,0.05,0.04,0.74,0.4,0.0,6.09,0.0,0.0,0.0,0.0,0.0,0.0,0.11,,0.0,100.0,,100.0,0.0,0.0,0.0,0.0,0.0,0.0,0.01,0.0
GB5 1,,1.11,0.0,0.0,0.0,0.0,0.03,0.0,0.0,,,81.31,83.42,113.25,92.31,80.93,,,,,,86.64,86.74,,,43.66,42.44,53.52,52.67,43.65,42.42,53.67,53.03,,,39.03,37.57,37.93,,,,61.81,44.6,,,69.96,61.81,,-23.83,26.28,-3.72,7.27,5.99,,,25.21,0.0,0.0,,0.0,0.0,13.5,0.0,0.0,27.25,4.52,13.98,0.0,0.42,9.99,0.0,27.25,0.0,0.0,8.8,0.0,0.0,0.11,0.22,0.05,0.04,0.77,1.55,0.04,0.03,0.06,0.11,0.04,0.04,0.29,0.71,0.04,0.03,1.0,1.64,9.61,7.71,,,0.0,61.94,0.0,0.0,0.0,0.0,0.0,0.0,16.63,,,,,100.0,0.0,0.0,,0.0,0.0,20.64,0.01,0.0
GB5 10,0.0,0.89,0.0,0.0,0.0,0.0,0.04,0.0,0.0,,0.21,80.21,83.78,113.61,91.05,79.74,,,,,,85.52,85.65,,,42.61,41.45,52.52,51.41,42.61,41.34,52.69,52.01,,,40.23,39.06,36.02,,52.89,,59.12,46.35,58.77,56.06,67.5,59.12,,-2.01,-22.94,-13.54,2.62,-35.87,0.0,1.98,25.98,0.0,0.0,,0.0,0.0,50.37,0.0,0.0,21.46,2.44,24.87,0.0,0.33,14.6,0.0,21.46,0.0,0.0,7.22,0.0,0.0,0.14,0.28,0.05,0.04,0.6,1.21,0.04,0.03,0.07,0.14,0.05,0.04,0.23,0.57,0.04,0.04,0.9,1.28,3.82,2.79,,,7403.95,48.78,0.01,0.0,0.0,0.0,0.0,0.0,16.1,,0.02,100.0,,100.0,0.0,0.0,,0.0,0.0,77.07,0.01,0.0
GB5 11,,0.84,0.0,0.0,0.0,0.0,0.03,0.0,0.0,,,80.9,83.34,113.17,91.79,80.5,,,,,,86.24,86.33,,,43.12,41.87,53.52,52.55,43.11,41.98,53.71,53.09,,,38.71,37.16,34.04,,,,61.17,45.25,,,69.71,61.17,,-13.14,7.42,-1.28,1.58,-5.43,,,14.95,0.0,0.0,,0.0,0.0,19.6,0.0,0.0,14.85,2.54,12.3,0.0,0.23,7.33,0.0,14.85,0.0,0.0,5.34,0.0,0.0,0.05,0.13,0.05,0.04,0.42,1.15,0.04,0.03,0.03,0.06,0.05,0.04,0.16,0.51,0.05,0.04,0.57,0.9,4.54,3.38,,,2384.9,33.74,0.0,0.0,0.0,0.0,0.0,0.0,11.47,,,,,100.0,0.0,0.0,,0.0,0.0,46.23,0.01,0.0
GB5 12,0.0,2.02,0.0,0.0,0.0,0.0,0.02,0.0,0.0,,0.67,75.49,82.66,112.49,85.64,74.69,,,,,,80.64,80.92,,,42.4,41.24,13.77,16.4,42.42,41.16,29.2,29.43,,,35.62,35.28,37.59,,49.16,,66.62,43.16,53.02,50.95,70.91,66.62,,6.19,-22.58,-28.16,-10.18,-54.73,0.0,10.17,13.48,0.0,0.0,,0.0,0.0,1.2,0.0,0.0,1.47,0.01,16.55,0.0,0.02,0.9,3.66,1.47,0.0,0.0,0.56,0.0,0.0,0.09,0.2,0.04,0.04,0.0,0.0,0.0,0.0,0.03,0.09,0.05,0.04,0.0,0.0,0.0,0.0,0.0,0.0,0.01,0.01,2.09,0.0,0.0,3.35,0.01,0.0,0.0,0.0,0.0,0.0,0.01,,0.0,100.0,,100.0,0.0,0.0,,0.0,0.0,6.63,0.05,0.0
GB5 13,0.71,0.33,0.0,0.0,0.0,0.0,0.03,0.0,0.0,,0.2,81.77,84.04,113.87,92.85,81.32,,,,,,87.08,87.2,,,42.58,41.53,53.46,52.48,43.53,43.26,53.64,53.0,,,41.29,39.72,35.5,55.47,51.62,,60.53,46.38,58.19,57.49,68.63,60.53,,-40.78,76.65,64.03,12.26,112.17,2.22,2.25,13.61,0.0,0.0,,0.0,0.0,5.71,0.0,0.0,58.79,7.15,0.03,0.0,0.91,21.05,0.0,58.79,0.0,0.0,21.62,0.0,0.0,0.0,0.0,0.01,0.01,1.83,3.97,0.04,0.03,0.04,0.0,0.04,0.03,0.7,1.75,0.04,0.03,2.76,3.41,9.07,11.01,,,0.0,133.62,0.01,0.0,0.0,0.0,0.0,0.0,49.02,,100.0,100.0,,100.0,0.0,0.0,,0.0,0.0,11.33,0.0,0.0
GB5 14,0.0,0.57,0.0,0.0,0.0,0.0,0.0,0.0,0.0,,,77.34,83.3,113.14,87.78,76.69,,,,,,82.63,82.77,,,41.83,40.52,50.38,49.11,41.85,40.61,50.47,49.4,,,38.27,37.16,30.83,,,,,48.0,56.46,,67.91,63.49,,9.06,-10.29,-30.86,-1.01,-33.11,0.0,,17.22,0.0,0.0,,0.0,0.0,0.0,0.0,0.0,3.77,0.29,9.21,0.0,0.06,2.01,0.0,3.77,0.0,0.0,1.55,0.0,0.0,0.13,0.31,0.04,0.04,0.05,0.11,0.05,0.04,0.05,0.15,0.05,0.04,0.02,0.05,0.06,0.05,0.06,0.15,0.22,0.37,,,0.0,8.58,0.01,0.0,0.0,0.0,0.0,0.0,1.54,,0.0,,,100.0,0.0,0.0,,0.0,0.0,0.01,0.04,0.0
GB5 15,,0.94,0.0,0.0,0.0,0.0,0.0,0.0,0.0,,,81.19,83.17,113.0,92.06,80.8,,,,,,86.54,86.62,,,44.4,43.01,54.36,53.39,44.55,43.13,54.53,53.97,,,38.12,37.17,34.84,,,,,46.65,,,72.09,66.87,,-39.86,81.41,19.27,7.1,67.92,,,14.52,0.0,0.0,,0.0,0.0,0.0,0.0,0.0,32.27,8.29,0.23,0.0,0.5,29.26,0.01,32.27,0.0,0.0,10.7,0.0,0.0,0.03,0.06,0.05,0.04,0.92,2.01,0.04,0.03,0.03,0.03,0.04,0.04,0.35,0.92,0.04,0.03,0.95,1.93,13.46,11.15,,,2344.58,73.34,0.0,0.0,0.0,0.0,0.0,0.0,18.49,,,,,100.0,0.0,0.0,,0.0,0.0,0.0,0.0,0.0
GB5 16,0.0,0.27,0.0,0.0,0.0,0.0,0.0,0.0,0.0,0.0,0.01,62.63,82.5,112.34,73.36,62.64,,,,,,68.1,68.06,,,39.18,38.3,45.15,44.42,39.2,38.63,45.32,45.04,,,35.14,35.88,33.21,,,,,40.28,50.23,52.52,65.94,62.73,67.14,-8.05,-54.22,10.14,-17.15,-69.27,0.0,0.01,51.85,0.0,0.0,0.02,0.0,0.0,0.0,0.0,0.0,16.03,2.4,39.31,0.0,0.25,5.29,8.29,16.03,0.0,0.0,5.86,0.0,0.0,0.26,0.75,0.04,0.03,0.28,0.84,0.04,0.03,0.11,0.34,0.04,0.04,0.11,0.36,0.04,0.04,0.42,0.8,1.07,1.55,,,0.0,36.44,0.0,0.0,0.0,0.0,0.0,0.0,5.31,,0.0,0.56,,100.0,0.0,0.0,0.0,0.0,0.0,0.0,0.0,0.0
GB5 17,0.0,0.9,0.0,0.0,0.0,0.0,0.04,0.0,0.0,,0.24,79.39,83.99,113.82,90.19,78.89,,,,,,84.73,84.82,,,42.63,41.43,52.36,51.3,42.61,41.53,52.49,51.79,,,41.04,39.43,31.39,,53.57,,58.32,46.92,55.48,53.56,66.55,58.32,,13.29,-43.13,4.59,-1.57,-26.83,0.0,4.16,14.39,0.0,0.0,,0.0,0.0,11.64,0.0,0.0,5.94,0.42,14.78,0.0,0.09,24.63,0.0,5.94,0.0,0.0,1.94,0.0,0.0,0.15,0.37,0.05,0.04,0.11,0.28,0.04,0.04,0.06,0.17,0.05,0.04,0.04,0.13,0.05,0.04,0.16,0.3,0.71,0.72,,,0.0,13.5,0.01,0.0,0.0,0.0,0.0,0.0,3.17,,0.01,10.25,,100.0,0.0,0.0,,0.0,0.0,34.71,0.03,0.0
GB5 2,0.0,0.32,0.0,0.0,0.0,0.0,0.03,0.0,0.0,,0.0,80.53,83.73,113.56,91.42,80.19,,,,,,85.86,85.97,,,42.54,41.33,53.26,52.26,42.51,41.46,53.44,52.81,,,40.12,38.54,32.62,,,,59.29,45.22,57.3,58.91,67.73,59.29,,4.16,-29.18,-4.84,-0.4,-30.26,0.0,0.0,22.88,0.0,0.0,,0.0,0.0,11.96,0.0,0.0,10.42,1.03,18.21,0.0,0.16,39.41,0.0,10.42,0.0,0.0,3.69,0.0,0.0,0.17,0.44,0.05,0.04,0.24,0.67,0.04,0.03,0.07,0.2,0.05,0.04,0.09,0.29,0.05,0.04,0.35,0.56,1.64,1.5,,,0.0,23.67,0.01,0.0,0.0,0.0,0.0,0.0,6.3,,0.02,0.08,,100.0,0.0,0.0,,0.0,0.0,22.45,0.02,0.0
GB5 3,0.0,1.6,0.0,0.0,0.0,0.0,0.03,0.0,0.0,,0.05,75.48,82.96,112.79,85.5,74.85,,,,,,80.65,80.91,,,40.19,38.84,48.73,47.49,40.26,39.08,48.83,47.76,,,36.5,35.59,29.17,,,,58.37,48.91,56.43,57.89,66.02,58.36,,30.81,-22.9,-26.41,-0.07,-18.57,0.0,0.12,18.38,0.0,0.0,,0.0,0.0,5.22,0.0,0.0,4.72,0.2,12.95,0.0,0.07,,0.02,4.72,0.0,0.0,1.66,0.0,0.0,0.21,0.58,0.04,0.04,0.03,0.09,0.05,0.04,0.08,0.26,0.05,0.04,0.01,0.04,0.06,0.05,0.05,0.13,0.18,0.2,,,0.0,10.72,0.01,0.0,0.0,0.0,0.0,0.0,1.21,,0.0,100.0,,100.0,0.0,0.0,,0.0,0.0,14.48,0.04,0.0
GB5 4,0.0,0.33,0.0,0.0,0.0,0.0,0.0,0.0,0.0,,0.28,72.53,82.82,112.65,83.44,72.38,,,,,,77.97,77.96,,,42.15,40.83,50.21,49.12,42.11,40.92,50.35,49.7,,,36.69,35.39,31.17,,51.13,,,42.3,51.99,52.14,68.3,65.56,,-12.98,-18.81,-8.5,0.22,-40.07,0.0,1.4,27.26,0.0,0.0,,0.0,0.0,0.0,0.0,0.0,11.77,2.3,20.94,0.0,0.18,15.51,0.01,11.77,0.0,0.0,4.53,0.0,0.0,0.16,0.34,0.05,0.04,0.27,0.61,0.04,0.04,0.07,0.17,0.05,0.04,0.1,0.27,0.04,0.04,0.27,0.7,1.2,1.41,,,0.0,26.74,0.0,0.0,0.0,0.0,0.0,0.0,6.27,,0.0,100.0,,100.0,0.0,0.0,,0.0,0.0,0.0,0.01,0.0
GB5 5,0.0,3.15,0.0,0.0,0.0,0.0,0.03,0.0,0.0,,1.59,77.77,83.3,113.13,88.28,77.47,,,,,,83.03,83.2,,,42.48,41.22,51.87,50.7,42.45,41.35,52.0,51.32,,,38.46,37.24,31.57,,53.88,,60.57,48.96,54.16,53.88,67.98,60.57,,0.88,-45.38,4.32,-0.31,-40.48,0.0,8.35,12.4,0.0,0.0,,0.0,0.0,6.72,0.0,0.0,4.74,0.46,15.5,0.0,0.07,5.28,0.0,4.74,0.0,0.0,1.82,0.0,0.0,0.14,0.32,0.05,0.04,0.08,0.19,0.05,0.04,0.05,0.15,0.05,0.04,0.03,0.08,0.05,0.04,0.1,0.2,0.5,0.39,,,3210.67,10.78,0.0,0.0,0.0,0.0,0.0,0.0,1.83,,0.01,76.85,,100.0,0.0,0.0,,0.0,0.0,24.71,0.03,0.0
GB5 6,0.0,0.38,0.0,0.0,0.0,0.0,0.04,0.0,0.0,,0.0,77.44,83.39,113.22,87.92,76.8,,,,,,82.74,82.88,,,41.94,40.68,51.11,49.73,41.94,40.75,51.27,50.13,,,38.64,37.56,36.15,,,,59.18,44.05,56.94,57.03,66.67,59.18,,-0.01,-44.53,23.88,-0.49,-21.15,0.0,0.0,26.39,0.0,0.0,,0.0,0.0,21.97,0.0,0.0,13.05,1.45,24.28,0.0,0.2,1.75,0.0,13.05,0.0,0.0,5.32,0.0,0.0,0.26,0.59,0.04,0.04,0.27,0.57,0.04,0.03,0.11,0.28,0.04,0.04,0.1,0.25,0.04,0.04,0.36,0.81,1.17,1.95,,,7525.27,29.66,0.01,0.0,0.0,0.0,0.0,0.0,7.97,,0.0,0.18,,100.0,0.0,0.0,,0.0,0.0,38.57,0.01,0.0
GB5 7,0.19,0.29,0.0,0.0,0.0,0.0,0.0,0.0,0.0,,0.03,78.15,82.96,112.79,88.75,77.46,,,,,,83.42,83.58,,,43.43,42.09,52.13,50.9,43.43,42.08,52.3,51.5,,,37.27,36.35,36.16,,,,,42.67,53.32,57.2,70.86,66.82,,-15.53,0.89,16.21,-0.93,0.63,0.76,0.09,19.98,0.0,0.0,,0.0,0.0,0.0,0.0,0.0,14.85,3.01,14.12,0.0,0.23,16.3,0.12,14.85,0.0,0.0,5.75,0.0,0.0,0.14,0.29,0.05,0.04,0.37,0.73,0.04,0.03,0.06,0.14,0.05,0.04,0.14,0.33,0.05,0.04,0.41,0.86,3.03,2.33,,,3570.26,33.75,0.01,0.0,0.0,0.0,0.0,0.0,9.69,,22.11,100.0,,100.0,0.0,0.0,,0.0,0.0,0.01,0.01,0.0
GB5 8,0.0,3.65,0.0,0.0,0.0,0.0,0.0,0.0,0.0,,0.0,61.88,83.12,112.96,72.18,61.89,,,,,,67.33,67.31,,,39.7,38.81,12.38,14.76,39.73,39.14,27.04,27.26,,,37.12,36.45,34.85,,,,,42.72,50.6,52.8,64.9,61.39,,7.94,-56.98,11.78,-3.0,-40.26,0.0,0.0,25.87,0.0,0.0,,0.0,0.0,0.0,0.0,0.0,3.7,0.03,20.16,0.0,0.06,29.27,0.0,3.7,0.0,0.0,1.32,0.0,0.0,0.18,0.54,0.05,0.04,0.0,0.0,0.0,0.0,0.07,0.24,0.05,0.04,0.0,0.0,0.0,0.0,0.0,0.01,0.02,0.02,,0.06,0.0,8.4,0.0,0.0,0.0,0.0,0.0,0.0,0.01,,0.0,0.02,,100.0,0.0,0.0,,0.0,0.0,0.0,0.01,0.0
GB5 9,0.34,2.1,0.0,0.0,0.0,0.0,0.03,0.01,0.0,,0.64,81.7,84.27,114.11,92.73,81.25,,,,,,86.95,87.13,,,42.56,41.37,52.78,51.62,42.81,41.69,52.92,52.15,,,42.31,40.4,33.66,51.75,53.47,65.76,58.03,53.06,54.06,56.95,65.76,60.57,,-6.1,-35.67,-5.23,1.76,-45.25,9.17,4.83,8.77,0.0,0.0,,0.0,0.0,25.45,1.46,0.0,11.07,1.37,17.31,0.0,0.17,,0.0,11.07,0.0,0.0,4.04,0.0,0.0,0.01,0.01,0.05,0.04,0.35,0.64,0.04,0.03,0.01,0.0,0.03,0.03,0.13,0.3,0.04,0.04,0.53,0.61,3.8,3.1,,,0.0,25.15,0.01,0.0,0.0,0.0,0.0,0.0,8.07,,100.0,100.0,,100.0,0.0,0.0,,0.0,0.0,100.0,58.23,0.0
GR0 0,0.0,1.75,0.0,0.0,0.0,0.0,0.06,0.02,0.15,0.0,1.46,75.11,84.33,114.16,80.53,76.96,,,,,,80.48,80.55,,,34.27,33.35,44.2,43.29,34.4,33.51,44.41,43.59,,,35.69,33.75,65.04,,66.49,42.99,38.0,65.04,70.46,67.72,49.29,39.44,95.88,8.62,-23.34,-54.75,1.8,-67.67,0.0,5.36,27.76,0.0,0.0,0.01,0.0,0.0,64.97,4.01,3.53,23.56,0.0,24.27,0.0,1.69,0.9,0.18,23.56,4.42,4.51,7.42,0.0,0.0,0.21,1.0,0.04,0.04,0.73,3.2,0.04,0.03,0.08,0.16,0.04,0.03,0.11,0.51,0.04,0.03,1.0,1.42,4.62,5.3,,,0.0,53.53,38.96,0.0,0.0,0.0,0.0,0.0,18.24,,0.0,100.0,,37.9,0.0,0.0,0.0,0.0,0.0,100.0,100.0,0.0
GR0 1,0.0,0.0,0.0,0.0,0.0,0.0,0.06,0.01,0.07,0.0,0.0,76.63,85.13,114.96,83.28,78.11,,,,,,81.91,82.06,,,37.2,36.17,48.61,47.92,37.38,36.42,48.92,48.37,,,40.05,38.0,,,,45.65,40.71,76.32,84.01,76.82,50.81,40.71,96.59,7.15,12.25,31.91,5.21,56.51,0.0,0.0,0.0,0.0,0.0,0.1,0.0,0.0,5.22,4.23,1.56,24.88,0.0,2.72,0.0,1.78,9.08,0.0,24.88,0.0,0.0,6.63,0.0,0.0,0.41,1.32,0.04,0.03,0.6,1.92,0.04,0.03,0.12,0.21,0.04,0.03,0.1,0.31,0.04,0.03,0.92,0.88,3.72,3.23,0.7,2.59,627.46,56.55,0.02,0.0,0.0,0.0,0.0,0.0,13.79,,0.0,0.01,,0.0,0.0,0.0,0.0,0.0,0.0,3.77,100.0,0.0
HR0 0,0.0,0.0,0.0,0.0,0.0,0.0,0.81,0.02,0.0,0.01,0.0,103.34,86.62,116.45,113.52,104.92,,,,,,108.78,108.78,,,47.46,46.23,62.34,61.42,47.59,46.34,62.49,61.85,,,49.17,46.5,,,,55.46,51.32,115.04,124.07,120.31,58.13,51.32,120.07,2.11,4.73,-0.85,4.07,10.06,0.0,0.0,0.0,0.0,0.0,0.28,0.0,0.0,17.55,3.86,0.01,14.19,0.0,0.59,0.07,0.06,0.3,0.0,14.19,0.01,0.01,4.19,0.0,0.0,0.55,0.9,0.04,0.03,0.36,0.64,0.04,0.03,0.17,0.22,0.04,0.03,0.07,0.15,0.04,0.03,0.13,0.51,1.58,1.16,0.52,1.32,0.0,32.26,0.03,0.0,0.0,0.0,0.0,0.0,5.34,,0.0,0.0,,0.0,0.0,0.0,0.0,0.0,0.0,21.67,100.0,0.0
HU0 0,,1.19,0.0,0.0,0.0,0.0,0.02,0.0,0.0,0.0,,98.67,86.13,115.96,107.79,99.78,,,,,,104.13,104.1,,,47.05,45.7,62.1,61.36,47.06,45.73,62.18,61.66,,,48.8,46.07,73.27,,,56.95,50.48,73.27,,,56.95,50.48,87.47,-1.54,-4.17,-8.84,0.59,-13.95,,,42.11,0.0,0.0,0.0,0.0,0.0,6.48,1.45,0.0,17.18,1.19,11.6,0.0,0.0,3.06,0.0,17.18,0.0,0.0,7.15,0.0,0.0,0.66,1.03,0.04,0.03,0.71,1.16,0.04,0.03,0.32,0.56,0.04,0.04,0.28,0.62,0.04,0.03,0.24,1.03,4.7,3.3,,,0.0,39.04,0.01,0.0,0.0,0.0,0.0,0.0,9.38,,,,,61.74,0.0,0.0,0.0,0.0,0.0,4.18,23.82,0.0
HU0 1,,0.0,0.0,0.0,0.0,0.0,0.18,0.01,0.0,0.0,,98.84,86.2,116.03,107.69,100.11,,,,,,104.31,104.27,,,46.88,45.53,62.14,61.46,46.9,45.59,62.27,61.82,,,48.65,45.93,,,,56.39,50.2,89.46,,,56.39,50.2,86.5,3.09,4.35,6.5,-0.77,13.17,,,0.0,0.0,0.0,0.02,0.0,0.0,17.18,2.0,0.0,10.57,0.4,1.25,0.0,0.0,4.32,0.0,10.57,0.01,0.01,4.35,0.0,0.0,0.5,0.8,0.04,0.03,0.39,0.66,0.04,0.03,0.23,0.44,0.04,0.04,0.15,0.37,0.05,0.04,0.13,0.62,1.45,1.38,,0.03,0.0,24.03,0.09,0.0,0.0,0.0,0.0,0.0,6.63,,,,,0.0,0.0,0.0,0.0,0.0,0.0,11.88,53.18,0.0
IE4 0,0.0,14.29,0.0,0.0,0.0,0.0,0.03,0.0,0.0,0.01,0.16,69.2,81.86,111.69,80.83,69.14,,,,,,74.62,74.63,,,39.33,38.18,46.23,45.3,39.45,38.79,46.37,45.7,,,32.33,32.18,36.62,,,,63.22,41.15,50.61,53.83,69.7,63.22,72.67,-10.5,-219.09,1.33,0.76,-227.5,0.0,0.35,137.83,0.0,0.0,0.22,0.0,0.0,9.51,0.0,0.0,18.35,3.36,105.14,0.0,0.12,0.02,0.86,18.35,0.0,0.0,8.12,0.0,0.0,0.36,1.08,0.04,0.03,0.36,1.03,0.04,0.03,0.17,0.42,0.04,0.03,0.12,0.37,0.04,0.04,0.41,1.17,1.74,2.44,0.34,0.0,0.0,41.7,0.0,0.0,0.0,0.0,0.0,0.0,9.83,,0.0,100.0,,100.0,0.0,0.0,0.0,0.0,0.0,4.34,0.01,0.0
IT0 0,0.0,0.0,0.0,0.0,0.0,0.0,0.06,0.01,0.01,0.01,,106.12,85.88,115.71,118.61,107.75,,,,,,111.69,111.55,,,47.56,46.31,61.95,60.95,47.58,46.29,62.08,61.28,,,47.14,44.51,,,,53.77,,138.14,144.12,,64.46,51.27,91.58,4.16,10.49,24.09,-1.95,36.79,0.0,,0.0,0.0,0.0,0.18,0.0,0.0,0.84,3.13,1.78,20.07,0.41,0.0,1.07,0.22,6.23,0.0,20.07,0.01,0.01,4.78,0.0,0.0,0.3,0.49,0.04,0.03,0.28,0.42,0.04,0.03,0.13,0.23,0.04,0.03,0.1,0.19,0.04,0.03,0.05,0.0,3.9,3.18,,0.02,0.0,45.62,0.05,0.0,0.0,0.0,0.0,0.0,3.62,,0.0,,,0.0,0.0,0.0,0.0,0.0,0.0,2.21,100.0,0.0
IT0 1,0.0,0.0,0.0,0.0,0.0,0.0,0.39,0.02,0.01,0.0,0.0,86.05,84.82,114.65,92.92,87.91,,,,,,91.56,91.48,,,39.09,37.98,50.88,49.81,39.1,38.22,51.03,50.2,,,43.83,41.02,,,,47.18,41.77,93.18,99.87,96.72,53.27,41.77,76.18,0.18,-4.8,-5.89,0.49,-10.02,0.0,0.0,0.0,0.0,0.0,0.01,0.0,0.0,26.18,1.39,0.06,8.92,0.17,5.5,0.0,0.1,4.78,0.0,8.92,4.17,4.26,2.68,0.0,0.0,0.33,1.08,0.04,0.03,0.06,0.18,0.04,0.04,0.12,0.46,0.04,0.03,0.02,0.07,0.05,0.04,0.07,0.13,0.26,0.2,,0.04,0.0,20.26,24.52,0.0,0.0,0.0,0.0,0.0,0.68,,0.0,0.3,,0.0,0.0,0.0,0.0,0.0,0.0,55.9,100.0,0.0
IT0 10,0.0,2.77,0.0,0.0,0.0,0.0,0.27,0.02,0.06,,,77.33,84.45,114.28,83.25,79.31,,,,,,82.86,82.76,,,35.92,34.87,45.8,44.67,35.97,35.13,45.98,45.04,,,39.53,36.76,68.86,,,45.3,40.15,68.86,72.45,,50.61,40.15,,3.77,-23.2,-4.18,-0.72,-24.33,0.0,,26.48,0.0,0.0,,0.0,0.0,40.14,3.29,1.06,21.11,0.0,16.1,0.0,0.23,4.34,0.35,21.11,2.95,3.01,7.55,0.0,0.0,0.3,1.34,0.04,0.04,0.42,1.55,0.04,0.03,0.13,0.55,0.05,0.04,0.14,0.62,0.04,0.03,0.65,0.92,2.83,2.38,,0.04,0.0,47.97,17.35,0.0,0.0,0.0,0.0,0.0,12.39,,0.0,,,70.67,0.0,0.0,,0.0,0.0,56.3,100.0,0.0
IT0 11,,0.0,0.0,0.0,0.0,0.0,2.01,0.01,0.25,0.02,,106.16,85.98,115.81,118.59,107.86,,,,,,111.67,111.6,,,49.43,48.06,64.75,63.75,49.66,48.38,64.93,64.25,,,47.75,45.36,,,,53.25,49.61,121.77,,,67.02,51.07,90.97,-7.6,31.17,10.43,4.96,38.95,,,0.0,0.0,0.0,0.72,0.0,0.0,38.2,7.26,6.96,46.51,2.06,5.07,3.57,0.5,7.53,0.0,46.51,3.72,3.8,9.17,0.0,0.0,0.16,0.23,0.04,0.03,0.81,1.18,0.04,0.03,0.12,0.12,0.04,0.03,0.27,0.55,0.03,0.03,0.19,0.01,11.37,9.41,1.0,0.23,0.0,105.71,21.9,0.0,0.0,0.0,0.0,0.0,12.48,,,,,0.0,0.0,0.0,0.0,0.0,0.0,100.0,100.0,0.0
IT0 12,0.0,0.0,0.0,0.0,0.0,0.0,2.2,0.02,0.75,0.02,,107.15,85.75,115.58,119.92,108.81,,,,,,112.6,112.58,,,51.09,49.67,68.97,68.14,51.11,49.66,69.13,68.64,,,46.27,43.78,,,,51.86,47.61,155.72,155.94,,72.47,56.12,91.84,2.32,13.68,-17.84,-0.83,-2.67,0.0,,0.0,0.0,0.0,0.84,0.0,0.0,51.7,4.06,6.23,26.04,1.17,5.99,1.87,0.28,4.04,0.0,26.04,8.86,9.05,5.85,0.0,0.0,0.35,0.46,0.04,0.03,0.28,0.41,0.03,0.03,0.16,0.24,0.04,0.03,0.09,0.19,0.04,0.03,0.0,0.17,3.57,2.89,1.43,0.84,0.0,59.18,52.11,0.0,0.0,0.0,0.0,0.0,8.77,,0.01,,,0.0,0.0,0.0,0.0,0.0,0.0,100.0,100.0,0.0
IT0 13,0.0,0.35,0.0,0.0,0.0,0.0,0.32,0.02,0.09,0.0,0.07,79.44,83.77,113.6,86.4,81.41,,,,,,84.92,84.87,,,35.59,34.45,45.21,44.02,35.68,34.82,45.37,44.42,,,38.23,37.02,81.21,,,44.1,39.54,81.21,85.52,88.26,50.65,39.54,70.62,0.33,-1.74,0.58,-0.58,-1.42,0.0,0.56,5.08,0.0,0.0,0.01,0.0,0.0,13.12,2.04,1.25,13.05,0.14,3.52,0.0,0.14,,0.75,13.05,1.75,1.79,3.35,0.0,0.0,0.28,0.99,0.04,0.03,0.21,0.64,0.04,0.03,0.11,0.42,0.04,0.03,0.07,0.26,0.05,0.04,0.31,0.31,1.44,1.09,0.08,,0.49,29.65,11.34,0.0,0.0,0.0,0.0,0.0,4.74,,0.0,100.0,,21.25,0.0,0.0,0.0,0.0,0.0,28.08,100.0,0.0
IT0 14,0.0,0.0,0.0,0.0,0.0,0.0,0.83,0.02,0.14,0.02,,94.07,85.07,114.9,103.69,95.86,,,,,,99.47,99.5,,,44.47,43.22,57.87,56.78,44.46,43.21,58.07,57.34,,,44.64,42.57,,,,50.28,45.97,118.63,121.42,,59.58,45.97,80.2,-0.54,2.48,3.56,0.95,6.45,0.0,,0.0,0.0,0.0,0.27,0.0,0.0,18.86,2.07,1.1,13.26,0.41,3.02,0.38,0.14,5.59,0.0,13.26,1.6,1.63,3.48,0.0,0.0,0.31,0.67,0.04,0.03,0.13,0.28,0.04,0.03,0.13,0.31,0.04,0.04,0.04,0.12,0.04,0.04,0.03,0.11,0.73,0.48,0.69,0.01,0.0,30.14,9.38,0.0,0.0,0.0,0.0,0.0,2.01,,0.0,,,0.0,0.0,0.0,0.0,0.0,0.0,48.96,100.0,0.0
IT0 15,,0.0,0.0,0.0,0.0,0.0,0.61,0.02,0.05,0.01,,105.21,85.91,115.74,117.12,106.9,,,,,,110.85,110.64,,,46.94,45.5,61.07,60.05,47.22,45.99,61.2,60.48,,,46.84,43.9,,,,52.74,47.53,142.14,,,63.34,47.53,90.5,3.58,13.75,12.51,8.08,37.92,,,0.0,0.0,0.0,0.24,0.0,0.0,28.5,4.85,5.8,31.11,0.01,0.67,2.85,0.33,14.83,0.0,31.11,2.67,2.72,7.84,0.0,0.0,0.08,0.12,0.04,0.04,0.63,0.82,0.04,0.03,0.07,0.07,0.04,0.03,0.22,0.39,0.04,0.03,0.17,0.0,8.19,6.59,0.14,0.1,0.0,70.71,15.69,0.0,0.0,0.0,0.0,0.0,9.89,,,,,0.0,0.0,0.0,0.0,0.0,0.0,41.03,100.0,0.0
IT0 16,0.0,0.0,0.0,0.0,0.0,0.0,1.01,0.01,0.1,0.02,0.0,103.42,86.04,115.87,114.79,105.17,,,,,,108.96,108.86,,,49.89,48.47,65.02,64.14,49.86,48.43,65.17,64.62,,,48.88,46.55,,,,53.24,48.2,141.43,140.01,138.43,65.98,49.23,88.55,-3.1,-2.95,10.87,1.47,6.3,0.0,0.0,0.0,0.0,0.0,0.56,0.0,0.0,37.02,2.69,1.09,17.23,0.93,12.64,0.44,0.19,10.51,0.0,17.23,4.2,4.29,4.86,0.0,0.0,0.28,0.43,0.04,0.03,0.19,0.31,0.04,0.03,0.12,0.21,0.04,0.03,0.06,0.14,0.04,0.03,0.06,0.09,1.34,1.01,0.21,0.34,0.0,39.16,24.7,0.0,0.0,0.0,0.0,0.0,2.17,,0.0,0.0,,0.0,0.0,0.0,0.0,0.0,0.0,100.0,100.0,0.0
IT0 2,0.0,0.0,0.0,0.0,0.0,0.0,2.35,0.02,0.02,0.0,0.0,105.69,85.71,115.54,117.88,107.34,,,,,,111.16,111.12,,,46.23,44.86,59.88,58.85,46.13,44.75,59.99,59.2,,,45.74,43.24,,,,52.61,49.43,128.1,139.24,137.43,64.01,50.69,92.79,4.69,-0.46,-4.15,-3.73,-3.66,0.0,0.0,0.0,0.0,0.0,0.02,0.0,0.0,34.26,1.84,1.79,11.8,0.0,5.55,1.08,0.13,3.73,0.0,11.8,5.65,5.77,3.49,0.0,0.0,0.17,0.31,0.04,0.03,0.19,0.32,0.04,0.03,0.07,0.14,0.04,0.03,0.07,0.14,0.04,0.04,0.05,0.05,2.81,2.36,,0.01,0.0,26.83,33.22,0.0,0.0,0.0,0.0,0.0,3.36,,0.0,0.0,,0.0,0.0,0.0,0.0,0.0,0.0,100.0,100.0,0.0
IT0 3,0.0,0.0,0.0,0.0,0.0,0.0,0.45,0.02,0.03,0.02,,82.23,84.51,114.34,89.01,84.12,,,,,,87.73,87.66,,,38.03,36.96,48.02,46.83,38.03,37.11,48.12,47.24,,,42.02,39.48,,,,45.79,40.85,101.95,104.73,,51.0,40.85,71.11,4.81,-5.47,-5.35,0.46,-5.55,0.0,,0.0,0.0,0.0,0.17,0.0,0.0,23.04,1.81,0.46,11.59,0.04,6.33,0.0,0.12,11.57,0.0,11.59,2.89,2.95,3.18,0.0,0.0,0.45,1.6,0.04,0.03,0.06,0.16,0.04,0.04,0.17,0.65,0.04,0.03,0.02,0.07,0.05,0.04,0.08,0.12,0.4,0.28,,0.65,0.0,26.33,17.01,0.0,0.0,0.0,0.0,0.0,1.36,,0.0,,,0.0,0.0,0.0,0.0,0.0,0.0,67.16,100.0,0.0
IT0 4,0.0,0.0,0.0,0.0,0.0,0.0,1.5,0.02,0.35,0.02,0.0,89.97,85.14,114.97,98.79,91.8,,,,,,95.43,95.4,,,41.86,40.67,53.72,52.57,41.91,40.77,53.93,53.07,,,45.26,43.3,,,,48.1,44.15,110.13,114.38,113.04,59.13,44.74,76.38,1.25,4.52,-11.19,4.04,-1.37,0.0,0.0,0.0,0.0,0.0,0.63,0.0,0.0,33.55,4.38,6.16,28.07,0.17,1.42,0.0,0.3,7.7,0.0,28.07,6.96,7.1,5.54,0.0,0.0,0.2,0.45,0.04,0.03,0.57,1.2,0.04,0.04,0.11,0.2,0.04,0.03,0.19,0.51,0.04,0.03,0.26,0.38,2.21,2.08,,0.04,0.0,63.8,40.91,0.0,0.0,0.0,0.0,0.0,8.01,,0.0,0.11,,0.0,0.0,0.0,0.0,0.0,0.0,100.0,100.0,0.0
IT0 5,,0.0,0.0,0.0,0.0,0.0,0.46,0.01,0.46,0.02,,104.99,86.08,115.91,116.78,106.7,,,,,,110.38,110.43,,,54.38,52.96,71.88,71.31,54.4,53.04,72.03,71.77,,,49.44,47.85,,,,54.88,49.21,130.91,,,69.83,53.09,89.66,-3.82,11.78,-12.47,-0.49,-5.0,,,0.0,0.0,0.0,2.53,0.0,0.0,29.03,2.91,3.37,18.65,1.25,3.49,0.44,0.2,0.86,0.0,18.65,2.18,2.23,4.59,0.0,0.0,0.25,0.4,0.04,0.03,0.18,0.35,0.03,0.03,0.12,0.19,0.04,0.03,0.06,0.15,0.03,0.03,0.0,0.13,1.38,0.89,2.03,1.34,0.0,42.39,12.83,0.0,0.0,0.0,0.0,0.0,4.12,,,,,0.0,0.0,0.0,0.0,0.0,0.0,100.0,100.0,0.0
IT0 6,0.0,0.26,0.0,0.0,0.0,0.0,0.13,0.02,0.01,,,90.24,85.07,114.9,99.28,92.07,,,,,,95.71,95.67,,,41.45,40.26,53.34,52.22,41.45,40.19,53.49,52.62,,,45.34,44.17,102.97,,,49.12,43.2,102.97,112.23,,58.74,43.2,,3.95,-12.46,0.61,-0.41,-8.31,0.0,,12.04,0.0,0.0,,0.0,0.0,15.19,1.09,0.17,6.98,0.05,9.73,0.0,0.08,6.78,0.0,6.98,0.84,0.85,1.85,0.0,0.0,0.31,0.65,0.04,0.03,0.02,0.04,0.05,0.04,0.11,0.29,0.04,0.03,0.01,0.02,0.04,0.04,0.01,0.03,0.07,0.05,,0.08,0.0,15.87,4.92,0.0,0.0,0.0,0.0,0.0,0.25,,0.0,,,61.36,0.0,0.0,,0.0,0.0,55.27,100.0,0.0
IT0 7,0.0,0.09,0.0,0.0,0.0,0.0,0.57,0.02,0.22,,0.0,79.98,84.21,114.04,87.33,81.91,,,,,,85.47,85.41,,,35.87,34.84,45.59,44.47,35.96,35.0,45.76,44.86,,,37.86,36.18,92.81,,,42.79,38.06,92.81,94.89,95.04,53.4,40.47,,6.22,-13.95,-7.55,2.04,-13.24,0.0,0.0,2.0,0.0,0.0,,0.0,0.0,41.37,2.28,3.35,14.63,0.0,10.58,0.0,0.16,1.15,0.02,14.63,6.32,6.45,4.24,0.0,0.0,0.14,0.51,0.04,0.03,0.32,0.99,0.04,0.03,0.07,0.21,0.04,0.03,0.11,0.4,0.04,0.03,0.47,0.33,2.18,1.85,0.5,0.06,0.01,33.26,39.21,0.0,0.0,0.0,0.0,0.0,7.28,,0.0,0.14,,8.74,0.0,0.0,,0.0,0.0,100.0,100.0,0.0
IT0 8,0.0,0.0,0.0,0.0,0.0,0.0,2.66,0.02,0.14,0.01,0.0,95.97,85.34,115.18,105.92,97.71,,,,,,101.44,101.4,,,43.93,42.7,56.36,55.21,43.94,42.68,56.51,55.55,,,45.88,44.19,,,,50.17,46.36,123.13,128.56,126.47,61.02,47.29,83.0,2.27,-5.57,1.9,4.12,2.73,0.0,0.0,0.0,0.0,0.0,0.12,0.0,0.0,51.82,3.63,2.87,23.29,0.58,10.35,0.15,0.25,,0.0,23.29,7.18,7.33,6.58,0.0,0.0,0.32,0.59,0.04,0.03,0.38,0.65,0.03,0.03,0.14,0.28,0.04,0.03,0.13,0.29,0.04,0.03,0.1,0.01,1.63,1.16,0.28,0.19,0.0,52.93,42.19,0.0,0.0,0.0,0.0,0.0,4.22,,0.0,0.03,,0.0,0.0,0.0,0.0,0.0,0.0,100.0,100.0,0.0
IT0 9,0.0,0.0,0.0,0.0,0.0,0.0,0.18,0.02,0.16,0.02,0.0,89.47,85.01,114.84,97.77,91.31,,,,,,94.97,94.9,,,41.28,40.24,52.93,51.72,41.35,40.37,53.13,52.26,,,44.74,42.4,,,,47.77,42.46,107.17,119.63,111.14,56.73,42.46,76.55,-0.51,8.08,8.52,3.16,19.24,0.0,0.0,0.0,0.0,0.0,0.23,0.0,0.0,23.99,4.84,4.49,31.0,0.87,3.08,0.0,0.33,11.52,0.0,31.0,1.82,1.86,6.51,0.0,0.0,0.19,0.54,0.04,0.04,0.63,1.58,0.04,0.03,0.11,0.24,0.04,0.03,0.21,0.66,0.04,0.03,0.37,0.31,2.51,1.83,1.12,0.02,0.0,70.45,10.71,0.0,0.0,0.0,0.0,0.0,7.26,,0.0,4.62,,0.0,0.0,0.0,0.0,0.0,0.0,60.32,100.0,0.0
IT1 0,0.0,0.47,0.0,0.0,0.0,0.0,0.04,0.01,0.0,0.0,,77.93,83.85,113.68,83.96,79.9,,,,,,83.44,83.37,,,36.7,35.57,11.57,13.78,36.75,35.83,25.64,25.69,,,40.34,37.25,68.22,,,46.25,40.71,68.21,78.24,,51.03,40.71,68.98,2.07,-4.83,-3.69,-1.69,-8.13,0.0,,7.8,0.0,0.0,0.02,0.0,0.0,19.66,1.5,0.02,9.6,0.04,4.58,0.0,0.1,,0.81,9.6,3.33,3.39,3.74,0.0,0.0,0.47,1.38,0.04,0.03,0.0,0.0,0.0,0.0,0.17,0.59,0.04,0.03,0.0,0.0,0.0,0.0,0.0,0.01,0.02,0.01,0.31,0.16,0.33,21.82,19.55,0.0,0.0,0.0,0.0,0.0,0.11,,0.0,,,16.89,0.0,0.0,0.0,0.0,0.0,47.1,100.0,0.0
LT6 0,0.0,0.22,0.0,0.0,0.0,0.0,0.02,0.0,0.0,,0.09,88.88,86.58,116.41,100.75,88.64,,,,,,94.41,94.31,,,48.77,47.47,63.98,63.56,48.82,47.91,64.3,64.31,,,51.53,49.83,57.12,,59.47,,60.75,57.12,65.97,61.0,70.55,60.75,,-1.72,13.14,5.94,-0.06,17.3,0.0,1.55,1.79,0.0,0.0,,0.0,0.0,6.38,0.0,0.0,11.27,0.45,0.15,0.0,0.16,0.9,0.0,11.27,0.0,0.0,3.45,0.0,0.0,0.25,0.55,0.04,0.04,0.18,0.52,0.04,0.04,0.11,0.2,0.04,0.04,0.05,0.18,0.05,0.04,0.19,0.61,1.08,1.05,0.9,0.1,0.0,25.61,0.0,0.0,0.0,0.0,0.0,0.0,3.31,,0.01,100.0,,1.4,0.0,0.0,,0.0,0.0,3.61,0.14,0.0
LU0 0,,0.15,0.0,0.0,0.0,0.0,0.1,0.0,0.0,0.0,,113.02,85.7,0.0,127.27,114.57,,,,,,118.35,118.45,,,53.52,52.29,69.9,69.26,53.63,52.53,70.14,70.01,,,45.7,43.89,57.2,,,,61.62,77.25,,,71.03,61.62,114.85,2.92,5.28,0.14,1.81,10.16,,,3.2,0.0,0.0,0.03,0.0,0.0,5.79,0.59,0.0,3.23,0.32,0.64,0.87,0.0,2.02,0.0,3.23,0.87,0.89,1.73,0.0,0.0,0.01,0.02,0.05,0.05,0.08,0.1,0.04,0.04,0.02,0.02,0.04,0.04,0.05,0.09,0.04,0.03,0.05,0.33,1.45,1.19,1.29,,0.0,7.34,7.63,0.0,0.0,0.0,0.0,0.0,3.77,,,,,100.0,0.0,0.0,0.0,0.0,0.0,77.39,100.0,0.0
LV6 0,0.0,0.87,0.0,0.0,0.0,0.0,0.03,0.0,0.0,0.01,0.0,85.41,85.96,115.79,96.5,85.19,,,,,,90.89,90.84,,,48.0,46.75,63.07,62.72,48.05,47.26,63.47,63.57,,,49.12,47.65,51.09,,,,59.91,51.09,62.69,64.26,67.89,59.91,97.1,-1.92,-2.03,-5.75,1.88,-7.83,0.0,0.0,11.75,0.0,0.0,0.64,0.0,0.0,10.98,0.71,0.0,5.73,0.69,4.8,0.0,0.23,2.46,0.0,5.73,0.0,0.0,2.98,0.0,0.0,0.24,0.71,0.04,0.04,0.16,0.61,0.04,0.04,0.12,0.24,0.04,0.04,0.05,0.21,0.05,0.04,0.2,0.61,1.09,1.18,,0.87,0.0,13.01,0.0,0.0,0.0,0.0,0.0,0.0,6.02,,0.0,0.0,,7.9,0.0,0.0,0.0,0.0,0.0,9.15,39.37,0.0
ME0 0,0.0,0.0,0.0,0.0,0.0,0.0,0.66,0.02,0.02,,,98.23,85.41,115.24,105.87,100.12,,,,,,103.72,103.67,,,47.2,45.76,62.18,61.29,47.08,45.84,61.86,61.42,,,46.39,43.74,,,,,48.86,118.59,128.51,,59.5,48.86,,-0.38,-1.81,-5.1,0.22,-7.07,0.0,,0.0,0.0,0.0,,0.0,0.0,13.13,0.7,0.11,2.74,0.1,2.17,0.0,0.0,,0.0,2.74,2.5,2.55,0.61,0.0,0.0,0.06,0.11,0.04,0.03,0.02,0.04,0.04,0.03,0.0,0.01,0.03,0.02,0.0,0.0,0.01,0.01,0.0,0.01,0.14,0.11,,,0.0,6.22,16.33,0.0,0.0,0.0,0.0,0.0,0.2,,0.0,,,0.0,0.0,0.0,,0.0,0.0,89.34,100.0,0.0
MK0 0,,0.0,0.0,0.0,0.0,0.0,0.24,0.02,0.02,0.0,,91.51,85.1,0.0,97.09,93.37,,,,,,96.99,96.94,,,43.85,42.59,58.54,57.81,43.88,42.59,58.66,58.26,,,45.25,43.76,,,,48.81,43.44,87.66,,,55.21,43.44,86.49,-0.72,-3.18,-5.21,0.68,-8.44,,,0.0,0.0,0.0,0.04,0.0,0.0,16.96,2.02,0.15,8.68,0.15,3.79,0.0,0.0,,0.0,8.68,2.51,2.57,1.35,0.0,0.0,0.11,0.17,0.04,0.03,0.04,0.07,0.04,0.04,0.03,0.08,0.05,0.04,0.01,0.03,0.05,0.04,0.02,0.08,0.18,0.12,,0.53,0.0,19.74,18.86,0.0,0.0,0.0,0.0,0.0,0.38,,,,,0.0,0.0,0.0,0.0,0.0,0.0,33.51,100.0,0.0
NL0 0,0.13,0.93,0.0,0.0,0.0,0.0,0.03,0.01,0.0,,1.09,94.32,85.11,114.94,105.63,94.93,,,,,,99.56,99.76,,,46.56,45.32,59.87,59.16,47.32,46.96,59.98,59.43,,,45.07,43.31,39.78,53.64,53.26,67.05,59.33,55.19,55.87,59.19,68.02,60.97,,-0.86,44.38,-13.82,9.71,39.41,5.81,19.33,8.06,0.0,0.0,,0.0,0.0,30.76,4.61,0.0,21.79,3.03,17.18,0.0,4.78,15.65,0.0,21.79,1.96,2.0,12.33,0.0,0.0,0.04,0.09,0.05,0.04,0.56,1.58,0.04,0.03,0.36,0.08,0.04,0.04,0.29,0.9,0.04,0.03,0.88,2.0,13.08,10.47,,,0.0,49.51,17.31,0.0,0.0,0.0,0.0,0.0,19.18,,100.0,100.0,,100.0,0.0,0.0,,0.0,0.0,100.0,100.0,0.0
NL0 1,,0.27,0.0,0.0,0.0,0.0,0.03,0.0,0.0,,,95.22,85.32,115.16,106.75,95.32,,,,,,100.4,100.65,,,48.01,46.83,60.88,60.25,48.29,47.17,60.95,60.61,,,45.96,45.58,45.3,,,,62.25,51.61,,,71.82,62.25,,1.66,19.32,1.06,4.65,26.69,,,9.81,0.0,0.0,,0.0,0.0,7.96,0.03,0.0,8.39,1.01,4.61,0.0,1.84,3.59,0.0,8.39,0.0,0.0,3.72,0.0,0.0,0.1,0.14,0.04,0.04,0.18,0.32,0.04,0.03,0.19,0.11,0.04,0.04,0.09,0.22,0.04,0.04,0.27,0.64,1.26,1.21,,,931.44,19.07,0.04,0.0,0.0,0.0,0.0,0.0,7.69,,,,,100.0,0.0,0.0,,0.0,0.0,37.02,1.61,0.0
NL0 2,,0.41,0.0,0.0,0.0,0.0,0.13,0.0,0.0,,,105.57,85.42,115.25,118.18,106.45,,,,,,110.82,111.0,,,50.37,49.19,64.84,64.28,51.03,50.38,64.92,64.7,,,45.61,44.37,49.43,,,69.09,61.86,65.27,,,70.65,61.86,,44.77,54.03,11.78,19.01,129.59,,,7.61,0.0,0.0,,0.0,0.0,13.83,3.46,0.0,16.36,2.06,0.77,1.02,3.59,5.03,0.0,16.36,0.25,0.26,6.4,0.0,0.0,0.06,0.07,0.05,0.04,0.41,0.63,0.04,0.03,0.29,0.09,0.04,0.03,0.21,0.46,0.04,0.03,0.37,0.96,5.15,3.92,,,0.0,37.18,1.98,0.0,0.0,0.0,0.0,0.0,10.35,,,,,100.0,0.0,0.0,,0.0,0.0,50.12,100.0,0.0
NL0 3,0.08,0.61,0.0,0.0,0.0,0.0,0.01,0.0,0.0,,0.04,91.23,85.25,115.08,102.38,91.19,,,,,,96.47,96.66,,,46.41,45.2,59.44,58.73,46.56,45.48,59.51,58.93,,,46.15,45.58,35.64,,,,62.09,52.8,61.64,63.0,71.44,62.09,,3.35,8.44,-1.5,-0.66,9.64,0.4,0.15,8.4,0.0,0.0,,0.0,0.0,2.8,0.01,0.0,4.37,0.58,3.92,0.0,0.96,4.33,0.0,4.37,0.0,0.0,2.76,0.0,0.0,0.04,0.07,0.05,0.04,0.1,0.21,0.04,0.04,0.09,0.05,0.04,0.03,0.05,0.13,0.05,0.04,0.16,0.32,0.97,0.63,,,153.85,9.92,0.01,0.0,0.0,0.0,0.0,0.0,3.76,,100.0,100.0,,100.0,0.0,0.0,,0.0,0.0,13.16,0.74,0.0
NL0 4,0.24,0.11,0.0,0.0,0.0,0.0,0.03,0.0,0.0,,0.95,84.25,84.89,114.72,95.04,84.11,,,,,,89.59,89.69,,,44.05,42.75,55.41,54.54,44.8,44.68,55.51,54.72,,,44.41,43.04,30.05,50.63,54.7,,58.79,49.78,51.73,54.7,69.18,59.34,,3.93,7.31,1.53,6.67,19.44,4.32,15.38,3.19,0.0,0.0,,0.0,0.0,15.1,0.02,0.0,15.07,1.25,13.92,0.0,3.3,2.73,0.0,15.07,0.0,0.0,7.8,0.0,0.0,0.0,0.01,0.05,0.04,0.42,0.91,0.04,0.03,0.24,0.03,0.04,0.04,0.22,0.52,0.04,0.03,0.78,1.24,2.92,2.92,,,0.0,34.24,0.01,0.0,0.0,0.0,0.0,0.0,12.38,,100.0,37.3,,100.0,0.0,0.0,,0.0,0.0,100.0,0.65,0.0
NL0 5,0.14,0.84,0.0,0.0,0.0,0.0,0.0,0.0,0.0,,0.14,79.76,85.08,114.91,90.46,79.5,,,,,,85.14,85.2,,,43.44,42.12,53.81,53.03,43.47,42.14,53.91,53.18,,,43.87,43.07,31.73,49.63,51.9,,,48.23,51.14,51.9,68.17,62.1,,4.19,-52.4,-19.36,-0.45,-68.03,1.37,22.09,9.16,0.0,0.0,,0.0,0.0,0.04,0.0,0.0,6.36,0.0,23.81,0.0,1.4,4.64,0.0,6.36,0.0,0.0,2.96,0.0,0.0,0.11,0.19,0.05,0.04,0.13,0.27,0.04,0.04,0.16,0.12,0.04,0.04,0.07,0.15,0.05,0.04,0.27,0.5,0.92,0.86,,,4283.61,14.46,0.0,0.0,0.0,0.0,0.0,0.0,3.78,,100.0,80.39,,100.0,0.0,0.0,,0.0,0.0,0.18,0.05,0.0
NO3 0,0.0,0.0,0.0,0.0,0.0,0.0,0.0,0.0,0.0,,0.0,59.71,85.24,115.07,71.5,59.75,,,,,,65.22,65.14,,,42.13,41.5,52.08,51.99,42.17,41.91,52.17,52.24,,,44.65,43.97,,,,,,57.68,59.25,58.86,58.19,55.96,,1.16,5.15,10.3,0.82,17.44,0.0,0.0,0.0,0.0,0.0,,0.0,0.0,0.0,0.0,0.0,1.82,0.35,0.0,0.0,0.11,,0.0,1.82,0.0,0.0,2.22,0.0,0.0,0.03,0.12,0.0,0.0,0.03,0.18,0.0,0.0,0.02,0.08,0.0,0.0,0.02,0.11,0.0,0.0,0.06,0.22,0.13,0.13,0.06,1.58,0.0,4.13,0.0,0.0,0.0,0.0,0.0,0.0,0.39,,0.0,0.0,,0.0,0.0,0.0,,0.0,0.0,0.0,0.01,0.0
NO3 1,0.0,0.0,0.0,0.0,0.0,0.0,,,0.0,,0.0,61.09,85.89,115.72,72.12,61.14,,,,,,66.6,66.53,,,42.33,41.31,54.41,54.11,42.38,41.49,54.43,54.3,,,46.82,46.83,,,,,,58.46,58.94,59.49,,,,0.37,1.0,-0.35,2.11,3.14,0.0,0.0,0.0,0.0,0.0,,0.0,0.0,,,0.0,1.22,0.03,0.0,0.0,0.07,,0.0,1.22,0.0,0.0,1.33,0.0,0.0,0.07,0.17,0.0,0.0,0.01,0.02,0.0,0.0,0.04,0.12,0.0,0.0,0.0,0.01,0.0,0.0,0.01,0.04,0.02,0.03,,2.32,0.0,2.77,0.0,0.0,0.0,0.0,0.0,0.0,0.08,,0.0,0.03,,0.0,0.0,0.0,,0.0,0.0,,,0.0
NO3 2,0.0,0.0,0.0,0.0,0.0,0.0,0.0,0.0,0.0,,0.0,54.39,84.23,114.06,66.02,54.44,,,,,,59.93,59.82,,,40.71,40.45,51.03,51.24,40.74,40.71,51.1,51.41,,,40.51,39.45,,,,,,52.89,53.98,54.02,55.37,54.48,,-2.36,11.45,-12.01,1.1,-1.82,0.0,0.0,0.0,0.0,0.0,,0.0,0.0,0.0,0.0,0.0,3.28,1.07,0.01,0.0,0.2,0.0,0.0,3.28,0.0,0.0,3.17,0.0,0.0,0.04,0.14,0.0,0.0,0.06,0.33,0.0,0.0,0.02,0.09,0.0,0.0,0.03,0.21,0.0,0.0,0.04,0.51,0.63,0.55,0.35,9.23,0.0,7.44,0.0,0.0,0.0,0.0,0.0,0.0,0.37,,0.0,0.04,,0.0,0.0,0.0,,0.0,0.0,0.0,0.01,0.0
NO3 3,0.0,0.0,0.0,0.0,0.0,0.0,0.0,0.0,0.0,,0.0,54.07,85.08,114.91,65.14,54.14,,,,,,59.58,59.51,,,40.2,39.53,14.5,17.28,40.24,39.88,28.45,28.76,,,41.35,41.48,,,,,,53.69,53.82,53.83,54.17,54.15,,1.96,-0.89,-0.68,1.33,1.71,0.0,0.0,0.0,0.0,0.0,,0.0,0.0,0.0,0.0,0.0,0.68,0.02,0.77,0.0,0.04,,0.0,0.68,0.0,0.0,1.0,0.0,0.0,0.04,0.19,0.0,0.0,0.0,0.0,0.0,0.0,0.02,0.13,0.0,0.0,0.0,0.0,0.0,0.0,0.0,0.01,0.0,0.0,,3.03,0.0,1.56,0.0,0.0,0.0,0.0,0.0,0.0,0.0,,0.0,0.0,,0.0,0.0,0.0,,0.0,0.0,0.0,0.02,0.0
NO3 4,0.0,0.0,0.0,0.0,0.0,0.0,0.0,0.0,0.0,,0.0,54.32,83.73,113.56,65.94,54.38,,,,,,59.85,59.75,,,39.56,39.4,47.0,47.07,39.6,39.6,47.06,47.22,,,38.41,37.65,52.99,,,,,52.99,53.4,53.36,56.62,54.66,,0.55,7.68,-6.0,2.86,5.09,0.0,0.0,1.56,0.0,0.0,,0.0,0.0,0.0,0.0,0.0,2.14,0.66,0.0,0.0,0.13,31.34,0.0,2.14,0.0,0.0,1.97,0.0,0.0,0.01,0.05,0.0,0.0,0.05,0.24,0.0,0.0,0.01,0.03,0.0,0.0,0.03,0.16,0.0,0.0,0.06,0.35,0.34,0.29,0.09,4.46,0.0,4.86,0.0,0.0,0.0,0.0,0.0,0.0,0.34,,0.0,0.37,,2.79,0.0,0.0,,0.0,0.0,0.0,0.01,0.0
NO3 5,0.0,0.0,0.0,0.0,0.0,0.0,0.0,0.0,0.0,,0.0,54.26,84.25,114.08,65.79,54.31,,,,,,59.77,59.69,,,39.2,39.12,47.76,47.9,39.09,39.14,47.81,48.04,,,40.18,39.87,52.42,,50.36,,,52.42,52.93,53.45,56.76,54.63,,-3.57,0.41,-29.5,0.29,-32.37,0.0,1.87,13.62,0.0,0.0,,0.0,0.0,0.0,0.0,0.0,3.07,0.84,4.76,0.0,0.18,7.3,0.0,3.07,0.0,0.0,3.08,0.0,0.0,0.0,0.01,0.0,0.0,0.07,0.42,0.0,0.0,0.0,0.0,0.0,0.0,0.04,0.27,0.0,0.0,0.11,0.58,0.41,0.37,0.84,7.21,0.0,6.97,0.0,0.0,0.0,0.0,0.0,0.0,0.6,,0.01,100.0,,18.55,0.0,0.0,,0.0,0.0,0.0,0.01,0.0
NO3 6,0.0,0.0,0.0,0.0,0.0,0.0,0.0,0.0,0.0,,,54.4,84.9,114.73,66.1,54.45,,,,,,59.92,59.83,,,39.89,39.78,48.57,48.82,39.93,39.96,48.65,48.99,,,42.5,42.43,,,,,,52.33,52.94,,57.09,54.7,,-6.5,14.74,40.79,1.29,50.33,0.0,,0.0,0.0,0.0,,0.0,0.0,0.0,0.0,0.0,9.18,1.59,2.21,0.0,0.55,,0.0,9.18,0.0,0.0,7.32,0.0,0.0,0.06,0.29,0.0,0.0,0.18,1.29,0.0,0.0,0.03,0.19,0.0,0.0,0.1,0.83,0.0,0.0,0.35,1.64,0.54,0.46,,3.85,0.0,20.86,0.0,0.0,0.0,0.0,0.0,0.0,1.39,,0.0,,,0.0,0.0,0.0,,0.0,0.0,0.0,0.0,0.0
PL0 0,,3.42,0.0,0.0,0.0,0.0,0.03,0.0,0.0,,,92.02,85.56,115.39,102.51,91.94,,,,,,97.49,97.45,,,49.06,47.92,63.22,62.81,49.07,48.17,63.42,63.26,,,46.95,45.9,57.55,,,,60.64,57.55,,,67.04,60.64,,1.0,-5.7,-18.48,7.73,-15.46,,,25.15,0.0,0.0,,0.0,0.0,17.38,0.0,0.0,14.41,0.41,8.25,0.0,0.02,2.96,0.0,14.41,0.0,0.0,4.02,0.0,0.0,0.65,1.48,0.04,0.04,0.08,0.25,0.05,0.04,0.33,0.68,0.04,0.03,0.03,0.11,0.06,0.05,0.06,0.48,0.56,0.67,,,0.0,32.75,0.0,0.0,0.0,0.0,0.0,0.0,3.34,,,,,45.54,0.0,0.0,,0.0,0.0,13.89,0.01,0.0
PL0 1,0.0,4.22,0.0,0.0,0.0,0.0,0.03,0.0,0.0,,0.0,77.68,84.53,114.37,87.8,77.58,,,,,,83.16,83.11,,,44.92,43.76,56.66,56.23,44.93,43.94,56.72,56.36,,,42.96,42.94,43.0,,,,60.28,45.78,55.81,59.25,65.27,60.28,,0.86,-41.98,-15.35,-1.06,-57.53,0.0,0.0,35.63,0.0,0.0,,0.0,0.0,9.86,0.0,0.0,9.93,0.44,22.46,0.0,0.01,0.9,0.0,9.93,0.0,0.0,2.92,0.0,0.0,0.31,0.6,0.04,0.04,0.1,0.25,0.04,0.04,0.18,0.26,0.04,0.04,0.03,0.1,0.06,0.05,0.12,0.57,0.59,0.84,0.87,0.01,1954.26,22.56,0.0,0.0,0.0,0.0,0.0,0.0,3.33,,0.0,0.0,,100.0,0.0,0.0,,0.0,0.0,17.5,0.01,0.0
PL0 2,,0.32,0.0,0.0,0.0,0.0,0.02,0.0,0.0,0.0,,96.42,85.59,115.42,106.94,96.52,,,,,,101.89,101.85,,,49.81,48.71,64.5,64.11,49.9,49.02,64.6,64.48,,,46.7,46.2,58.04,,,,61.19,58.03,,,68.49,61.19,93.66,-6.8,19.52,26.87,7.74,47.34,,,4.82,0.0,0.0,0.01,0.0,0.0,11.5,0.0,0.0,28.76,1.58,0.0,0.0,0.03,6.91,0.0,28.76,0.0,0.0,7.89,0.0,0.0,0.72,1.08,0.04,0.03,0.39,0.61,0.04,0.03,0.47,0.6,0.04,0.03,0.13,0.32,0.05,0.04,0.3,1.21,2.16,2.07,,0.01,0.0,65.37,0.0,0.0,0.0,0.0,0.0,0.0,8.46,,,,,7.58,0.0,0.0,0.0,0.0,0.0,7.45,0.01,0.0
PL0 3,0.0,1.36,0.0,0.0,0.0,0.0,0.02,0.0,0.0,,0.33,93.15,85.34,115.17,103.55,93.24,,,,,,98.57,98.59,,,48.97,47.84,62.36,61.82,49.01,48.1,62.46,62.18,,,45.43,45.01,53.48,,59.97,,61.0,53.48,68.95,71.34,68.06,61.0,,2.09,-7.25,-10.65,-3.46,-19.26,0.0,1.54,15.03,0.0,0.0,,0.0,0.0,8.02,0.0,0.0,8.71,0.21,5.88,0.0,0.01,3.63,0.0,8.71,0.0,0.0,2.52,0.0,0.0,0.41,0.58,0.05,0.04,0.04,0.07,0.05,0.04,0.21,0.33,0.04,0.04,0.01,0.04,0.06,0.05,0.05,0.22,0.36,0.32,0.08,,1452.11,19.79,0.0,0.0,0.0,0.0,0.0,0.0,2.53,,0.05,100.0,,49.29,0.0,0.0,,0.0,0.0,17.85,0.03,0.0
PL0 4,,7.67,0.0,0.0,0.0,0.0,0.03,0.0,0.0,0.0,,92.47,85.25,115.08,102.63,92.35,,,,,,97.93,97.9,,,49.16,48.01,63.35,62.89,49.2,48.31,63.57,63.48,,,45.42,44.64,56.76,,,,61.8,56.76,,,67.46,61.8,91.54,-6.57,-9.21,-3.73,5.95,-13.57,,,35.67,0.0,0.0,0.0,0.0,0.0,16.93,0.0,0.0,24.47,1.25,13.85,0.0,0.03,12.68,0.0,24.47,0.0,0.0,7.75,0.0,0.0,0.79,1.41,0.04,0.04,0.24,0.48,0.04,0.03,0.46,0.7,0.04,0.04,0.08,0.23,0.05,0.04,0.2,1.34,1.95,1.95,,0.2,0.0,55.62,0.0,0.0,0.0,0.0,0.0,0.0,14.65,,,,,43.22,0.0,0.0,0.0,0.0,0.0,10.7,0.01,0.0
PL0 5,,1.93,0.0,0.0,0.0,0.0,0.04,0.0,0.0,,,96.2,86.02,115.85,106.41,96.42,,,,,,101.66,101.63,,,49.65,48.43,64.9,64.6,49.85,48.91,65.06,64.98,,,48.44,47.73,57.98,,,,60.58,57.98,,,68.68,60.58,,-15.41,16.61,-3.52,11.67,9.36,,,32.47,0.0,0.0,,0.0,0.0,42.65,0.0,0.0,39.58,3.01,9.78,0.0,0.04,4.83,0.0,39.58,0.0,0.0,12.89,0.0,0.0,0.34,0.51,0.04,0.04,0.75,1.37,0.04,0.03,0.42,0.3,0.04,0.03,0.26,0.63,0.04,0.03,0.53,2.94,4.36,3.56,0.64,0.02,0.0,89.95,0.0,0.0,0.0,0.0,0.0,0.0,14.71,,,,,70.54,0.0,0.0,,0.0,0.0,36.58,0.01,0.0
PL0 6,,1.44,0.0,0.0,0.0,0.0,0.02,0.0,0.0,,,92.43,85.47,115.31,103.0,92.34,,,,,,97.9,97.86,,,49.43,48.31,63.72,63.29,49.49,48.62,63.97,63.86,,,46.53,45.19,60.73,,,,62.79,60.73,,,68.37,62.79,,-8.73,16.69,23.67,7.56,39.2,,,6.25,0.0,0.0,,0.0,0.0,1.47,0.0,0.0,26.85,1.71,0.0,0.0,0.03,7.61,0.0,26.85,0.0,0.0,7.35,0.0,0.0,0.54,1.02,0.04,0.04,0.38,0.91,0.04,0.04,0.4,0.47,0.05,0.04,0.12,0.4,0.05,0.04,0.33,1.76,2.45,3.04,,0.02,0.0,61.01,0.0,0.0,0.0,0.0,0.0,0.0,12.31,,,,,8.55,0.0,0.0,,0.0,0.0,1.02,0.01,0.0
PL0 7,,1.77,0.0,0.0,0.0,0.0,0.06,0.0,0.0,0.0,,97.54,85.87,115.7,107.5,97.86,,,,,,103.0,102.97,,,49.95,48.61,65.18,64.66,50.13,49.12,65.28,65.11,,,47.89,46.71,63.99,,,,59.47,63.99,,,67.62,59.47,95.15,-4.79,6.15,-8.23,6.17,-0.7,,,16.8,0.0,0.0,0.01,0.0,0.0,12.24,0.0,0.0,16.77,1.1,3.51,0.0,0.02,3.69,0.0,16.77,0.0,0.0,4.77,0.0,0.0,0.26,0.49,0.04,0.04,0.28,0.68,0.04,0.03,0.22,0.25,0.04,0.03,0.1,0.31,0.05,0.04,0.17,1.21,1.53,1.42,0.2,0.06,0.0,38.11,0.0,0.0,0.0,0.0,0.0,0.0,6.44,,,,,51.27,0.0,0.0,0.0,0.0,0.0,16.13,0.02,0.0
PT0 0,0.0,0.63,0.0,0.0,0.0,0.0,0.03,0.0,0.01,0.01,,67.13,82.7,112.53,75.41,68.92,,,,,,72.57,72.57,,,32.95,31.75,41.23,39.82,32.97,31.71,41.41,40.02,,,34.67,33.16,61.36,,,43.18,38.26,61.36,60.69,,51.68,38.26,58.86,-0.93,-2.18,-17.31,-1.67,-22.08,0.0,,17.47,0.0,0.0,0.27,0.0,0.0,23.84,3.62,1.27,18.25,0.46,5.3,0.0,0.3,1.79,0.0,18.25,0.0,0.0,4.44,0.0,0.0,0.08,0.2,0.03,0.03,0.08,0.19,0.03,0.02,0.08,0.23,0.03,0.03,0.06,0.2,0.03,0.03,0.18,0.25,1.12,0.76,,0.26,208.74,41.49,0.01,0.0,0.0,0.0,0.0,0.0,3.78,,0.01,,,32.08,0.0,0.0,0.0,0.0,0.0,46.66,100.0,0.0
PT0 1,0.0,0.0,0.0,0.0,0.0,0.0,0.0,0.0,0.0,0.01,,67.87,83.08,112.91,76.5,69.39,,,,,,73.31,73.3,,,34.87,33.68,44.35,42.82,34.94,33.76,44.47,43.18,,,37.28,36.51,,,,45.32,,59.2,60.54,,52.41,43.67,59.42,1.43,15.05,23.61,-0.7,39.39,0.0,,0.0,0.0,0.0,1.35,0.0,0.0,0.01,4.44,0.16,22.41,1.12,0.0,0.0,0.36,0.92,0.0,22.41,0.0,0.0,4.88,0.0,0.0,0.08,0.14,0.04,0.03,0.11,0.18,0.03,0.03,0.09,0.17,0.04,0.03,0.08,0.19,0.03,0.03,0.2,0.27,0.86,0.54,2.42,1.96,871.14,50.93,0.01,0.0,0.0,0.0,0.0,0.0,2.21,,0.0,,,0.0,0.0,0.0,0.0,0.0,0.0,0.02,100.0,0.0
PT0 2,0.0,0.0,0.0,0.0,0.0,0.0,0.35,0.0,0.0,,,66.86,82.25,112.08,74.95,68.82,,,,,,72.31,72.29,,,32.05,31.12,10.59,12.62,32.0,30.99,23.15,23.22,,,34.08,31.84,,,,,37.17,66.48,67.42,,50.41,37.17,,6.79,-9.18,1.14,-0.29,-1.54,0.0,,0.0,0.0,0.0,,0.0,0.0,16.72,0.67,0.01,3.4,0.02,6.81,0.0,0.06,0.9,0.21,3.4,0.01,0.01,1.0,0.0,0.0,0.04,0.14,0.04,0.03,0.0,0.0,0.0,0.0,0.04,0.16,0.04,0.03,0.0,0.0,0.0,0.0,0.0,0.0,0.01,0.0,0.51,,186.37,7.72,0.05,0.0,0.0,0.0,0.0,0.0,0.04,,0.0,,,0.0,0.0,0.0,,0.0,0.0,50.5,100.0,0.0
RO0 0,,0.0,0.0,0.0,0.0,0.0,0.0,0.03,0.0,0.01,,99.33,86.47,116.3,107.21,100.98,,,,,,104.59,104.76,,,48.14,46.94,65.03,64.64,48.19,47.07,65.3,65.26,,,49.29,46.48,,,,55.93,,102.29,,,55.93,61.52,80.59,2.89,2.2,19.04,2.59,26.73,,,0.0,0.0,0.0,0.41,0.0,0.0,0.01,4.98,0.0,13.89,0.17,1.25,0.0,0.02,0.35,0.0,13.89,0.01,0.01,5.05,0.0,0.0,1.03,1.73,0.04,0.03,0.15,0.32,0.04,0.03,0.23,0.5,0.04,0.04,0.03,0.08,0.05,0.04,0.07,0.3,0.6,0.59,,3.37,0.0,31.56,0.08,0.0,0.0,0.0,0.0,0.0,2.73,,,,,0.0,0.0,0.0,0.0,0.0,0.0,0.0,74.58,0.0
RO0 1,,0.04,0.0,0.0,0.0,0.0,0.41,0.02,0.0,0.01,,99.86,86.4,116.23,108.13,101.57,,,,,,105.1,105.3,,,47.37,46.38,64.85,64.78,47.42,46.53,65.29,65.51,,,48.72,45.8,99.74,,,52.46,47.23,99.74,,,53.07,47.23,81.04,2.5,4.25,-5.14,5.4,7.02,,,1.48,0.0,0.0,0.32,0.0,0.0,21.27,7.07,1.92,14.69,0.04,0.2,0.0,0.02,0.08,0.0,14.69,1.94,1.98,4.47,0.0,0.0,0.35,0.65,0.04,0.03,0.43,0.97,0.04,0.03,0.1,0.18,0.04,0.03,0.08,0.25,0.04,0.04,0.14,0.59,2.25,1.69,,1.44,0.0,33.38,17.12,0.0,0.0,0.0,0.0,0.0,8.02,,,,,1.77,0.0,0.0,0.0,0.0,0.0,11.19,100.0,0.0
RO0 2,0.47,0.0,0.0,0.0,0.0,0.0,0.0,0.0,0.0,0.0,0.27,93.04,86.11,115.95,101.07,94.45,,,,,,98.34,98.47,,,46.34,45.43,63.23,63.05,46.39,45.42,63.52,63.5,,,49.12,45.8,,78.07,77.03,,,82.64,80.14,80.78,63.6,59.04,76.19,2.04,2.85,-1.15,5.56,9.3,8.37,3.9,0.0,0.0,0.0,0.14,0.0,0.0,0.0,0.0,0.0,11.96,0.47,2.52,0.0,0.02,0.02,0.0,11.96,0.0,0.0,4.92,0.0,0.0,0.51,1.31,0.04,0.03,0.26,0.83,0.04,0.04,0.12,0.32,0.04,0.03,0.05,0.2,0.04,0.04,0.15,0.48,0.9,1.17,,0.49,0.0,27.17,0.03,0.0,0.0,0.0,0.0,0.0,4.9,,100.0,100.0,,0.0,0.0,0.0,0.0,0.0,0.0,0.0,0.04,0.0
RS0 0,,0.0,0.0,0.0,0.0,0.0,0.24,0.02,0.0,,,98.89,85.66,115.49,105.24,100.57,,,,,,104.37,104.32,,,46.67,45.44,62.65,62.07,46.66,45.48,62.81,62.58,,,46.6,43.8,,,,53.14,47.97,107.29,,,55.64,47.97,,-0.88,5.38,12.13,1.02,17.64,,,0.0,0.0,0.0,,0.0,0.0,10.12,3.66,0.0,15.58,0.51,0.17,0.0,0.01,1.8,0.0,15.58,0.36,0.36,3.95,0.0,0.0,0.44,0.6,0.04,0.03,0.11,0.18,0.04,0.03,0.14,0.29,0.04,0.04,0.04,0.08,0.05,0.04,0.03,0.14,0.85,0.64,,,0.0,35.42,3.11,0.0,0.0,0.0,0.0,0.0,1.32,,,,,0.0,0.0,0.0,,0.0,0.0,12.81,100.0,0.0
RS0 1,,0.24,0.0,0.0,0.0,0.0,0.1,0.02,0.0,,,99.49,86.11,115.94,107.03,101.04,,,,,,104.97,104.92,,,45.92,44.56,61.72,60.88,45.97,44.74,61.84,61.44,,,47.94,45.71,100.8,,,54.75,50.78,100.8,,,55.52,50.78,,-0.51,4.47,4.88,1.82,10.65,,,12.44,0.0,0.0,,0.0,0.0,1.88,3.47,0.0,14.77,0.42,0.28,0.0,0.01,0.92,0.0,14.77,0.01,0.01,3.38,0.0,0.0,0.18,0.24,0.04,0.04,0.21,0.31,0.04,0.03,0.06,0.12,0.05,0.04,0.07,0.16,0.04,0.04,0.07,0.18,0.88,0.66,,,0.0,33.56,0.05,0.0,0.0,0.0,0.0,0.0,3.21,,,,,13.38,0.0,0.0,,0.0,0.0,1.37,100.0,0.0
SE3 0,0.0,0.22,0.0,0.0,0.0,0.0,0.0,0.0,0.0,0.0,0.0,72.56,86.37,116.2,84.86,72.67,,,,,,78.11,77.99,,,45.34,43.95,58.1,57.49,45.41,44.36,58.27,57.88,,,49.36,47.43,53.75,,,,58.02,53.75,59.21,59.41,64.77,58.02,70.96,0.58,11.24,35.15,5.04,52.02,0.0,0.0,13.76,0.0,0.0,0.06,0.0,0.0,7.47,0.0,0.0,18.04,0.0,0.0,0.0,0.85,,0.0,18.04,0.0,0.0,11.2,0.0,0.0,0.07,0.16,0.04,0.03,0.61,1.61,0.04,0.03,0.08,0.08,0.04,0.03,0.24,0.74,0.04,0.03,1.2,1.8,3.51,2.54,,0.75,0.0,41.0,0.0,0.0,0.0,0.0,0.0,0.0,13.07,,0.0,0.0,,6.78,0.0,0.0,0.0,0.0,0.0,9.17,0.02,0.0
SE3 1,0.0,0.44,0.0,0.0,0.0,0.0,0.0,0.0,0.0,0.01,0.0,64.47,86.59,116.43,75.65,64.52,,,,,,69.97,69.91,,,44.23,43.01,14.77,17.59,44.21,43.32,30.28,30.57,,,47.26,46.12,58.15,,,,,58.15,58.71,57.98,58.86,56.49,63.78,5.35,0.3,-12.57,0.04,-6.88,0.0,0.0,5.7,0.0,0.0,0.39,0.0,0.0,0.0,0.0,0.0,0.94,0.0,0.07,0.0,0.04,,0.0,0.94,0.0,0.0,0.93,0.0,0.0,0.07,0.19,0.07,0.06,0.0,0.0,0.0,0.0,0.03,0.09,0.07,0.06,0.0,0.0,0.0,0.0,0.01,0.01,0.01,0.02,0.33,1.66,0.0,2.14,0.0,0.0,0.0,0.0,0.0,0.0,0.06,,0.0,0.02,,5.62,0.0,0.0,0.0,0.0,0.0,0.0,0.03,0.0
SE3 2,0.0,0.0,0.0,0.0,0.0,0.0,0.0,0.0,0.0,0.06,0.23,65.39,86.21,116.04,76.47,65.45,,,,,,70.91,70.83,,,44.4,43.22,57.88,57.41,44.4,43.45,57.94,57.63,,,48.36,47.09,,,57.93,,,59.38,60.57,58.07,61.23,57.47,65.05,-0.19,1.61,-11.92,0.08,-10.42,0.0,1.3,0.0,0.0,0.0,0.94,0.0,0.0,0.0,0.0,0.0,2.01,0.06,0.0,0.0,0.09,,0.0,2.01,0.0,0.0,1.46,0.0,0.0,0.11,0.28,0.08,0.07,0.02,0.06,0.08,0.07,0.05,0.13,0.07,0.06,0.01,0.03,0.06,0.05,0.03,0.14,0.17,0.15,,2.91,0.0,4.57,0.0,0.0,0.0,0.0,0.0,0.0,0.82,,0.0,99.99,,0.0,0.0,0.0,0.0,0.0,0.0,0.0,0.02,0.0
SE3 3,0.0,2.61,0.0,0.0,0.0,0.0,0.03,0.0,0.0,,0.0,70.88,85.08,114.92,83.0,70.94,,,,,,76.43,76.31,,,44.16,43.08,55.58,55.11,44.53,43.95,55.75,55.92,,,45.77,44.06,45.98,,,,57.42,45.98,55.33,58.2,64.19,57.42,,1.24,-2.22,-11.61,3.77,-8.81,0.0,0.0,28.1,0.0,0.0,,0.0,0.0,9.81,0.0,0.0,9.03,1.35,9.3,0.0,0.42,,0.0,9.03,0.0,0.0,5.68,0.0,0.0,0.0,0.01,0.04,0.04,0.32,0.89,0.04,0.03,0.03,0.01,0.04,0.03,0.13,0.42,0.04,0.03,0.47,1.12,1.81,1.67,,0.09,0.0,20.51,0.0,0.0,0.0,0.0,0.0,0.0,8.61,,0.0,0.0,,29.09,0.0,0.0,,0.0,0.0,19.51,0.03,0.0
SE3 4,,0.0,0.0,0.0,0.0,0.0,,,0.0,,,62.06,86.34,116.17,72.87,62.1,,,,,,67.58,67.49,,,43.62,42.61,15.7,18.71,43.61,42.87,30.81,31.24,,,47.15,46.39,,,,,,57.52,,,,,,0.18,0.3,-7.34,-0.06,-6.92,,,0.0,0.0,0.0,,0.0,0.0,,,0.0,0.57,0.0,0.01,0.0,0.03,,0.0,0.57,0.0,0.0,0.39,0.0,0.0,0.04,0.11,0.04,0.04,0.0,0.0,0.0,0.0,0.02,0.05,0.04,0.04,0.0,0.0,0.0,0.0,0.0,0.0,0.0,0.0,,2.37,0.0,1.3,0.0,0.0,0.0,0.0,0.0,0.0,0.01,,,,,0.0,0.0,0.0,,0.0,0.0,,,0.0
SE3 5,,0.0,0.0,0.0,0.0,0.0,0.0,0.0,0.0,0.01,,66.19,85.84,115.67,77.01,66.24,,,,,,71.72,71.62,,,44.84,43.75,58.37,58.09,44.84,44.08,58.12,58.06,,,47.11,45.79,,,,,,57.68,,,58.83,57.55,66.48,0.18,0.7,-1.58,-0.08,-0.78,,,0.0,0.0,0.0,0.09,0.0,0.0,0.0,0.0,0.0,0.99,0.02,0.0,0.0,0.05,,0.0,0.99,0.0,0.0,0.74,0.0,0.0,0.07,0.14,0.27,0.22,0.0,0.01,0.02,0.02,0.03,0.07,0.18,0.15,0.0,0.0,0.01,0.01,0.0,0.01,0.03,0.03,,1.38,0.0,2.25,0.0,0.0,0.0,0.0,0.0,0.0,0.1,,,,,0.0,0.0,0.0,0.0,0.0,0.0,0.0,0.02,0.0
SE3 6,0.0,0.0,0.0,0.0,0.0,0.0,0.0,0.0,0.0,0.0,0.0,74.48,85.29,115.12,87.1,74.52,,,,,,79.99,79.91,,,46.19,44.84,58.45,57.97,46.28,45.12,58.64,58.25,,,46.52,44.57,52.9,,,,58.87,52.9,56.54,56.88,65.74,58.87,72.62,-6.58,19.31,17.84,1.8,32.36,0.0,0.0,3.16,0.0,0.0,0.28,0.0,0.0,10.25,0.0,0.0,8.91,1.66,0.0,0.0,0.42,0.35,0.0,8.91,0.0,0.0,5.43,0.0,0.0,0.02,0.05,0.04,0.03,0.3,0.76,0.03,0.02,0.03,0.02,0.03,0.02,0.12,0.36,0.03,0.02,0.44,0.94,1.25,1.1,0.09,0.29,0.0,20.25,0.0,0.0,0.0,0.0,0.0,0.0,3.3,,0.0,2.15,,2.77,0.0,0.0,0.0,0.0,0.0,23.94,0.04,0.0
SE3 7,0.0,0.0,0.0,0.0,0.0,0.0,0.0,0.0,0.0,0.0,0.0,62.96,85.92,115.75,73.39,63.0,,,,,,68.43,68.39,,,43.8,42.39,15.28,18.21,43.8,42.65,30.41,30.74,,,45.81,44.97,,,,,,59.88,57.2,56.72,58.64,56.36,62.16,0.27,0.37,-6.26,-0.04,-5.67,0.0,0.0,0.0,0.0,0.0,0.2,0.0,0.0,0.0,0.0,0.0,0.65,0.0,0.0,0.0,0.03,,0.0,0.65,0.0,0.0,0.47,0.0,0.0,0.05,0.13,0.04,0.04,0.0,0.0,0.0,0.0,0.02,0.06,0.04,0.04,0.0,0.0,0.0,0.0,0.0,0.0,0.0,0.0,,1.98,0.01,1.47,0.0,0.0,0.0,0.0,0.0,0.0,0.01,,0.0,0.0,,0.0,0.0,0.0,0.0,0.0,0.0,0.01,0.04,0.0
SI0 0,0.0,0.0,0.0,0.0,0.0,0.0,0.0,0.05,0.0,0.03,,106.23,86.32,116.15,118.2,107.65,,,,,,111.7,111.67,,,51.2,49.81,66.75,66.09,51.15,49.84,66.89,66.54,,,49.22,46.34,,,,60.19,,112.69,139.81,,61.06,61.65,107.07,-2.01,7.03,13.82,2.15,20.99,0.0,,0.0,0.0,0.0,0.86,0.0,0.0,0.0,2.88,0.0,10.45,0.55,0.0,0.3,0.03,0.22,0.0,10.45,0.0,0.0,3.31,0.0,0.0,0.26,0.45,0.04,0.03,0.15,0.31,0.04,0.03,0.1,0.21,0.04,0.03,0.05,0.14,0.04,0.04,0.04,0.18,1.91,1.49,0.18,0.73,0.0,23.75,0.02,0.0,0.0,0.0,0.0,0.0,2.32,,0.0,,,0.0,0.0,0.0,0.0,0.0,0.0,0.0,100.0,0.0
SK0 0,,0.08,0.0,0.0,0.0,0.0,0.52,0.01,0.0,0.01,,107.4,86.51,116.34,118.62,108.89,,,,,,112.85,112.84,,,52.44,50.91,69.14,68.51,52.46,51.17,69.26,69.14,,,49.13,46.83,90.31,,,60.38,54.35,90.31,,,61.18,54.35,91.52,-0.6,11.23,2.61,3.45,16.7,,,2.78,0.0,0.0,0.64,0.0,0.0,31.05,5.43,0.0,16.36,0.32,2.14,0.98,0.02,4.59,0.0,16.36,1.87,1.91,5.79,0.0,0.0,0.44,0.61,0.04,0.03,0.24,0.41,0.04,0.03,0.32,0.6,0.04,0.03,0.16,0.37,0.04,0.03,0.15,0.65,4.39,3.48,1.02,0.79,0.0,37.17,16.5,0.0,0.0,0.0,0.0,0.0,7.28,,,,,5.34,0.0,0.0,0.0,0.0,0.0,31.01,100.0,0.0
EU,,,,,,,,,,,,,,,,,110.53,-497.33,-372.58,20.11,115.56,,,34.81,-419.44,,,,,,,,,84.16,67.56,,,,,,,,,,,,,,,,,,,,,,,,,,,,,,,,,,,,,,,,,,,,,,,,,,,,,,,,,,,,,,,,,,,,,,,,,,,,,,,,,,,,,,
fossil,,,,,,,,,,,,,,,,,,,,,,,,,,,,,,,,,,,,,,,,,,,,,,,,,-0.0,0.0,0.0,-366.85,-366.85,,,,,,,,,,,,,,,,,,,,,,,,,,,,,,,,,,,,,,,,,,,,,,,,,,,,,,,,,,,,,,,,,,,,
