,curtailment,curtailment,curtailment,curtailment,curtailment,curtailment,curtailment,curtailment,curtailment,curtailment,curtailment,prices,prices,prices,prices,prices,prices,prices,prices,prices,prices,prices,prices,prices,prices,prices,prices,prices,prices,prices,prices,prices,prices,prices,prices,prices,prices,lcoe,lcoe,lcoe,lcoe,lcoe,market_value,market_value,market_value,market_value,market_value,market_value,io,io,io,io,io,capacity,capacity,capacity,capacity,capacity,capacity,capacity,capacity,capacity,capacity,capacity,capacity,capacity,capacity,capacity,capacity,capacity,capacity,capacity,capacity,capacity,capacity,capacity,capacity,capacity,capacity,capacity,capacity,capacity,capacity,capacity,capacity,capacity,capacity,capacity,capacity,capacity,capacity,capacity,capacity,capacity,capacity,capacity,capacity,capacity,storage,storage,storage,storage,storage,storage,storage,storage,storage,potential_used,potential_used,potential_used,potential_used,potential_used,potential_used,potential_used,potential_used,potential_used,potential_used,potential_used,potential_used,potential_used
,offwind-ac,onwind,residential rural solar thermal,residential urban decentral solar thermal,services rural solar thermal,services urban decentral solar thermal,solar,solar rooftop,urban central solar thermal,ror,offwind-dc,AC,H2,H2 liquid,Li ion,battery,biogas,co2,co2 stored,gas,gas for industry,home battery,low voltage,oil,process emissions,residential rural heat,residential rural water tanks,residential urban decentral heat,residential urban decentral water tanks,services rural heat,services rural water tanks,services urban decentral heat,services urban decentral water tanks,solid biomass,solid biomass for industry,urban central heat,urban central water tanks,onwind,offwind-ac,offwind-dc,solar rooftop,solar,onwind,offwind-ac,offwind-dc,solar rooftop,solar,ror,oil,hydrogen,electricity,gas,total,offwind-ac,offwind-dc,onwind,residential rural solar thermal,residential urban decentral solar thermal,ror,services rural solar thermal,services urban decentral solar thermal,solar,solar rooftop,urban central solar thermal,BEV charger,Fischer-Tropsch,H2 Electrolysis,H2 Fuel Cell,H2 liquefaction,Sabatier,V2G,battery charger,battery discharger,electricity distribution grid,home battery charger,home battery discharger,residential rural ground heat pump,residential rural resistive heater,residential rural water tanks charger,residential rural water tanks discharger,residential urban decentral air heat pump,residential urban decentral resistive heater,residential urban decentral water tanks charger,residential urban decentral water tanks discharger,services rural ground heat pump,services rural resistive heater,services rural water tanks charger,services rural water tanks discharger,services urban decentral air heat pump,services urban decentral resistive heater,services urban decentral water tanks charger,services urban decentral water tanks discharger,urban central air heat pump,urban central resistive heater,urban central water tanks charger,urban central water tanks discharger,PHS,hydro,H2,Li ion,battery,home battery,residential rural water tanks,residential urban decentral water tanks,services rural water tanks,services urban decentral water tanks,urban central water tanks,gas,offwind-ac,offwind-dc,oil,onwind,residential rural solar thermal,residential urban decentral solar thermal,ror,services rural solar thermal,services urban decentral solar thermal,solar,solar rooftop,urban central solar thermal
AL0 0,0.0,0.0,0.0,0.0,0.0,0.0,1.21,0.04,0.05,,,94.91,107.79,137.62,101.48,96.79,,,,,,100.38,100.34,,,43.52,42.36,57.13,56.46,43.56,42.41,57.27,56.68,,,46.06,43.53,,,,48.61,44.63,131.08,126.15,,56.5,44.63,,-0.59,0.0,-11.5,-2.88,-14.97,0.0,,0.0,0.0,0.0,,0.0,0.0,22.58,2.64,0.22,12.18,0.22,3.81,0.0,0.02,1.5,12.18,4.45,4.54,0.88,0.0,0.0,0.1,0.19,0.05,0.04,0.05,0.1,0.06,0.05,0.02,0.06,0.07,0.06,0.01,0.03,0.07,0.06,0.04,0.01,0.18,0.14,,,6.73,27.68,32.59,0.0,0.0,0.0,0.0,0.0,0.67,,0.0,,,0.0,0.0,0.0,,0.0,0.0,42.31,100.0,0.0
AT0 0,,0.85,0.0,0.0,0.0,0.0,0.02,0.0,0.0,0.01,,109.57,121.62,151.45,122.25,111.08,,,,,,115.04,115.01,,,53.24,51.98,70.05,69.55,53.3,52.23,70.14,70.02,,,57.76,55.23,83.46,,,61.64,54.68,83.46,,,64.46,54.68,87.95,7.41,0.0,16.84,13.78,38.03,,,23.18,0.0,0.0,1.98,0.0,0.0,11.43,4.64,0.0,24.42,0.0,3.95,0.0,0.02,0.37,24.42,0.0,0.0,9.38,0.0,0.0,0.41,0.76,0.03,0.03,0.49,1.07,0.04,0.03,0.23,0.41,0.03,0.03,0.2,0.58,0.04,0.03,0.33,1.4,5.67,4.27,,0.31,11.6,55.51,0.03,0.0,0.0,0.0,0.0,0.0,9.58,,,,,47.93,0.0,0.0,0.0,0.0,0.0,15.12,100.0,0.0
AT0 1,,0.0,0.0,0.0,0.0,0.0,0.58,0.0,0.04,0.01,,116.48,124.2,154.03,131.01,118.22,,,,,,121.95,121.91,,,59.67,58.26,81.78,81.45,59.63,58.41,82.26,82.58,,,59.23,55.55,,,,,56.98,84.61,,,77.03,65.75,97.28,0.73,0.0,-15.38,0.7,-13.95,,,0.0,0.0,0.01,0.46,0.0,0.0,20.17,0.56,1.08,2.94,0.0,0.2,0.0,0.0,0.01,2.94,0.99,1.01,1.12,0.0,0.0,0.1,0.16,0.05,0.04,0.02,0.05,0.06,0.05,0.05,0.09,0.05,0.04,0.01,0.03,0.06,0.05,0.0,0.11,0.42,0.2,2.41,1.41,0.57,6.69,5.8,0.0,0.0,0.0,0.0,0.0,2.25,,,,,0.0,0.0,0.0,0.0,0.0,0.0,100.0,100.0,0.0
AT0 2,,0.0,0.0,0.0,0.0,0.0,3.12,0.03,0.01,0.04,,106.92,118.83,148.66,120.35,108.67,,,,,,112.39,112.35,,,54.97,53.46,73.34,72.96,54.96,53.66,73.48,73.37,,,60.29,58.94,,,,61.84,58.22,90.01,,,69.28,58.22,85.29,7.1,0.0,-15.53,5.01,-3.41,,,0.0,0.0,0.0,2.04,0.0,0.0,48.66,2.82,0.86,14.83,0.0,2.51,0.0,0.01,0.45,14.83,3.47,3.54,6.1,0.0,0.0,0.52,0.69,0.04,0.04,0.17,0.27,0.05,0.04,0.25,0.4,0.05,0.04,0.07,0.15,0.06,0.05,0.11,0.63,1.5,0.89,1.83,4.42,6.43,33.71,20.4,0.0,0.0,0.0,0.0,0.0,5.29,,,,,0.0,0.0,0.0,0.0,0.0,0.0,70.85,100.0,0.0
BA0 0,,0.0,0.0,0.0,0.0,0.0,0.66,0.03,0.01,,,106.61,117.86,147.69,111.95,108.26,,,,,,112.01,112.04,,,49.31,48.25,65.48,65.01,49.34,48.26,65.52,65.27,,,53.54,51.07,,,,55.72,51.16,119.72,,,58.36,51.16,,0.27,0.0,-1.05,1.81,1.03,,,0.0,0.0,0.0,,0.0,0.0,15.57,3.83,0.28,16.3,0.0,0.52,0.0,0.0,0.03,16.3,1.86,1.9,2.11,0.0,0.0,0.2,0.35,0.05,0.04,0.05,0.1,0.06,0.05,0.07,0.17,0.07,0.06,0.02,0.05,0.07,0.06,0.03,0.09,0.25,0.18,,,1.64,37.03,15.2,0.0,0.0,0.0,0.0,0.0,1.26,,,,,0.0,0.0,0.0,,0.0,0.0,17.73,100.0,0.0
BE0 0,0.24,0.54,0.0,0.0,0.0,0.0,0.16,0.01,0.0,,0.45,103.35,123.58,153.41,116.43,105.07,,,,,,108.74,108.78,,,49.07,48.12,63.12,62.57,49.35,48.35,63.26,62.99,,,53.59,50.99,39.98,55.58,54.09,65.94,58.61,73.1,78.12,81.81,69.37,58.61,,6.9,0.0,11.8,12.85,31.55,1.78,2.55,3.34,0.0,0.0,,0.0,0.0,23.45,2.47,0.0,11.29,0.0,5.17,0.0,1.64,1.03,11.29,0.52,0.53,5.86,0.0,0.0,0.02,0.06,0.08,0.06,0.36,1.0,0.05,0.04,0.05,0.03,0.05,0.05,0.17,0.57,0.06,0.05,0.72,0.86,2.63,2.84,,,14.66,25.66,3.07,0.0,0.0,0.0,0.0,0.0,13.4,,100.0,100.0,,100.0,0.0,0.0,,0.0,0.0,78.86,100.0,0.0
BE0 1,,0.41,0.0,0.0,0.0,0.0,0.16,0.0,0.0,0.0,,129.12,143.05,172.88,145.01,130.99,,,,,,134.5,134.55,,,57.9,56.86,75.72,75.4,57.98,57.03,75.83,75.81,,,59.37,57.56,46.56,,,69.39,61.72,100.5,,,89.59,75.09,145.3,7.74,0.0,-11.68,15.83,11.89,,,8.45,0.0,0.0,0.06,0.0,0.0,28.39,1.97,0.0,9.01,0.0,2.59,0.0,1.31,0.0,9.01,4.99,5.09,3.59,0.0,0.0,0.1,0.14,0.06,0.05,0.23,0.31,0.05,0.04,0.08,0.11,0.06,0.05,0.11,0.23,0.06,0.05,0.23,0.33,1.45,0.95,1.16,0.01,1.43,20.47,29.34,0.0,0.0,0.0,0.0,0.0,6.24,,,,,100.0,0.0,0.0,0.0,0.0,0.0,100.0,100.0,0.0
BE0 2,,0.04,0.0,0.0,0.0,0.0,0.15,0.0,0.0,0.0,,137.33,149.49,179.32,154.28,139.05,,,,,,142.7,142.77,,,58.71,57.79,77.22,76.88,59.85,60.03,77.28,77.26,,,58.98,56.95,43.72,,,66.83,59.7,115.67,,,96.57,79.41,154.55,4.45,0.0,15.33,30.74,50.52,,,1.3,0.0,0.0,0.0,0.0,0.0,21.39,2.94,0.0,13.45,0.0,4.01,0.0,1.95,0.0,13.45,1.86,1.9,4.82,0.0,0.0,0.0,0.0,0.02,0.02,0.4,0.76,0.03,0.02,0.05,0.01,0.03,0.02,0.19,0.5,0.03,0.03,0.3,0.36,4.08,2.85,,,1.8,30.56,10.96,0.0,0.0,0.0,0.0,0.0,12.29,,,,,100.0,0.0,0.0,0.0,0.0,0.0,100.0,100.0,0.0
BE0 3,,0.01,0.0,0.0,0.0,0.0,0.14,0.0,0.0,,,130.15,144.68,174.51,146.04,131.93,,,,,,135.53,135.59,,,57.03,56.1,73.95,73.65,57.32,56.27,73.99,73.94,,,58.25,56.48,,,,67.35,60.49,100.83,,,91.14,77.22,,10.31,0.0,14.96,14.48,39.75,,,0.45,0.0,0.0,,0.0,0.0,11.44,1.42,0.0,6.52,0.0,1.97,0.0,0.95,0.0,6.52,0.3,0.31,2.94,0.0,0.0,0.03,0.04,0.05,0.05,0.19,0.32,0.03,0.03,0.04,0.03,0.04,0.03,0.09,0.21,0.04,0.04,0.2,0.16,1.01,0.89,,,0.98,14.81,1.77,0.0,0.0,0.0,0.0,0.0,5.04,,,,,100.0,0.0,0.0,,0.0,0.0,100.0,100.0,0.0
BE0 4,,0.01,0.0,0.0,0.0,0.0,0.12,0.0,0.0,,,140.41,149.5,179.33,157.67,142.08,,,,,,145.76,145.84,,,59.42,58.47,77.65,77.38,60.5,60.59,77.72,77.81,,,58.1,56.49,,,,66.78,59.87,120.0,,,99.47,84.71,,14.27,0.0,22.49,28.65,65.41,,,0.5,0.0,0.0,,0.0,0.0,11.69,2.25,0.0,10.29,0.0,2.94,0.0,1.5,0.0,10.29,1.2,1.23,4.38,0.0,0.0,0.0,0.01,0.03,0.03,0.3,0.66,0.04,0.03,0.04,0.01,0.03,0.03,0.14,0.43,0.04,0.03,0.21,0.36,5.58,4.4,,,1.38,23.39,7.08,0.0,0.0,0.0,0.0,0.0,9.17,,,,,100.0,0.0,0.0,,0.0,0.0,100.0,100.0,0.0
BG0 0,0.0,0.42,0.0,0.0,0.0,0.0,0.28,0.03,0.0,0.0,0.0,96.32,112.89,142.72,104.48,98.08,,,,,,101.74,101.75,,,43.96,43.12,60.29,60.2,44.09,43.22,60.46,60.45,,,49.86,46.77,87.58,,,50.5,45.28,87.58,95.5,94.6,52.95,45.28,89.07,2.78,0.0,-1.26,2.11,3.63,0.0,0.0,8.85,0.0,0.0,0.02,0.0,0.0,13.21,3.07,0.01,11.4,0.0,2.77,0.0,0.03,1.0,11.4,1.47,1.5,3.07,0.0,0.0,0.14,0.35,0.05,0.04,0.15,0.4,0.05,0.04,0.06,0.13,0.05,0.04,0.05,0.14,0.06,0.05,0.24,0.25,0.93,0.78,,0.32,4.6,25.91,13.0,0.0,0.0,0.0,0.0,0.0,4.46,,0.0,0.25,,12.62,0.0,0.0,0.0,0.0,0.0,9.81,100.0,0.0
BG0 1,,0.0,0.0,0.0,0.0,0.0,0.53,0.03,0.07,,,97.5,113.5,143.34,105.64,99.24,,,,,,102.96,102.93,,,46.49,45.36,62.58,62.17,46.62,45.72,62.77,62.65,,,51.22,48.17,,,,50.83,45.73,89.93,,,53.38,45.73,,4.28,0.0,-3.27,3.24,4.25,,,0.0,0.0,0.0,,0.0,0.0,22.55,4.29,2.32,15.94,0.0,1.27,0.0,0.05,0.2,15.94,1.83,1.87,3.46,0.0,0.0,0.17,0.35,0.05,0.04,0.2,0.46,0.04,0.04,0.08,0.14,0.05,0.04,0.06,0.18,0.06,0.05,0.2,0.22,1.41,0.99,1.4,1.17,3.23,36.22,16.12,0.0,0.0,0.0,0.0,0.0,5.19,,,,,0.0,0.0,0.0,,0.0,0.0,22.71,100.0,0.0
CH0 0,,0.0,0.0,0.0,0.0,0.0,5.61,0.04,0.24,0.04,,106.44,118.4,148.23,119.3,108.13,,,,,,111.94,111.88,,,53.97,52.49,73.39,72.99,53.9,52.55,73.59,73.58,,,58.41,55.42,,,,59.2,59.17,97.32,,,65.89,59.59,82.13,11.06,0.0,-29.52,6.21,-12.25,,,0.0,0.0,0.0,1.7,0.0,0.0,46.84,2.75,5.28,13.53,0.0,0.86,0.0,0.01,0.1,13.53,6.48,6.62,3.96,0.0,0.0,0.21,0.3,0.05,0.05,0.24,0.41,0.04,0.04,0.08,0.17,0.06,0.05,0.09,0.22,0.05,0.04,0.15,0.46,2.21,1.51,1.59,5.64,2.33,30.74,38.12,0.0,0.0,0.0,0.0,0.0,8.99,,,,,0.0,0.0,0.0,0.0,0.0,0.0,100.0,100.0,0.0
CH0 1,,0.0,0.0,0.0,0.0,0.0,3.98,0.05,0.51,0.12,,109.17,119.27,149.1,122.23,110.89,,,,,,114.7,114.61,,,55.7,54.36,76.28,76.09,55.66,54.38,76.46,76.58,,,58.93,55.76,,,,62.08,59.1,102.21,,,68.08,59.1,86.74,11.78,0.0,-25.55,7.69,-6.08,,,0.0,0.0,0.0,3.58,0.0,0.0,55.74,5.11,12.76,25.15,0.0,1.36,0.0,0.03,0.14,25.15,2.72,2.78,6.5,0.0,0.0,0.33,0.51,0.04,0.04,0.43,0.83,0.05,0.04,0.13,0.28,0.05,0.05,0.17,0.44,0.05,0.04,0.16,1.14,4.71,2.89,2.26,4.26,3.67,57.15,16.0,0.0,0.0,0.0,0.0,0.0,20.54,,,,,0.0,0.0,0.0,0.0,0.0,0.0,72.19,100.0,0.0
CZ0 0,,6.08,0.0,0.0,0.0,0.0,0.0,0.0,0.0,,,110.72,116.99,146.83,121.87,111.93,,,,,,116.14,116.16,,,53.98,52.7,70.9,70.41,54.01,52.97,71.15,71.18,,,55.79,54.71,76.15,,,,,76.15,,,73.19,64.41,,2.43,0.0,-17.41,2.68,-12.3,,,33.52,0.0,0.0,,0.0,0.0,0.0,0.0,0.0,13.33,0.0,1.38,0.0,0.0,0.62,13.33,0.05,0.05,5.44,0.0,0.0,0.27,0.4,0.05,0.04,0.31,0.58,0.05,0.04,0.14,0.22,0.05,0.04,0.11,0.29,0.05,0.04,0.27,1.19,1.83,1.58,0.48,0.03,2.66,30.29,0.42,0.0,0.0,0.0,0.0,0.0,9.52,,,,,89.1,0.0,0.0,,0.0,0.0,0.0,0.02,0.0
CZ0 1,,1.14,0.0,0.0,0.0,0.0,0.18,0.01,0.0,,,111.34,120.12,149.95,122.26,112.18,,,,,,116.73,116.77,,,53.86,52.8,71.24,70.91,53.98,53.01,71.33,71.33,,,55.82,55.15,71.47,,,,59.58,82.67,,,67.43,59.58,,5.4,0.0,-1.82,4.18,7.76,,,10.85,0.0,0.0,,0.0,0.0,19.53,0.48,0.0,9.04,0.0,2.12,0.0,0.0,0.63,9.04,0.88,0.9,4.6,0.0,0.0,0.09,0.11,0.06,0.05,0.24,0.42,0.05,0.04,0.06,0.06,0.05,0.05,0.09,0.21,0.05,0.04,0.21,1.06,1.38,1.22,0.65,0.0,6.9,20.54,7.78,0.0,0.0,0.0,0.0,0.0,6.24,,,,,100.0,0.0,0.0,,0.0,0.0,60.14,21.91,0.0
CZ0 2,,0.0,0.0,0.0,0.0,0.0,0.62,0.05,0.0,0.0,,116.48,123.87,153.7,128.65,117.65,,,,,,121.89,121.91,,,56.03,54.83,73.67,73.27,56.08,55.14,73.96,74.15,,,56.41,54.29,,,,68.39,62.87,89.6,,,68.55,62.87,103.89,3.63,0.0,30.32,10.56,44.51,,,0.0,0.0,0.0,0.04,0.0,0.0,16.02,4.95,0.0,20.47,0.0,1.03,0.0,0.0,0.16,20.47,0.04,0.04,7.41,0.0,0.0,0.65,1.14,0.05,0.04,0.38,0.84,0.05,0.04,0.3,0.61,0.06,0.05,0.14,0.41,0.05,0.04,0.32,1.07,2.65,1.73,0.07,0.66,3.03,46.53,0.31,0.0,0.0,0.0,0.0,0.0,11.36,,,,,0.0,0.0,0.0,0.0,0.0,0.0,17.12,99.99,0.0
DE0 0,,0.44,0.0,0.0,0.0,0.0,0.18,0.0,0.0,,,116.42,92.17,122.0,128.32,118.17,,,,,,121.74,121.85,,,54.01,52.97,69.97,69.59,53.99,53.11,70.11,70.15,,,40.5,39.78,46.65,,,,63.5,79.07,,,74.39,63.54,,43.32,0.0,-16.6,19.86,46.58,,,8.56,0.0,0.0,,0.0,0.0,17.59,0.82,0.0,4.12,0.84,7.03,0.23,0.03,0.0,4.12,1.01,1.04,1.06,0.0,0.0,0.14,0.19,0.05,0.04,0.05,0.08,0.06,0.05,0.06,0.12,0.06,0.05,0.02,0.04,0.06,0.05,0.0,0.18,1.75,1.47,,,500.81,9.36,6.22,0.0,0.0,0.0,0.0,0.0,0.85,,,,,100.0,0.0,0.0,,0.0,0.0,99.97,100.0,0.0
DE0 1,,0.02,0.0,0.0,0.0,0.0,0.44,0.01,0.0,0.0,,119.33,126.89,156.72,132.84,121.1,,,,,,124.79,124.77,,,56.12,54.87,73.15,72.74,56.14,55.11,73.24,73.29,,,56.11,54.56,,,,68.89,63.55,88.21,,,72.52,63.55,121.38,15.92,0.0,10.19,10.58,36.69,,,0.37,0.0,0.0,0.03,0.0,0.0,12.65,2.19,0.0,10.99,0.0,0.67,0.0,0.09,0.03,10.99,0.95,0.97,3.29,0.0,0.0,0.23,0.28,0.05,0.04,0.19,0.23,0.04,0.04,0.1,0.17,0.05,0.04,0.08,0.14,0.05,0.04,0.18,0.52,1.11,0.93,0.16,,1.91,24.97,5.83,0.0,0.0,0.0,0.0,0.0,6.42,,,,,2.04,0.0,0.0,0.0,0.0,0.0,40.92,100.0,0.0
DE0 10,,2.36,0.0,0.0,0.0,0.0,0.04,0.01,0.0,0.01,,115.27,121.62,151.45,127.4,116.8,,,,,,120.68,120.7,,,54.5,53.37,70.73,70.33,54.54,53.59,70.82,70.71,,,54.66,53.22,55.32,,,71.36,64.36,74.35,,,73.21,64.35,118.19,6.03,0.0,-9.27,10.52,7.27,,,16.52,0.0,0.0,0.08,0.0,0.0,2.44,2.97,0.0,14.9,0.0,1.11,0.0,0.12,0.33,14.9,0.13,0.13,4.81,0.0,0.0,0.07,0.07,0.07,0.05,0.33,0.44,0.05,0.04,0.04,0.05,0.07,0.06,0.14,0.27,0.05,0.04,0.43,1.15,2.58,2.36,0.14,,3.04,33.86,1.14,0.0,0.0,0.0,0.0,0.0,14.38,,,,,100.0,0.0,0.0,0.0,0.0,0.0,6.79,100.0,0.0
DE0 11,0.0,2.38,0.0,0.0,0.0,0.0,0.03,0.0,0.0,,0.28,75.05,86.05,115.88,85.64,74.98,,,,,,80.51,80.49,,,41.97,41.08,52.04,51.66,41.96,41.15,52.1,51.79,,,17.65,16.29,42.23,,49.27,,62.96,44.5,53.87,49.27,70.72,62.96,,-27.39,0.0,1.18,-5.01,-31.22,0.0,15.65,16.82,0.0,0.0,,0.0,0.0,4.98,0.0,0.0,10.46,5.55,21.57,0.0,0.08,4.06,10.46,0.0,0.0,4.53,0.0,0.0,0.29,0.51,0.05,0.05,0.14,0.36,0.05,0.04,0.13,0.27,0.06,0.05,0.06,0.16,0.07,0.06,0.0,0.27,3.18,2.79,,,1257.96,23.78,0.0,0.0,0.0,0.0,0.0,0.0,2.05,,0.01,40.92,,100.0,0.0,0.0,,0.0,0.0,9.79,0.02,0.0
DE0 12,,2.02,0.0,0.0,0.0,0.0,0.05,0.0,0.0,0.0,,108.4,117.51,147.35,119.21,109.1,,,,,,113.78,113.83,,,52.56,51.56,68.33,68.02,52.55,51.63,68.5,68.49,,,53.93,53.07,62.87,,,69.61,61.57,63.28,,,69.6,61.57,113.58,8.38,0.0,-20.8,14.44,2.03,,,20.93,0.0,0.0,0.0,0.0,0.0,29.54,1.4,0.0,24.49,0.0,1.79,0.0,0.19,0.59,24.49,0.0,0.0,7.38,0.0,0.0,0.37,0.53,0.05,0.04,0.47,0.9,0.05,0.04,0.16,0.32,0.05,0.04,0.19,0.5,0.05,0.04,0.6,1.78,3.8,3.11,,,5.0,55.66,0.03,0.0,0.0,0.0,0.0,0.0,19.58,,,,,100.0,0.0,0.0,0.0,0.0,0.0,72.69,28.64,0.0
DE0 13,,0.21,0.0,0.0,0.0,0.0,0.41,0.01,0.0,0.0,,118.11,127.65,157.48,132.1,119.8,,,,,,123.58,123.54,,,54.97,53.78,73.26,72.95,54.98,53.85,73.35,73.32,,,56.99,54.8,92.12,,,65.47,59.62,92.12,,,71.4,59.62,120.04,6.39,0.0,2.24,10.51,19.14,,,15.03,0.0,0.0,0.03,0.0,0.0,16.88,4.62,0.0,23.14,0.0,1.46,0.0,0.18,0.0,23.14,0.03,0.03,5.63,0.0,0.0,0.16,0.29,0.05,0.04,0.52,1.13,0.05,0.04,0.08,0.16,0.06,0.05,0.22,0.59,0.04,0.04,0.44,0.7,5.05,3.55,0.09,,4.11,52.59,0.18,0.0,0.0,0.0,0.0,0.0,14.36,,,,,96.47,0.0,0.0,0.0,0.0,0.0,44.12,100.0,0.0
DE0 14,,0.43,0.0,0.0,0.0,0.0,0.01,0.0,0.0,0.0,,113.6,121.26,151.09,125.54,114.6,,,,,,118.92,119.03,,,55.13,54.1,72.01,71.78,55.15,54.39,72.4,72.65,,,55.63,54.19,67.01,,,70.24,62.84,67.01,,,70.37,62.84,116.64,1.97,0.0,-0.18,0.7,2.49,,,5.7,0.0,0.0,0.01,0.0,0.0,1.44,1.02,0.0,5.12,0.0,0.35,0.0,0.04,0.1,5.12,0.0,0.0,1.54,0.0,0.0,0.26,0.26,0.05,0.04,0.02,0.03,0.07,0.06,0.11,0.17,0.06,0.05,0.01,0.02,0.06,0.05,0.03,0.1,0.19,0.18,0.08,,0.94,11.65,0.02,0.0,0.0,0.0,0.0,0.0,1.2,,,,,47.99,0.0,0.0,0.0,0.0,0.0,5.84,99.98,0.0
DE0 15,0.0,0.47,0.0,0.0,0.0,0.0,0.03,0.0,0.0,0.0,0.55,85.16,91.19,121.02,95.46,85.36,,,,,,90.58,90.59,,,46.31,45.12,57.47,56.92,46.28,45.22,57.53,57.18,,,38.14,37.39,38.97,,50.55,,62.0,52.03,62.13,60.46,71.6,62.0,90.67,-27.51,0.0,-2.85,5.27,-25.1,0.0,4.19,31.9,0.0,0.0,0.0,0.0,0.0,39.08,0.0,0.0,24.28,6.06,24.27,0.0,0.19,0.98,24.28,0.0,0.0,8.69,0.0,0.0,0.47,0.76,0.05,0.04,0.51,0.99,0.05,0.04,0.2,0.43,0.05,0.04,0.22,0.48,0.05,0.04,0.34,1.8,4.2,3.79,0.12,,1833.55,55.17,0.0,0.0,0.0,0.0,0.0,0.0,13.96,,0.01,100.0,,100.0,0.0,0.0,0.0,0.0,0.0,46.49,0.02,0.0
DE0 16,,0.04,0.0,0.0,0.0,0.0,0.07,0.0,0.0,0.01,,118.22,127.53,157.37,132.54,119.88,,,,,,123.7,123.65,,,55.76,54.57,74.1,73.8,55.75,54.57,74.22,74.26,,,57.52,55.54,96.97,,,65.41,58.56,96.97,,,71.07,58.56,118.58,4.9,0.0,15.33,8.08,28.31,,,3.93,0.0,0.0,0.24,0.0,0.0,6.32,2.76,0.0,13.85,0.0,0.93,0.0,0.11,0.0,13.85,0.01,0.01,4.06,0.0,0.0,0.16,0.29,0.04,0.03,0.27,0.61,0.04,0.03,0.07,0.15,0.05,0.04,0.12,0.32,0.04,0.03,0.26,0.41,3.02,1.85,,0.05,2.62,31.48,0.05,0.0,0.0,0.0,0.0,0.0,8.12,,,,,16.3,0.0,0.0,0.0,0.0,0.0,13.0,100.0,0.0
DE0 17,,0.98,0.0,0.0,0.0,0.0,0.56,0.01,0.0,0.01,,119.26,126.21,156.04,132.84,121.02,,,,,,124.7,124.7,,,55.44,54.26,72.58,72.31,55.46,54.36,72.66,72.59,,,55.22,53.67,66.43,,,67.8,60.98,82.33,,,72.28,60.98,120.46,2.15,0.0,-23.16,9.93,-11.08,,,21.88,0.0,0.0,0.15,0.0,0.0,39.57,3.21,0.0,16.09,0.0,2.81,0.0,0.13,0.69,16.09,6.39,6.52,6.06,0.0,0.0,0.27,0.32,0.05,0.05,0.31,0.34,0.05,0.04,0.12,0.2,0.05,0.04,0.13,0.21,0.05,0.04,0.3,0.78,5.47,3.73,,,8.82,36.57,47.08,0.0,0.0,0.0,0.0,0.0,12.18,,,,,100.0,0.0,0.0,0.0,0.0,0.0,94.9,100.0,0.0
DE0 18,,3.13,0.0,0.0,0.0,0.0,0.0,0.0,0.0,0.01,,108.58,117.63,147.46,119.67,109.37,,,,,,114.0,114.01,,,52.81,51.76,68.91,68.57,52.77,51.88,69.16,69.2,,,54.39,53.65,67.75,,,,,67.75,,,72.35,65.23,112.5,5.3,0.0,5.13,6.66,17.09,,,15.81,0.0,0.0,0.04,0.0,0.0,0.0,0.01,0.0,12.19,0.0,1.48,0.0,0.1,0.48,12.19,0.01,0.01,4.49,0.0,0.0,0.47,0.74,0.05,0.05,0.13,0.27,0.06,0.05,0.2,0.43,0.06,0.05,0.05,0.15,0.06,0.05,0.16,0.58,1.0,0.74,0.04,,4.45,27.7,0.04,0.0,0.0,0.0,0.0,0.0,5.59,,,,,81.34,0.0,0.0,0.0,0.0,0.0,0.01,0.21,0.0
DE0 19,,0.28,0.0,0.0,0.0,0.0,0.27,0.01,0.0,0.0,,113.62,123.04,152.87,125.94,114.63,,,,,,119.08,119.05,,,55.17,54.01,72.46,72.03,55.2,54.26,72.66,72.68,,,55.97,54.35,72.97,,,71.08,64.3,72.96,,,71.73,64.3,116.79,5.99,0.0,8.78,4.83,19.6,,,3.33,0.0,0.0,0.01,0.0,0.0,14.68,2.1,0.0,10.54,0.0,0.71,0.0,0.08,0.17,10.54,0.0,0.0,3.65,0.0,0.0,0.3,0.3,0.05,0.04,0.14,0.16,0.05,0.04,0.13,0.21,0.05,0.04,0.05,0.1,0.05,0.04,0.15,0.52,0.87,0.65,1.51,,2.12,23.96,0.01,0.0,0.0,0.0,0.0,0.0,6.08,,,,,16.22,0.0,0.0,0.0,0.0,0.0,36.92,100.0,0.0
DE0 2,,0.0,0.0,0.0,0.0,0.0,0.0,0.01,0.0,0.02,,112.29,125.79,155.62,126.25,113.63,,,,,,117.78,117.72,,,53.06,51.89,70.93,70.55,53.05,51.87,71.05,70.95,,,57.74,55.61,,,,64.06,,93.33,,,69.86,65.13,109.24,4.66,0.0,17.29,5.41,27.35,,,0.0,0.0,0.0,0.35,0.0,0.0,0.0,2.2,0.0,11.03,0.0,0.82,0.0,0.09,0.0,11.03,0.0,0.0,2.83,0.0,0.0,0.09,0.15,0.05,0.05,0.26,0.5,0.04,0.03,0.04,0.08,0.06,0.05,0.11,0.25,0.05,0.04,0.21,0.32,2.01,1.6,2.7,,2.27,25.07,0.01,0.0,0.0,0.0,0.0,0.0,5.49,,,,,0.0,0.0,0.0,0.0,0.0,0.0,0.02,100.0,0.0
DE0 20,,1.12,0.0,0.0,0.0,0.0,0.15,0.0,0.0,0.01,,110.79,120.62,150.45,122.37,111.56,,,,,,116.22,116.22,,,53.84,52.78,70.7,70.26,53.84,52.85,70.94,70.87,,,55.49,54.65,74.38,,,70.34,63.65,74.38,,,70.33,63.65,114.3,3.53,0.0,12.58,6.63,22.75,,,4.61,0.0,0.0,0.06,0.0,0.0,7.84,1.62,0.0,10.57,0.0,1.04,0.0,0.08,0.31,10.57,0.0,0.0,3.86,0.0,0.0,0.16,0.2,0.05,0.04,0.19,0.34,0.05,0.04,0.07,0.12,0.06,0.05,0.08,0.19,0.06,0.05,0.23,0.68,1.26,0.97,1.05,,2.99,24.01,0.01,0.0,0.0,0.0,0.0,0.0,7.27,,,,,57.47,0.0,0.0,0.0,0.0,0.0,25.11,77.04,0.0
DE0 21,,0.55,0.0,0.0,0.0,0.0,0.07,0.0,0.0,0.0,,114.5,94.4,124.23,126.16,115.94,,,,,,119.91,119.94,,,54.11,53.04,69.89,69.61,54.11,53.24,70.06,70.08,,,47.57,46.84,53.66,,,70.88,62.86,71.29,,,73.48,62.86,116.24,-9.02,0.0,-6.94,9.33,-6.63,,,19.76,0.0,0.0,0.03,0.0,0.0,29.14,2.88,0.0,14.42,1.95,14.09,0.87,0.11,0.0,14.42,1.81,1.85,5.13,0.0,0.0,0.2,0.3,0.05,0.04,0.28,0.57,0.04,0.03,0.09,0.17,0.05,0.04,0.11,0.29,0.05,0.04,0.27,1.03,8.29,6.82,,,1258.53,32.78,14.03,0.0,0.0,0.0,0.0,0.0,10.71,,,,,100.0,0.0,0.0,0.0,0.0,0.0,57.24,100.0,0.0
DE0 22,,0.0,0.0,0.0,0.0,0.0,0.64,0.01,0.0,0.01,,119.68,128.75,158.59,133.8,121.44,,,,,,125.13,125.12,,,54.52,53.42,71.57,71.09,54.72,53.66,71.64,71.52,,,55.77,53.63,,,,65.59,60.08,91.73,,,72.26,61.01,120.19,0.98,0.0,27.99,9.34,38.32,,,0.0,0.0,0.0,0.24,0.0,0.0,21.71,3.6,0.0,18.05,0.0,2.03,0.0,0.14,0.0,18.05,2.3,2.34,6.53,0.0,0.0,0.02,0.03,0.08,0.06,0.49,0.64,0.04,0.03,0.02,0.02,0.05,0.04,0.2,0.36,0.04,0.04,0.4,0.5,8.34,6.16,0.04,,6.13,41.02,13.5,0.0,0.0,0.0,0.0,0.0,12.77,,,,,0.01,0.0,0.0,0.0,0.0,0.0,100.0,100.0,0.0
DE0 23,0.0,2.24,0.0,0.0,0.0,0.0,0.02,0.0,0.0,0.0,,89.19,83.99,113.82,99.13,89.35,,,,,,94.51,94.62,,,47.13,45.99,59.51,59.01,47.12,46.11,59.52,59.31,,,9.42,9.05,50.06,,,,61.52,50.06,63.4,,70.98,61.52,93.85,-8.39,0.0,-12.54,-1.63,-22.56,0.0,,19.06,0.0,0.0,0.0,0.0,0.0,10.1,0.0,0.0,5.26,1.68,10.26,0.0,0.04,1.5,5.26,0.0,0.0,1.82,0.0,0.0,0.31,0.44,0.05,0.04,0.02,0.03,0.08,0.07,0.13,0.27,0.06,0.05,0.01,0.02,0.06,0.05,0.0,0.0,0.43,0.38,,,570.52,11.95,0.01,0.0,0.0,0.0,0.0,0.0,0.16,,0.01,,,77.21,0.0,0.0,0.0,0.0,0.0,19.38,0.03,0.0
DE0 24,,1.03,0.0,0.0,0.0,0.0,0.0,0.0,0.0,0.0,,113.43,122.16,151.99,125.68,114.69,,,,,,118.88,118.86,,,54.52,53.38,71.2,70.82,54.54,53.52,71.27,71.19,,,55.45,53.64,62.49,,,71.1,,69.51,,,72.37,65.98,116.9,1.26,0.0,-9.25,3.14,-4.85,,,11.99,0.0,0.0,0.0,0.0,0.0,0.03,1.29,0.0,6.46,0.0,0.48,0.0,0.05,0.13,6.46,0.0,0.0,1.86,0.0,0.0,0.22,0.23,0.05,0.05,0.07,0.09,0.06,0.05,0.1,0.15,0.06,0.05,0.03,0.06,0.07,0.06,0.09,0.24,0.5,0.4,0.58,0.02,1.39,14.68,0.02,0.0,0.0,0.0,0.0,0.0,3.0,,,,,100.0,0.0,0.0,0.0,0.0,0.0,0.13,100.0,0.0
DE0 25,,0.11,0.0,0.0,0.0,0.0,0.42,0.02,0.0,0.03,,119.54,123.7,153.53,132.56,120.95,,,,,,124.88,124.97,,,56.89,55.82,74.15,73.99,56.91,56.05,74.42,74.65,,,55.0,53.36,93.59,,,,64.79,93.59,,,72.21,64.79,122.61,2.71,0.0,2.8,0.86,6.36,,,1.43,0.0,0.0,0.16,0.0,0.0,7.39,0.82,0.0,4.09,0.0,0.28,0.0,0.03,0.08,4.09,0.7,0.72,1.57,0.0,0.0,0.23,0.23,0.06,0.05,0.01,0.02,0.08,0.07,0.09,0.14,0.07,0.06,0.01,0.01,0.05,0.04,0.01,0.07,0.24,0.16,0.04,,0.75,9.29,5.39,0.0,0.0,0.0,0.0,0.0,0.81,,,,,10.78,0.0,0.0,0.0,0.0,0.0,40.41,100.0,0.0
DE0 26,,0.26,0.0,0.0,0.0,0.0,0.26,0.0,0.0,0.0,,123.07,131.17,161.0,136.6,124.84,,,,,,128.5,128.51,,,56.16,54.91,73.34,72.69,57.0,56.87,73.57,73.59,,,56.42,55.02,53.01,,,71.38,64.11,89.65,,,76.96,64.69,124.43,4.28,0.0,17.27,19.84,41.4,,,7.44,0.0,0.0,0.02,0.0,0.0,23.75,5.66,0.0,28.36,0.0,2.11,0.0,0.23,0.0,28.36,0.05,0.05,8.35,0.0,0.0,0.0,0.0,0.03,0.03,0.7,0.78,0.04,0.04,0.02,0.0,0.04,0.03,0.29,0.52,0.04,0.03,0.67,1.38,4.01,3.41,0.17,,5.21,64.45,0.3,0.0,0.0,0.0,0.0,0.0,20.39,,,,,100.0,0.0,0.0,0.0,0.0,0.0,100.0,100.0,0.0
DE0 27,,0.51,0.0,0.0,0.0,0.0,0.02,0.0,0.0,0.01,,118.3,126.6,156.43,131.51,119.89,,,,,,123.65,123.74,,,55.66,54.56,72.81,72.66,55.65,54.63,72.9,73.05,,,55.98,54.25,80.42,,,68.04,60.76,80.42,,,71.65,60.76,119.42,10.8,0.0,-2.89,5.05,12.96,,,13.01,0.0,0.0,0.07,0.0,0.0,2.24,1.62,0.0,8.14,0.0,0.5,0.0,0.06,0.03,8.14,0.01,0.01,2.61,0.0,0.0,0.25,0.29,0.05,0.04,0.11,0.13,0.05,0.04,0.11,0.18,0.05,0.04,0.04,0.08,0.05,0.05,0.11,0.31,0.62,0.57,0.16,,1.44,18.5,0.06,0.0,0.0,0.0,0.0,0.0,3.94,,,,,84.12,0.0,0.0,0.0,0.0,0.0,7.72,100.0,0.0
DE0 3,0.57,0.7,0.0,0.0,0.0,0.0,0.03,0.0,0.0,,0.49,86.39,84.13,113.96,96.62,86.47,,,,,,91.74,91.81,,,46.55,45.42,58.22,57.71,46.57,45.56,58.04,57.71,,,10.0,9.41,43.72,55.16,57.33,,59.94,47.48,58.23,63.29,68.76,59.94,,-18.54,0.0,-19.93,-0.65,-39.11,6.06,1.84,16.68,0.0,0.0,,0.0,0.0,12.86,0.0,0.0,4.0,3.76,15.47,0.0,0.03,1.67,4.0,0.0,0.0,1.27,0.0,0.0,0.25,0.39,0.05,0.04,0.0,0.01,0.04,0.04,0.11,0.23,0.06,0.05,0.0,0.0,0.02,0.02,0.0,0.0,0.11,0.09,,,844.33,9.08,0.01,0.0,0.0,0.0,0.0,0.0,0.04,,100.0,100.0,,100.0,0.0,0.0,,0.0,0.0,34.4,0.04,0.0
DE0 4,,3.66,0.0,0.0,0.0,0.0,0.07,0.01,0.0,0.01,,107.16,116.91,146.74,118.41,107.82,,,,,,112.52,112.6,,,52.68,51.65,67.95,67.69,52.67,51.77,68.03,68.11,,,54.19,52.5,63.62,,,70.62,62.64,63.62,,,70.62,62.64,112.53,11.91,0.0,3.03,9.96,24.9,,,18.47,0.0,0.0,0.05,0.0,0.0,15.33,3.38,0.0,18.65,0.0,2.96,0.0,0.15,1.09,18.65,0.02,0.02,6.9,0.0,0.0,0.38,0.53,0.05,0.04,0.33,0.56,0.05,0.04,0.17,0.32,0.05,0.04,0.13,0.31,0.05,0.04,0.46,1.16,2.51,1.94,0.22,,9.3,42.39,0.14,0.0,0.0,0.0,0.0,0.0,14.9,,,,,64.81,0.0,0.0,0.0,0.0,0.0,24.22,90.86,0.0
DE0 5,,0.76,0.0,0.0,0.0,0.0,0.89,0.01,0.0,0.0,,118.25,126.44,156.27,131.27,119.95,,,,,,123.69,123.68,,,55.02,53.79,71.9,71.74,55.34,54.34,71.98,72.1,,,55.37,53.86,81.15,,,67.24,61.66,81.15,,,71.88,61.66,122.1,6.11,0.0,5.61,15.58,27.29,,,10.53,0.0,0.0,0.0,0.0,0.0,30.0,4.87,0.0,24.38,0.0,1.8,0.0,0.19,0.08,24.38,1.61,1.64,7.36,0.0,0.0,0.01,0.01,0.08,0.06,0.64,0.73,0.04,0.04,0.02,0.01,0.06,0.05,0.26,0.46,0.04,0.03,0.65,1.28,12.84,9.85,,,5.47,55.41,11.15,0.0,0.0,0.0,0.0,0.0,19.19,,,,,94.59,0.0,0.0,0.0,0.0,0.0,94.37,100.0,0.0
DE0 6,,0.0,0.0,0.0,0.0,0.0,1.46,0.02,0.0,0.03,,121.69,127.6,157.43,135.93,123.48,,,,,,127.04,127.12,,,56.91,55.63,74.44,74.2,56.87,55.79,74.58,74.79,,,55.97,54.21,,,,65.31,62.72,104.38,,,69.53,62.72,122.17,21.0,0.0,2.83,8.75,32.58,,,0.0,0.0,0.0,0.79,0.0,0.0,18.82,1.67,0.0,8.36,0.0,0.75,0.0,0.07,0.01,8.36,3.65,3.72,3.12,0.0,0.0,0.43,0.46,0.04,0.03,0.04,0.05,0.06,0.05,0.17,0.28,0.04,0.04,0.02,0.03,0.07,0.06,0.04,0.12,0.34,0.34,,,2.19,19.0,26.85,0.0,0.0,0.0,0.0,0.0,1.69,,,,,0.0,0.0,0.0,0.0,0.0,0.0,42.69,100.0,0.0
DE0 7,,0.5,0.0,0.0,0.0,0.0,0.54,0.0,0.0,0.0,,123.13,131.21,161.04,136.72,124.95,,,,,,128.57,128.56,,,55.82,54.64,72.86,72.31,55.87,54.85,73.0,73.02,,,56.09,54.74,52.86,,,69.14,62.13,89.74,,,76.98,65.51,124.72,10.35,0.0,62.15,38.48,110.98,,,11.65,0.0,0.0,0.03,0.0,0.0,45.25,7.78,0.0,38.96,0.0,5.46,0.0,0.31,0.0,38.96,1.11,1.13,15.99,0.0,0.0,0.14,0.15,0.05,0.04,0.91,1.08,0.04,0.03,0.08,0.11,0.05,0.04,0.38,0.76,0.04,0.03,0.94,1.73,5.4,4.64,,,9.02,88.55,6.53,0.0,0.0,0.0,0.0,0.0,26.51,,,,,100.0,0.0,0.0,0.0,0.0,0.0,100.0,100.0,0.0
DE0 8,,0.0,0.0,0.0,0.0,0.0,0.21,0.0,0.0,0.0,,106.56,119.04,148.88,117.91,107.41,,,,,,111.99,112.0,,,52.09,51.08,67.72,67.37,52.07,51.12,67.79,67.73,,,54.7,53.73,,,,,63.65,68.03,,,69.8,63.65,110.92,1.63,0.0,24.48,2.91,29.03,,,0.0,0.0,0.0,0.01,0.0,0.0,7.97,0.67,0.0,7.63,0.0,1.35,0.0,0.06,0.44,7.63,0.0,0.0,3.9,0.0,0.0,0.23,0.33,0.05,0.04,0.11,0.2,0.06,0.05,0.1,0.19,0.06,0.05,0.04,0.11,0.06,0.05,0.16,0.37,0.74,0.59,,,4.3,17.34,0.01,0.0,0.0,0.0,0.0,0.0,4.21,,,,,0.0,0.0,0.0,0.0,0.0,0.0,20.93,43.77,0.0
DE0 9,,0.0,0.0,0.0,0.0,0.0,0.13,0.0,0.0,0.01,,119.44,128.11,157.94,133.88,121.13,,,,,,124.92,124.87,,,56.26,54.99,74.08,73.82,56.24,55.08,74.22,74.29,,,57.02,55.02,,,,65.54,58.48,99.66,,,70.91,58.48,119.53,1.87,0.0,22.02,8.75,32.64,,,0.0,0.0,0.0,0.6,0.0,0.0,17.92,4.56,0.0,22.86,0.0,1.6,0.0,0.18,0.0,22.86,0.01,0.01,6.3,0.0,0.0,0.34,0.46,0.04,0.03,0.43,0.67,0.03,0.03,0.15,0.27,0.04,0.03,0.18,0.37,0.04,0.03,0.38,0.68,3.3,2.57,,0.12,4.6,51.96,0.05,0.0,0.0,0.0,0.0,0.0,12.3,,,,,0.0,0.0,0.0,0.0,0.0,0.0,33.74,100.0,0.0
DK0 0,0.0,0.58,0.0,0.0,0.0,0.0,0.03,0.0,0.0,,1.54,69.08,87.25,117.09,80.64,69.08,,,,,,74.56,74.51,,,42.15,41.21,51.25,50.97,42.27,41.35,51.34,51.12,,,22.48,21.7,31.11,,52.83,,60.02,44.31,53.15,52.83,66.44,60.02,,-70.25,0.0,-14.82,-16.34,-101.41,0.0,7.24,60.58,0.0,0.0,,0.0,0.0,10.59,0.0,0.0,13.41,13.0,52.66,0.0,0.6,8.87,13.41,0.0,0.0,6.85,0.0,0.0,0.14,0.3,0.05,0.04,0.49,1.14,0.05,0.04,0.17,0.11,0.05,0.04,0.16,0.4,0.05,0.05,0.0,1.04,9.73,8.48,,,2772.11,30.47,0.0,0.0,0.0,0.0,0.0,0.0,4.29,,0.0,11.28,,100.0,0.0,0.0,,0.0,0.0,9.21,0.01,0.0
DK3 0,0.0,0.63,0.0,0.0,0.0,0.0,0.03,0.0,0.0,,0.33,74.2,91.07,120.9,86.4,74.05,,,,,,79.67,79.63,,,43.58,42.47,53.85,53.32,43.91,43.27,54.05,53.69,,,37.73,36.69,29.74,,56.11,,57.01,51.52,57.18,56.11,68.16,57.01,,-13.76,0.0,0.35,-1.14,-14.55,0.0,3.08,11.59,0.0,0.0,,0.0,0.0,17.98,0.0,0.0,7.16,3.11,12.59,0.0,0.32,0.88,7.16,0.0,0.0,4.1,0.0,0.0,0.03,0.05,0.08,0.06,0.33,0.75,0.05,0.04,0.07,0.03,0.05,0.04,0.11,0.27,0.05,0.05,0.25,0.91,2.09,1.87,,,680.41,16.27,0.0,0.0,0.0,0.0,0.0,0.0,4.01,,0.0,38.53,,100.0,0.0,0.0,,0.0,0.0,61.8,0.2,0.0
EE6 0,0.0,2.66,0.0,0.0,0.0,0.0,0.04,0.0,0.0,,0.0,82.49,105.06,134.89,92.38,81.96,,,,,,87.85,87.92,,,47.46,46.28,61.89,61.82,47.52,46.72,62.0,62.1,,,44.13,41.76,45.65,,,,60.24,45.65,56.15,57.11,71.81,60.24,,-4.78,0.0,-4.44,-8.17,-17.39,0.0,0.0,16.9,0.0,0.0,,0.0,0.0,9.67,0.0,0.0,5.37,1.32,8.86,0.0,0.2,4.15,5.37,0.0,0.0,2.7,0.0,0.0,0.16,0.53,0.05,0.04,0.11,0.53,0.06,0.05,0.08,0.2,0.06,0.05,0.04,0.19,0.07,0.06,0.09,0.64,1.02,1.14,,,13.96,12.2,0.01,0.0,0.0,0.0,0.0,0.0,11.3,,0.0,0.0,,18.05,0.0,0.0,,0.0,0.0,15.59,0.11,0.0
ES0 0,0.0,0.0,0.0,0.0,0.0,0.0,1.07,0.0,0.14,,,68.72,92.57,122.4,75.84,70.69,,,,,,74.15,74.15,,,31.59,30.65,40.24,39.37,31.88,30.97,40.51,39.64,,,27.28,26.76,,,,40.47,36.34,75.1,74.15,,53.25,36.34,,-7.02,0.0,-11.04,-4.41,-22.48,0.0,,0.0,0.0,0.0,,0.0,0.0,55.29,3.52,0.32,17.45,1.66,13.78,0.0,0.83,1.36,17.45,4.54,4.64,4.14,0.0,0.0,0.04,0.14,0.06,0.05,0.25,0.84,0.05,0.04,0.05,0.1,0.05,0.04,0.13,0.5,0.05,0.04,0.48,0.83,1.39,1.68,0.25,0.0,41.05,39.66,26.7,0.0,0.0,0.0,0.0,0.0,6.5,,0.0,,,0.0,0.0,0.0,,0.0,0.0,77.71,100.0,0.0
ES0 1,,0.0,0.0,0.0,0.0,0.0,1.63,0.0,0.03,,,69.77,95.03,124.87,76.89,71.69,,,,,,75.21,75.2,,,35.44,34.41,46.23,45.17,35.82,34.8,46.51,45.55,,,37.27,35.89,,,,42.07,38.01,72.13,,,54.24,38.01,,7.18,0.0,18.4,-3.4,22.19,,,0.0,0.0,0.0,,0.0,0.0,63.36,8.19,3.92,40.64,1.42,16.71,0.0,1.94,0.01,40.64,0.01,0.01,9.28,0.0,0.0,0.21,0.42,0.04,0.03,0.48,0.96,0.03,0.03,0.2,0.31,0.04,0.03,0.24,0.58,0.03,0.03,0.97,1.26,4.27,2.96,0.24,0.33,43.98,92.35,0.04,0.0,0.0,0.0,0.0,0.0,12.16,,,,,0.0,0.0,0.0,,0.0,0.0,31.91,100.0,0.0
ES0 10,,0.0,0.0,0.0,0.0,0.0,1.03,0.0,0.0,,,69.32,96.09,125.92,76.84,71.07,,,,,,74.76,74.75,,,36.69,35.62,10.14,12.09,36.82,35.71,27.86,28.28,,,32.16,31.85,,,,,38.96,63.44,,,54.82,38.96,,1.69,0.0,-29.83,-1.69,-29.84,,,0.0,0.0,0.0,,0.0,0.0,28.06,0.57,0.0,2.84,0.02,0.93,0.0,0.14,0.0,2.84,0.0,0.0,1.02,0.0,0.0,0.07,0.13,0.05,0.04,0.0,0.0,0.0,0.0,0.04,0.09,0.06,0.05,0.0,0.0,0.0,0.0,0.0,0.01,0.01,0.01,2.15,1.36,2.65,6.45,0.01,0.0,0.0,0.0,0.0,0.0,0.01,,,,,0.0,0.0,0.0,,0.0,0.0,61.61,100.0,0.0
ES0 11,0.0,0.0,0.0,0.0,0.0,0.0,3.87,0.0,0.0,,,68.43,91.11,120.94,75.57,70.42,,,,,,73.87,73.87,,,33.25,32.33,42.89,41.96,33.68,32.7,43.17,42.24,,,29.69,29.05,,,,40.25,36.79,72.01,78.46,,53.39,36.79,,-6.7,0.0,-41.79,-1.83,-50.33,0.0,,0.0,0.0,0.0,,0.0,0.0,90.67,4.0,0.02,19.83,2.26,16.83,0.0,0.95,2.18,19.83,21.05,21.48,4.74,0.0,0.0,0.06,0.16,0.05,0.04,0.26,0.65,0.05,0.04,0.07,0.12,0.05,0.05,0.14,0.38,0.05,0.04,0.51,0.65,1.74,1.35,0.74,0.13,47.13,45.07,123.75,0.0,0.0,0.0,0.0,0.0,6.29,,0.01,,,0.0,0.0,0.0,,0.0,0.0,65.0,100.0,0.0
ES0 12,0.0,0.59,0.0,0.0,0.0,0.0,0.14,0.0,0.0,,,71.67,99.58,129.41,79.34,73.39,,,,,,77.1,77.1,,,36.99,35.89,47.47,46.41,37.34,36.43,47.73,46.82,,,41.31,39.68,64.75,,,45.86,41.17,64.75,72.6,,57.06,41.17,,2.6,0.0,-0.05,-2.57,-0.02,0.0,,8.76,0.0,0.0,,0.0,0.0,8.82,1.42,1.04,7.05,0.14,2.35,0.0,0.34,0.0,7.05,0.0,0.0,2.78,0.0,0.0,0.03,0.09,0.04,0.03,0.08,0.21,0.03,0.03,0.03,0.06,0.03,0.03,0.04,0.12,0.04,0.03,0.18,0.23,0.86,0.58,,0.2,6.63,16.01,0.01,0.0,0.0,0.0,0.0,0.0,2.51,,0.02,,,16.46,0.0,0.0,,0.0,0.0,15.32,100.0,0.0
ES0 2,0.0,5.62,0.0,0.0,0.0,0.0,0.0,0.01,0.0,,,65.45,90.33,120.16,73.06,66.48,,,,,,70.89,70.88,,,34.89,33.91,43.33,42.27,35.04,34.12,43.5,42.62,,,25.32,24.61,46.39,,,52.23,,46.39,55.43,,54.81,49.13,,-12.84,0.0,-18.86,-6.51,-38.22,0.0,,44.52,0.0,0.0,,0.0,0.0,0.0,2.9,0.0,14.37,3.74,13.38,0.0,0.69,3.46,14.37,0.0,0.0,4.58,0.0,0.0,0.1,0.25,0.05,0.05,0.14,0.33,0.05,0.04,0.08,0.17,0.06,0.05,0.07,0.2,0.06,0.05,0.0,0.44,2.73,2.42,1.22,2.44,30.53,32.66,0.0,0.0,0.0,0.0,0.0,0.0,2.22,,0.01,,,58.04,0.0,0.0,,0.0,0.0,0.0,100.0,0.0
ES0 3,0.0,3.04,0.0,0.0,0.0,0.0,0.84,0.0,0.06,,,70.28,94.18,124.02,77.91,72.23,,,,,,75.71,75.71,,,35.51,34.38,46.2,45.03,35.64,34.54,46.4,45.53,,,33.57,31.78,59.46,,,42.38,38.03,59.46,60.75,,54.66,38.03,,1.44,0.0,-52.35,-1.07,-51.98,0.0,,17.37,0.0,0.0,,0.0,0.0,42.95,1.63,0.19,8.11,0.73,5.41,0.0,0.39,0.81,8.11,6.61,6.75,3.01,0.0,0.0,0.1,0.27,0.06,0.05,0.06,0.16,0.06,0.05,0.07,0.18,0.05,0.04,0.03,0.09,0.06,0.05,0.1,0.19,0.41,0.38,0.4,0.79,14.34,18.43,38.88,0.0,0.0,0.0,0.0,0.0,1.5,,0.01,,,21.2,0.0,0.0,,0.0,0.0,45.71,100.0,0.0
ES0 4,0.0,0.0,0.0,0.0,0.0,0.0,0.25,0.0,0.0,,,71.21,99.18,129.01,78.59,72.9,,,,,,76.65,76.65,,,37.65,36.59,47.68,46.72,37.8,36.75,47.92,47.02,,,41.89,40.76,,,,44.49,39.84,66.93,66.71,,56.14,39.84,,6.81,0.0,18.02,0.41,25.24,0.0,,0.0,0.0,0.0,,0.0,0.0,18.35,1.72,0.11,8.54,0.23,3.93,0.0,0.41,0.0,8.54,0.0,0.0,4.07,0.0,0.0,0.1,0.19,0.05,0.04,0.06,0.12,0.05,0.04,0.07,0.13,0.05,0.04,0.03,0.07,0.06,0.05,0.14,0.16,0.51,0.41,0.13,0.22,11.58,19.42,0.01,0.0,0.0,0.0,0.0,0.0,1.28,,0.0,,,0.0,0.0,0.0,,0.0,0.0,19.29,100.0,0.0
ES0 5,0.0,0.0,0.0,0.0,0.0,0.0,0.59,0.0,0.0,,,69.46,87.64,117.47,76.37,71.51,,,,,,74.88,74.89,,,32.81,31.78,42.03,41.03,33.3,32.34,42.29,41.39,,,24.01,25.0,,,,39.5,35.19,67.81,73.96,,54.47,39.59,,-8.99,0.0,-8.12,-0.92,-18.03,0.0,,0.0,0.0,0.0,,0.0,0.0,67.57,2.63,0.0,13.06,4.64,27.6,0.0,0.62,0.78,13.06,3.77,3.85,2.76,0.0,0.0,0.02,0.07,0.06,0.05,0.19,0.57,0.04,0.04,0.04,0.05,0.04,0.04,0.1,0.34,0.05,0.04,0.09,0.5,3.51,3.12,,,310.36,29.68,22.19,0.0,0.0,0.0,0.0,0.0,1.96,,0.01,,,0.0,0.0,0.0,,0.0,0.0,100.0,100.0,0.0
ES0 6,,0.0,0.0,0.0,0.0,0.0,0.0,0.0,0.0,,,69.59,94.95,124.78,77.22,71.51,,,,,,75.03,75.02,,,33.67,32.68,43.4,42.33,33.83,32.76,43.44,42.6,,,34.14,32.7,,,,41.68,,73.84,,,53.11,43.07,,4.97,0.0,8.95,-1.23,12.7,,,0.0,0.0,0.0,,0.0,0.0,0.0,1.37,0.03,6.81,0.06,2.18,0.0,0.32,0.08,6.81,0.01,0.01,1.62,0.0,0.0,0.18,0.36,0.04,0.03,0.01,0.01,0.05,0.04,0.1,0.24,0.04,0.04,0.0,0.01,0.03,0.03,0.01,0.02,0.06,0.04,0.59,1.87,6.07,15.47,0.04,0.0,0.0,0.0,0.0,0.0,0.17,,,,,0.0,0.0,0.0,,0.0,0.0,0.0,100.0,0.0
ES0 7,0.0,0.0,0.0,0.0,0.0,0.0,0.53,0.0,0.2,0.0,,70.94,95.48,125.31,78.58,72.89,,,,,,76.38,76.37,,,36.54,35.31,46.33,45.3,37.18,36.34,46.64,45.61,,,37.42,35.13,,,,43.21,38.67,62.58,71.63,,54.35,38.96,66.12,-0.36,0.0,47.7,-3.1,44.24,0.0,,0.0,0.0,0.0,0.02,0.0,0.0,38.93,6.55,4.87,32.49,1.67,15.89,0.0,1.55,2.06,32.49,0.02,0.02,7.99,0.0,0.0,0.05,0.14,0.05,0.04,0.44,1.15,0.04,0.03,0.1,0.11,0.05,0.04,0.23,0.68,0.04,0.03,0.86,1.21,4.26,2.61,0.54,0.33,43.21,73.84,0.14,0.0,0.0,0.0,0.0,0.0,13.67,,0.0,,,0.0,0.0,0.0,0.0,0.0,0.0,100.0,100.0,0.0
ES0 8,0.0,1.63,0.0,0.0,0.0,0.0,0.6,0.0,0.0,,0.0,68.95,87.39,117.22,76.33,70.94,,,,,,74.37,74.39,,,34.22,33.18,44.24,43.16,34.69,33.71,44.55,43.5,,,23.02,24.03,64.83,,,41.27,36.73,64.83,65.76,69.79,54.13,39.04,,-42.51,0.0,6.17,-2.38,-38.73,0.0,0.0,24.6,0.0,0.0,,0.0,0.0,87.09,4.09,0.0,20.28,8.0,45.54,0.0,0.97,1.18,20.28,0.01,0.01,6.53,0.0,0.0,0.06,0.16,0.06,0.05,0.26,0.7,0.05,0.04,0.08,0.12,0.05,0.05,0.13,0.42,0.05,0.04,0.0,0.61,5.42,4.71,1.52,0.52,680.0,46.09,0.07,0.0,0.0,0.0,0.0,0.0,2.28,,0.0,0.04,,36.14,0.0,0.0,,0.0,0.0,100.0,100.0,0.0
ES0 9,0.0,0.06,0.0,0.0,0.0,0.0,0.0,0.0,0.0,,,72.51,92.75,122.58,80.59,73.83,,,,,,77.94,77.94,,,37.93,36.91,47.79,46.76,38.26,37.33,48.03,47.17,,,42.23,41.11,69.73,,,51.41,,69.72,71.55,,59.01,47.83,,3.23,0.0,53.61,2.1,58.94,0.0,,1.18,0.0,0.0,,0.0,0.0,0.0,2.8,0.0,13.91,0.6,6.26,0.0,0.66,0.0,13.91,0.0,0.0,5.35,0.0,0.0,0.04,0.1,0.04,0.04,0.17,0.4,0.03,0.03,0.05,0.07,0.04,0.03,0.09,0.24,0.04,0.03,0.38,0.4,1.15,0.96,0.36,0.14,178.51,31.62,0.01,0.0,0.0,0.0,0.0,0.0,2.89,,0.0,,,2.3,0.0,0.0,,0.0,0.0,0.0,100.0,0.0
ES2 0,0.0,0.17,0.0,0.0,0.0,0.0,0.21,0.0,0.01,,0.0,71.97,96.72,126.56,79.62,73.88,,,,,,77.36,77.4,,,32.02,31.33,40.43,39.75,32.29,31.62,40.47,39.78,,,33.39,31.87,59.39,,,,40.81,59.39,62.56,70.08,53.18,40.81,,0.43,0.0,0.88,0.01,1.32,0.0,0.0,1.41,0.0,0.0,,0.0,0.0,4.65,0.59,0.29,2.92,0.12,1.15,0.0,0.14,0.17,2.92,0.37,0.38,0.92,0.0,0.0,0.0,0.03,0.06,0.05,0.05,0.28,0.06,0.05,0.01,0.02,0.04,0.03,0.03,0.17,0.07,0.05,0.09,0.19,0.44,0.38,,,3.41,6.63,2.18,0.0,0.0,0.0,0.0,0.0,1.76,,0.0,0.03,,23.62,0.0,0.0,,0.0,0.0,47.3,100.0,0.0
FI3 0,0.0,0.28,0.0,0.0,0.0,0.0,0.02,0.0,0.0,0.02,0.8,91.81,111.99,141.82,103.75,91.07,,,,,,96.92,97.25,,,51.11,49.9,67.83,67.73,51.74,51.57,67.99,68.04,,,56.72,56.14,59.18,,61.03,,,59.18,69.64,61.03,77.43,65.3,93.98,0.53,0.0,-6.25,5.12,-0.61,0.0,11.01,1.81,0.0,0.0,0.2,0.0,0.0,0.85,0.0,0.0,8.66,0.0,1.31,0.0,0.12,0.49,8.66,0.0,0.0,5.44,0.0,0.0,0.01,0.01,0.06,0.05,0.3,1.02,0.05,0.04,0.09,0.01,0.05,0.05,0.14,0.58,0.06,0.05,0.61,1.04,2.32,2.44,,0.07,3.58,19.69,0.02,0.0,0.0,0.0,0.0,0.0,17.3,,0.0,38.9,,1.36,0.0,0.0,0.0,0.0,0.0,1.6,0.07,0.0
FI3 1,0.0,0.0,0.0,0.0,0.0,0.0,0.0,0.0,0.0,0.02,0.21,87.09,110.78,140.61,98.74,86.28,,,,,,92.27,92.53,,,50.5,49.19,68.79,68.82,50.52,49.52,68.85,69.07,,,56.88,56.11,,,60.27,,,69.99,65.65,60.48,76.78,69.54,88.52,2.71,0.0,7.43,1.26,11.39,0.0,3.54,0.0,0.0,0.0,0.6,0.0,0.0,0.0,0.0,0.0,4.14,0.12,0.93,0.0,0.06,0.17,4.14,0.0,0.0,3.13,0.0,0.0,0.18,0.43,0.06,0.05,0.07,0.21,0.06,0.05,0.12,0.26,0.05,0.04,0.03,0.12,0.07,0.06,0.11,0.48,0.8,0.94,,0.65,3.51,9.42,0.01,0.0,0.0,0.0,0.0,0.0,8.72,,0.0,99.99,,0.0,0.0,0.0,0.0,0.0,0.0,0.0,0.02,0.0
FI3 2,0.0,0.29,0.0,0.0,0.0,0.0,0.02,0.0,0.0,0.02,0.02,94.86,112.77,142.6,106.62,94.31,,,,,,99.84,100.29,,,52.84,51.73,70.25,70.3,52.91,52.1,70.46,70.79,,,57.44,56.13,61.03,,,,65.47,61.03,71.81,69.68,77.9,65.46,96.22,4.76,0.0,18.49,4.52,27.78,0.0,0.04,6.42,0.0,0.0,0.35,0.0,0.0,1.69,0.0,0.0,5.16,0.0,0.63,0.0,0.07,0.22,5.16,0.3,0.3,4.57,0.0,0.0,0.13,0.38,0.06,0.05,0.12,0.46,0.05,0.04,0.11,0.23,0.05,0.05,0.05,0.27,0.07,0.05,0.22,0.53,0.9,1.24,,0.06,1.74,11.72,2.61,0.0,0.0,0.0,0.0,0.0,7.0,,0.01,100.0,,4.4,0.0,0.0,0.0,0.0,0.0,10.11,0.1,0.0
FI3 3,0.0,1.12,0.0,0.0,0.0,0.0,,,0.0,0.01,,76.99,99.95,129.78,87.73,76.58,,,,,,82.33,82.42,,,48.03,46.88,65.77,65.85,48.04,47.25,65.46,65.62,,,37.38,35.55,57.28,,,,,57.28,70.09,,,,80.04,1.08,0.0,-11.14,-2.17,-12.23,0.0,,10.89,0.0,0.0,0.12,0.0,0.0,,,0.0,1.42,0.1,2.59,0.0,0.02,1.59,1.42,0.0,0.0,1.0,0.0,0.0,0.11,0.26,0.06,0.05,0.0,0.01,0.04,0.03,0.06,0.15,0.06,0.05,0.0,0.01,0.02,0.02,0.0,0.03,0.07,0.06,,0.71,1.78,3.22,0.0,0.0,0.0,0.0,0.0,0.0,0.63,,0.0,,,4.61,0.0,0.0,0.0,0.0,0.0,,,0.0
FI3 4,0.24,0.23,0.0,0.0,0.0,0.0,0.04,0.01,0.0,0.0,0.06,92.88,111.88,141.72,104.85,92.27,,,,,,97.92,98.32,,,24.44,24.74,67.84,67.84,51.94,51.95,67.99,68.08,,,56.47,55.13,54.58,61.0,,70.62,62.19,54.58,61.0,66.91,70.75,63.18,97.08,6.0,0.0,-2.17,6.0,9.83,1.58,0.19,5.77,0.0,0.0,0.02,0.0,0.0,20.49,1.56,0.0,8.47,0.0,1.46,0.0,0.11,0.67,8.47,0.0,0.0,4.67,0.0,0.0,0.0,0.0,0.0,0.0,0.3,1.22,0.05,0.04,0.08,0.01,0.05,0.04,0.14,0.7,0.06,0.05,0.57,0.93,2.28,2.39,,,3.32,19.26,0.04,0.0,0.0,0.0,0.0,0.0,13.84,,24.42,100.0,,14.58,0.0,0.0,0.0,0.0,0.0,100.0,99.98,0.0
FR0 0,0.0,1.64,0.0,0.0,0.0,0.0,0.1,0.01,0.0,,,76.24,93.83,123.66,84.49,78.2,,,,,,81.69,81.67,,,39.4,38.29,49.7,48.73,39.56,38.64,49.94,49.19,,,39.21,37.7,58.77,,,47.97,42.51,58.77,69.2,,52.8,42.51,,0.37,0.0,-4.91,-5.54,-10.09,0.0,,11.07,0.0,0.0,,0.0,0.0,13.93,1.45,0.0,6.85,0.88,6.41,0.0,0.07,2.88,6.85,0.44,0.45,2.79,0.0,0.0,0.07,0.22,0.06,0.05,0.16,0.48,0.05,0.04,0.06,0.15,0.05,0.04,0.09,0.29,0.06,0.05,0.27,0.47,0.9,0.89,,0.69,12.28,15.58,2.59,0.0,0.0,0.0,0.0,0.0,4.44,,0.02,,,58.46,0.0,0.0,,0.0,0.0,70.35,100.0,0.0
FR0 1,,1.95,0.0,0.0,0.0,0.0,0.07,0.01,0.0,,,95.4,112.8,142.63,106.84,96.71,,,,,,100.83,100.84,,,45.76,44.76,59.51,58.73,46.59,46.55,59.66,59.28,,,50.89,49.37,50.91,,,62.59,55.48,60.12,,,63.38,55.48,,7.52,0.0,20.28,40.16,67.96,,,40.39,0.0,0.0,,0.0,0.0,50.44,13.81,0.0,65.39,0.0,6.28,0.0,0.7,2.02,65.39,0.0,0.0,23.69,0.0,0.0,0.02,0.04,0.08,0.06,1.71,3.81,0.05,0.04,0.28,0.06,0.05,0.05,0.86,2.46,0.05,0.04,3.24,4.22,12.9,10.91,,,16.8,148.62,0.01,0.0,0.0,0.0,0.0,0.0,62.5,,,,,100.0,0.0,0.0,,0.0,0.0,44.37,100.0,0.0
FR0 10,0.0,0.0,0.0,0.0,0.0,0.0,0.67,0.01,0.59,0.02,,77.23,97.15,126.99,86.53,79.2,,,,,,82.7,82.66,,,41.21,39.97,53.17,52.15,41.4,40.32,53.43,52.74,,,41.66,39.64,,,,46.69,42.01,70.81,86.99,,52.68,42.01,70.42,19.66,0.0,1.67,-1.46,19.87,0.0,,0.0,0.0,0.0,0.27,0.0,0.0,27.28,2.05,2.47,9.7,1.11,6.14,0.0,0.1,1.43,9.7,3.98,4.06,3.8,0.0,0.0,0.11,0.26,0.05,0.04,0.21,0.5,0.04,0.03,0.1,0.17,0.05,0.04,0.11,0.31,0.05,0.04,0.3,0.54,1.91,1.46,,1.37,15.93,22.05,23.37,0.0,0.0,0.0,0.0,0.0,6.91,,0.02,,,0.0,0.0,0.0,0.0,0.0,0.0,99.49,100.0,0.0
FR0 11,,0.6,0.0,0.0,0.0,0.0,0.05,0.0,0.0,,,97.19,115.91,145.74,108.46,98.39,,,,,,102.63,102.63,,,46.96,45.87,61.28,60.8,46.91,45.82,61.37,61.22,,,52.06,50.33,64.79,,,,56.35,64.78,,,63.52,56.35,,5.13,0.0,2.72,0.31,8.17,,,8.04,0.0,0.0,,0.0,0.0,8.7,0.99,0.0,7.77,0.0,0.72,0.0,0.08,0.21,7.77,0.0,0.0,3.73,0.0,0.0,0.37,0.61,0.05,0.04,0.03,0.05,0.07,0.06,0.22,0.44,0.05,0.04,0.02,0.04,0.08,0.06,0.06,0.13,0.25,0.24,,,1.92,17.67,0.01,0.0,0.0,0.0,0.0,0.0,1.57,,,,,13.74,0.0,0.0,,0.0,0.0,8.99,60.24,0.0
FR0 12,0.06,0.0,0.0,0.0,0.0,0.0,0.45,0.01,0.01,0.0,0.01,89.65,113.86,143.69,100.27,91.59,,,,,,95.11,95.08,,,41.8,40.54,54.25,53.36,41.9,40.84,54.43,53.8,,,46.48,44.55,,82.16,,54.51,49.27,81.35,82.15,82.25,60.92,49.27,83.34,3.51,0.0,3.73,4.17,11.41,1.59,0.22,0.01,0.0,0.0,0.02,0.0,0.0,19.46,2.34,0.52,11.1,0.0,0.96,0.0,0.12,0.02,11.1,2.16,2.2,4.28,0.0,0.0,0.26,0.69,0.05,0.04,0.2,0.49,0.05,0.04,0.17,0.46,0.05,0.04,0.1,0.3,0.06,0.05,0.38,0.47,1.7,1.41,,,2.86,25.23,12.67,0.0,0.0,0.0,0.0,0.0,6.92,,43.19,100.0,,0.01,0.0,0.0,0.0,0.0,0.0,25.57,100.0,0.0
FR0 13,,1.1,0.0,0.0,0.0,0.0,0.45,0.01,0.12,0.02,,92.61,112.25,142.08,103.45,94.43,,,,,,98.09,98.05,,,46.71,45.41,62.18,61.43,47.02,45.84,62.37,61.91,,,52.61,49.7,83.03,,,54.16,48.47,83.03,,,60.43,50.14,83.57,1.89,0.0,-35.08,1.85,-31.34,,,13.86,0.0,0.0,1.2,0.0,0.0,30.09,1.41,2.72,6.7,0.0,1.3,0.0,0.07,0.35,6.7,1.54,1.57,2.81,0.0,0.0,0.04,0.07,0.06,0.05,0.15,0.29,0.05,0.04,0.05,0.05,0.06,0.05,0.08,0.2,0.05,0.05,0.26,0.35,1.63,0.85,2.17,0.71,3.22,15.23,9.07,0.0,0.0,0.0,0.0,0.0,5.52,,,,,60.64,0.0,0.0,0.0,0.0,0.0,100.0,100.0,0.0
FR0 14,0.03,1.8,0.0,0.0,0.0,0.0,0.24,0.01,0.7,0.02,,80.17,104.24,134.08,89.13,82.12,,,,,,85.62,85.61,,,38.66,37.41,49.95,48.91,39.25,38.48,50.22,49.58,,,39.73,38.02,52.08,,,44.83,39.86,69.14,73.02,,54.75,43.72,72.14,2.77,0.0,-11.18,-1.56,-9.97,0.23,,15.23,0.0,0.0,1.24,0.0,0.0,26.9,2.48,4.23,11.74,0.54,8.23,0.0,0.13,2.08,11.74,1.75,1.79,5.93,0.0,0.0,0.02,0.07,0.07,0.06,0.37,1.05,0.04,0.04,0.06,0.05,0.05,0.04,0.19,0.65,0.04,0.04,0.59,0.72,2.7,2.36,,0.3,24.16,26.67,10.32,0.0,0.0,0.0,0.0,0.0,9.87,,99.99,,,100.0,0.0,0.0,0.0,0.0,0.0,100.0,100.0,0.0
FR0 15,,3.73,0.0,0.0,0.0,0.0,0.04,0.01,0.0,,,94.17,109.8,139.64,105.28,95.16,,,,,,99.62,99.6,,,46.42,45.48,60.18,59.7,46.38,45.49,60.31,60.1,,,51.1,49.32,57.08,,,,58.05,57.08,,,66.36,58.05,,3.24,0.0,-14.83,-3.14,-14.73,,,18.85,0.0,0.0,,0.0,0.0,7.47,0.37,0.0,5.17,0.13,4.68,0.0,0.06,2.81,5.17,0.0,0.0,2.46,0.0,0.0,0.12,0.22,0.06,0.05,0.08,0.17,0.05,0.05,0.08,0.15,0.06,0.05,0.04,0.11,0.06,0.05,0.12,0.34,0.7,0.54,0.95,,4.06,11.75,0.01,0.0,0.0,0.0,0.0,0.0,4.81,,,,,68.77,0.0,0.0,,0.0,0.0,13.95,34.1,0.0
FR0 16,,0.14,0.0,0.0,0.0,0.0,0.0,0.01,0.0,0.01,,98.53,119.19,149.02,110.51,100.06,,,,,,104.02,103.96,,,47.66,46.34,62.03,61.42,47.91,46.73,62.18,61.77,,,53.74,51.49,84.84,,,59.42,,84.84,,,62.65,56.58,89.99,2.57,0.0,26.72,5.64,34.93,,,9.26,0.0,0.0,0.27,0.0,0.0,0.0,3.33,0.0,15.76,0.0,1.63,0.0,0.17,0.05,15.76,0.0,0.0,5.74,0.0,0.0,0.12,0.21,0.05,0.04,0.35,0.63,0.05,0.04,0.12,0.16,0.04,0.04,0.18,0.43,0.05,0.04,0.55,0.48,2.04,2.09,,0.04,4.9,35.83,0.02,0.0,0.0,0.0,0.0,0.0,9.05,,,,,28.22,0.0,0.0,0.0,0.0,0.0,0.01,100.0,0.0
FR0 17,,0.0,0.0,0.0,0.0,0.0,0.26,0.01,0.0,,,97.45,115.55,145.38,108.77,99.28,,,,,,102.89,102.89,,,46.92,45.83,61.17,60.85,46.89,45.79,61.31,61.11,,,49.57,47.09,,,,61.09,54.99,74.81,,,61.4,54.99,,3.08,0.0,10.82,-0.45,13.45,,,0.0,0.0,0.0,,0.0,0.0,13.42,1.71,0.0,8.1,0.0,0.71,0.0,0.09,0.16,8.1,1.09,1.11,3.56,0.0,0.0,0.25,0.46,0.05,0.04,0.09,0.16,0.06,0.05,0.16,0.31,0.05,0.04,0.05,0.1,0.08,0.07,0.18,0.33,0.82,0.55,,0.06,2.11,18.42,6.4,0.0,0.0,0.0,0.0,0.0,4.97,,,,,0.0,0.0,0.0,,0.0,0.0,13.26,99.98,0.0
FR0 18,0.0,5.13,0.0,0.0,0.0,0.0,0.04,0.0,0.0,,0.4,79.18,96.95,126.78,88.91,79.57,,,,,,84.59,84.61,,,40.73,39.73,50.83,49.9,40.78,39.8,50.97,50.35,,,34.89,33.54,44.03,,,,54.47,44.03,55.28,60.18,65.09,54.47,,-13.48,0.0,-13.04,-18.14,-44.65,0.0,0.75,35.2,0.0,0.0,,0.0,0.0,12.73,0.0,0.0,9.03,3.29,18.29,0.0,0.1,8.61,9.03,0.0,0.0,4.0,0.0,0.0,0.11,0.29,0.06,0.05,0.19,0.52,0.05,0.04,0.09,0.18,0.06,0.05,0.1,0.3,0.07,0.05,0.09,0.69,2.48,2.18,0.24,,15.07,20.52,0.01,0.0,0.0,0.0,0.0,0.0,10.45,,0.0,99.99,,83.23,0.0,0.0,,0.0,0.0,13.62,0.05,0.0
FR0 19,0.48,1.34,0.0,0.0,0.0,0.0,0.0,0.01,0.0,,0.18,93.16,109.93,139.76,104.26,94.03,,,,,,98.6,98.59,,,45.78,44.77,58.85,58.22,46.33,45.79,59.01,58.64,,,50.23,48.22,39.82,62.7,,,,57.13,65.66,72.28,65.96,61.06,,2.85,0.0,-17.23,-4.54,-18.91,2.01,0.72,14.99,0.0,0.0,,0.0,0.0,0.01,0.6,0.0,10.5,0.04,2.3,0.0,0.11,1.07,10.5,0.0,0.0,4.41,0.0,0.0,0.01,0.02,0.07,0.06,0.25,0.62,0.05,0.04,0.05,0.02,0.05,0.05,0.13,0.38,0.05,0.04,0.47,0.82,1.75,1.63,,,4.89,23.86,0.01,0.0,0.0,0.0,0.0,0.0,10.63,,100.0,100.0,,100.0,0.0,0.0,,0.0,0.0,0.03,27.19,0.0
FR0 2,,0.0,0.0,0.01,0.0,0.0,1.72,0.02,0.36,0.03,,103.54,117.91,147.75,116.58,105.27,,,,,,109.04,108.97,,,54.24,52.86,76.78,76.38,54.3,52.95,77.21,77.2,,,54.84,49.82,,,,,56.07,115.01,,,64.33,56.07,94.3,4.46,0.0,-8.69,-7.49,-11.72,,,0.0,0.0,0.14,0.61,0.0,0.05,16.96,0.88,3.48,4.17,0.0,0.83,0.0,0.04,0.14,4.17,2.44,2.49,1.79,0.0,0.0,0.07,0.09,0.06,0.05,0.05,0.09,0.05,0.05,0.05,0.06,0.05,0.04,0.02,0.06,0.06,0.05,0.0,0.14,1.28,0.56,1.14,1.21,2.12,9.48,14.33,0.0,0.0,0.0,0.0,0.0,5.76,,,,,0.0,0.0,0.0,0.0,0.0,0.0,98.79,100.0,0.0
FR0 20,0.0,2.99,0.0,0.0,0.0,0.0,0.11,0.01,0.0,,0.0,85.37,104.76,134.59,95.11,87.25,,,,,,90.77,90.8,,,41.57,40.29,53.8,53.04,41.61,40.4,53.93,53.48,,,39.6,38.09,62.16,,,56.7,50.38,62.16,72.62,72.22,58.05,50.38,,-2.15,0.0,-14.5,-4.76,-21.41,0.0,0.0,26.82,0.0,0.0,,0.0,0.0,12.24,1.95,0.0,9.25,0.91,6.84,0.0,0.1,3.08,9.25,0.36,0.36,4.2,0.0,0.0,0.33,0.76,0.06,0.05,0.1,0.23,0.06,0.05,0.2,0.53,0.06,0.05,0.05,0.14,0.08,0.07,0.14,0.29,0.67,0.64,,,14.29,21.03,2.1,0.0,0.0,0.0,0.0,0.0,4.06,,0.14,1.46,,51.78,0.0,0.0,,0.0,0.0,11.71,100.0,0.0
FR0 21,,0.09,0.0,0.0,0.0,0.0,0.66,0.02,0.0,0.02,,112.17,126.34,156.17,125.84,113.81,,,,,,117.66,117.61,,,52.51,51.36,69.16,68.66,52.65,51.56,69.24,69.06,,,56.85,54.62,93.19,,,63.83,59.92,93.18,,,69.19,59.92,101.81,2.27,0.0,10.9,-2.81,10.36,,,4.82,0.0,0.0,1.6,0.0,0.0,11.94,2.84,0.0,13.47,0.0,1.36,0.0,0.14,0.0,13.47,0.42,0.43,4.95,0.0,0.0,0.12,0.17,0.05,0.04,0.26,0.38,0.05,0.04,0.12,0.14,0.04,0.04,0.14,0.27,0.05,0.04,0.22,0.34,4.99,4.04,,,3.79,30.61,2.49,0.0,0.0,0.0,0.0,0.0,5.94,,,,,21.78,0.0,0.0,0.0,0.0,0.0,28.06,100.0,0.0
FR0 22,0.0,2.3,0.0,0.0,0.0,0.0,0.04,0.0,0.0,,3.12,85.74,99.95,129.79,95.39,86.37,,,,,,91.1,91.18,,,43.27,42.13,54.87,54.01,43.41,42.43,55.03,54.55,,,39.85,38.52,44.49,,57.61,,56.59,45.98,58.3,60.59,67.28,56.59,,-10.19,0.0,-23.76,-17.83,-51.77,0.0,8.93,29.55,0.0,0.0,,0.0,0.0,16.01,0.0,0.0,9.94,2.99,19.5,0.0,0.11,9.41,9.94,0.0,0.0,4.93,0.0,0.0,0.04,0.09,0.07,0.06,0.23,0.56,0.06,0.05,0.06,0.07,0.06,0.05,0.12,0.36,0.06,0.05,0.2,0.85,2.14,1.95,,,27.02,22.59,0.03,0.0,0.0,0.0,0.0,0.0,11.56,,0.0,100.0,,100.0,0.0,0.0,,0.0,0.0,22.36,0.03,0.0
FR0 23,0.0,0.0,0.0,0.0,0.0,0.0,0.1,0.01,0.01,,,90.44,114.71,144.54,100.98,92.35,,,,,,95.88,95.87,,,42.53,41.36,54.77,54.0,42.57,41.54,54.96,54.43,,,46.35,44.24,,,,56.5,50.55,89.81,90.21,,61.23,50.55,,2.8,0.0,6.3,0.47,9.57,0.0,,0.0,0.0,0.0,,0.0,0.0,6.25,1.01,0.39,4.8,0.0,0.49,0.0,0.05,0.0,4.8,1.29,1.31,2.19,0.0,0.0,0.14,0.41,0.06,0.05,0.06,0.17,0.06,0.05,0.09,0.27,0.05,0.04,0.03,0.1,0.08,0.06,0.12,0.19,0.63,0.49,,0.5,1.57,10.92,7.57,0.0,0.0,0.0,0.0,0.0,2.89,,0.02,,,0.0,0.0,0.0,,0.0,0.0,17.53,100.0,0.0
FR0 24,,0.0,0.0,0.0,0.0,0.0,0.35,0.01,0.0,0.01,,89.72,110.58,140.41,99.52,91.58,,,,,,94.93,95.15,,,45.89,44.93,50.07,50.26,45.95,45.14,47.17,47.55,,,45.49,44.5,,,,,51.67,75.52,,,57.92,51.67,83.08,2.43,0.0,-4.89,0.19,-2.27,,,0.0,0.0,0.0,0.12,0.0,0.0,11.2,0.33,0.0,2.39,0.0,0.21,0.0,0.03,0.02,2.39,1.15,1.17,1.52,0.0,0.0,0.13,0.25,0.6,0.5,0.0,0.0,0.0,0.0,0.07,0.17,0.37,0.31,0.0,0.0,0.0,0.0,0.0,0.0,0.01,0.01,0.92,0.85,0.58,5.43,6.77,0.0,0.0,0.0,0.0,0.0,0.03,,,,,0.0,0.0,0.0,0.0,0.0,0.0,26.62,65.61,0.0
FR0 25,,0.0,0.0,0.0,0.0,0.0,0.12,0.0,0.0,0.0,,102.14,121.22,151.05,114.53,103.76,,,,,,107.63,107.57,,,48.88,47.69,64.23,63.56,48.92,47.65,64.36,64.02,,,54.66,53.05,,,,60.31,53.94,90.27,,,65.18,53.94,93.28,6.83,0.0,8.58,1.2,16.61,,,0.0,0.0,0.0,0.12,0.0,0.0,10.82,2.05,0.0,9.7,0.0,0.89,0.0,0.1,0.01,9.7,0.0,0.0,3.36,0.0,0.0,0.17,0.26,0.04,0.04,0.16,0.29,0.04,0.04,0.13,0.19,0.04,0.04,0.09,0.2,0.05,0.04,0.22,0.17,0.79,0.8,,0.86,2.64,22.04,0.02,0.0,0.0,0.0,0.0,0.0,3.87,,,,,0.0,0.0,0.0,0.0,0.0,0.0,22.33,100.0,0.0
FR0 26,0.0,2.51,0.0,0.0,0.0,0.0,0.06,0.01,0.0,0.0,,74.55,92.63,122.46,82.64,76.45,,,,,,80.01,79.99,,,38.3,37.2,48.87,47.89,38.39,37.34,49.09,48.2,,,37.21,35.26,51.87,,,51.82,46.37,51.87,66.19,,54.05,46.37,70.04,2.81,0.0,-10.23,-4.84,-12.26,0.0,,22.8,0.0,0.0,0.02,0.0,0.0,3.31,1.64,0.0,7.76,1.17,6.84,0.0,0.08,2.81,7.76,0.01,0.01,3.58,0.0,0.0,0.14,0.46,0.06,0.05,0.15,0.48,0.06,0.05,0.1,0.3,0.05,0.04,0.08,0.28,0.07,0.06,0.2,0.55,0.85,1.03,,0.21,15.97,17.64,0.04,0.0,0.0,0.0,0.0,0.0,6.05,,0.01,,,64.66,0.0,0.0,0.0,0.0,0.0,6.95,100.0,0.0
FR0 3,0.0,2.03,0.0,0.0,0.0,0.0,0.06,0.0,0.0,,0.0,75.35,93.85,123.69,85.07,75.84,,,,,,80.75,80.78,,,39.12,38.04,47.92,46.92,39.34,38.57,48.06,47.28,,,31.85,30.42,34.1,,,,53.72,43.32,52.48,57.11,64.13,53.72,,-12.58,0.0,-7.05,-18.18,-37.8,0.0,0.0,24.76,0.0,0.0,,0.0,0.0,9.3,0.0,0.0,6.84,3.49,16.64,0.0,0.07,7.39,6.84,0.0,0.0,2.78,0.0,0.0,0.02,0.05,0.08,0.07,0.17,0.49,0.05,0.04,0.04,0.03,0.06,0.05,0.09,0.29,0.06,0.05,0.08,0.59,2.79,2.47,,,11.67,15.55,0.01,0.0,0.0,0.0,0.0,0.0,8.86,,0.0,0.02,,100.0,0.0,0.0,,0.0,0.0,15.73,0.19,0.0
FR0 4,,3.14,0.0,0.0,0.0,0.0,0.06,0.01,0.0,,,99.91,115.53,145.36,111.55,101.25,,,,,,105.37,105.34,,,48.52,47.51,63.63,63.13,48.63,47.6,63.78,63.44,,,54.71,53.39,65.92,,,65.77,58.46,65.92,,,65.77,58.46,,7.55,0.0,1.71,3.61,12.87,,,17.51,0.0,0.0,,0.0,0.0,7.23,1.7,0.0,10.19,0.0,3.17,0.0,0.11,1.5,10.19,0.0,0.0,4.66,0.0,0.0,0.12,0.19,0.06,0.05,0.2,0.37,0.05,0.04,0.1,0.14,0.05,0.04,0.1,0.24,0.05,0.04,0.27,0.72,1.21,0.96,,,5.95,23.16,0.02,0.0,0.0,0.0,0.0,0.0,7.09,,,,,56.68,0.0,0.0,,0.0,0.0,12.68,78.92,0.0
FR0 5,,0.1,0.0,0.0,0.0,0.0,0.08,0.0,0.0,0.01,,90.57,112.19,142.02,100.67,92.44,,,,,,95.89,96.0,,,45.27,44.06,58.29,57.92,45.34,44.3,58.29,58.22,,,46.58,45.32,69.83,,,,53.17,69.83,,,60.15,53.17,83.55,3.49,0.0,-6.97,0.03,-3.45,,,2.54,0.0,0.0,0.2,0.0,0.0,8.72,0.35,0.0,3.51,0.0,0.29,0.0,0.04,0.07,3.51,0.87,0.89,2.0,0.0,0.0,0.18,0.36,0.43,0.36,0.0,0.01,0.05,0.04,0.11,0.25,0.28,0.24,0.0,0.01,0.03,0.03,0.01,0.02,0.09,0.07,,1.49,0.82,7.97,5.14,0.0,0.0,0.0,0.0,0.0,0.33,,,,,6.08,0.0,0.0,0.0,0.0,0.0,16.45,47.6,0.0
FR0 6,,0.0,0.0,0.0,0.0,0.0,0.33,0.0,0.02,0.01,,87.85,112.35,142.18,98.45,89.71,,,,,,93.31,93.29,,,42.36,41.09,55.88,54.95,42.47,41.44,56.11,55.58,,,47.51,46.2,,,,53.31,47.84,81.98,,,59.56,47.84,81.04,3.55,0.0,3.85,2.27,9.66,,,0.01,0.0,0.0,0.1,0.0,0.0,20.69,2.13,2.05,10.07,0.0,0.91,0.0,0.11,0.04,10.07,2.14,2.19,4.23,0.0,0.0,0.16,0.41,0.04,0.03,0.2,0.48,0.04,0.04,0.12,0.28,0.05,0.04,0.1,0.3,0.05,0.04,0.36,0.51,2.1,1.4,,0.51,2.63,22.88,12.59,0.0,0.0,0.0,0.0,0.0,7.25,,,,,0.02,0.0,0.0,0.0,0.0,0.0,25.82,100.0,0.0
FR0 7,,0.4,0.0,0.0,0.0,0.0,0.05,0.01,0.0,,,88.16,108.95,138.78,98.48,89.54,,,,,,93.59,93.59,,,42.97,41.81,55.45,54.59,43.05,41.9,55.61,55.11,,,47.12,45.64,56.02,,,60.18,53.46,56.01,,,60.79,53.46,,3.51,0.0,12.02,-1.66,13.86,,,4.27,0.0,0.0,,0.0,0.0,8.81,2.2,0.0,10.44,0.0,0.99,0.0,0.11,0.31,10.44,0.01,0.01,4.38,0.0,0.0,0.14,0.28,0.06,0.05,0.22,0.48,0.05,0.04,0.11,0.2,0.05,0.04,0.11,0.31,0.06,0.05,0.44,0.61,1.78,1.56,,,3.05,23.72,0.03,0.0,0.0,0.0,0.0,0.0,8.97,,,,,8.0,0.0,0.0,,0.0,0.0,8.53,100.0,0.0
FR0 8,,4.4,0.0,0.0,0.0,0.0,0.08,0.01,0.0,,,92.99,109.52,139.35,104.18,93.86,,,,,,98.42,98.42,,,45.78,44.86,59.31,58.8,46.27,45.56,59.46,59.37,,,50.42,48.68,52.96,,,,57.99,59.77,,,65.54,57.99,,3.79,0.0,12.99,-4.79,11.99,,,13.66,0.0,0.0,,0.0,0.0,10.41,0.72,0.0,12.02,0.27,8.34,0.0,0.13,4.94,12.02,0.0,0.0,4.56,0.0,0.0,0.01,0.03,0.08,0.07,0.29,0.73,0.05,0.04,0.06,0.02,0.06,0.05,0.15,0.47,0.05,0.04,0.5,1.0,2.03,2.0,,,6.54,27.31,0.01,0.0,0.0,0.0,0.0,0.0,12.88,,,,,100.0,0.0,0.0,,0.0,0.0,19.7,28.34,0.0
FR0 9,0.0,4.51,0.0,0.0,0.0,0.0,0.08,0.01,0.0,,0.0,78.43,95.94,125.77,87.7,79.61,,,,,,83.81,83.84,,,39.44,38.26,49.91,48.84,39.84,39.06,50.08,49.22,,,36.08,34.37,48.73,,,57.27,50.61,48.73,56.19,60.96,57.76,50.61,,-11.83,0.0,-4.71,-5.61,-22.15,0.0,0.0,18.11,0.0,0.0,,0.0,0.0,33.65,2.66,0.0,12.62,2.74,11.59,0.0,0.14,4.4,12.62,0.56,0.57,4.84,0.0,0.0,0.02,0.06,0.08,0.07,0.35,0.91,0.05,0.04,0.06,0.04,0.06,0.05,0.18,0.55,0.05,0.04,0.46,1.03,2.01,2.49,,,19.53,28.68,3.42,0.0,0.0,0.0,0.0,0.0,13.46,,0.0,0.01,,51.33,0.0,0.0,,0.0,0.0,38.69,99.99,0.0
GB4 0,0.0,1.81,0.0,0.0,0.0,0.0,0.03,0.0,0.0,,0.0,71.15,85.25,115.09,82.39,71.22,,,,,,76.53,76.58,,,40.22,39.18,46.62,45.94,40.26,39.65,46.77,46.36,,,14.48,13.26,31.94,,,,67.97,39.94,49.1,52.95,77.54,67.97,,-35.28,0.0,0.18,-8.88,-43.98,0.0,0.0,31.62,0.0,0.0,,0.0,0.0,4.02,0.0,0.0,7.34,7.38,25.63,0.0,0.11,4.77,7.34,0.0,0.0,2.28,0.0,0.0,0.2,0.69,0.06,0.05,0.07,0.23,0.06,0.05,0.08,0.31,0.05,0.04,0.03,0.1,0.06,0.05,0.0,0.02,5.14,4.31,,,1461.83,16.68,0.0,0.0,0.0,0.0,0.0,0.0,0.65,,0.0,0.01,,100.0,0.0,0.0,,0.0,0.0,6.97,0.03,0.0
GB5 0,0.0,8.35,0.0,0.0,0.0,0.0,0.0,0.0,0.0,0.04,0.0,62.67,91.42,121.25,72.17,62.61,,,,,,68.12,68.1,,,39.28,38.53,45.06,44.66,39.29,38.83,44.91,44.82,,,16.6,15.04,36.12,,,,,38.95,48.64,52.64,73.44,68.32,62.0,0.45,0.0,-13.97,-40.19,-53.71,0.0,0.0,45.06,0.0,0.0,0.66,0.0,0.0,0.0,0.0,0.0,2.68,4.11,31.49,0.0,0.04,17.18,2.68,0.0,0.0,1.22,0.0,0.0,0.12,0.34,0.05,0.04,0.0,0.01,0.04,0.03,0.05,0.15,0.07,0.06,0.0,0.0,0.02,0.01,0.0,0.0,1.16,1.06,0.74,0.4,2.3,6.09,0.0,0.0,0.0,0.0,0.0,0.0,9.4,,0.0,0.04,,100.0,0.0,0.0,0.0,0.0,0.0,0.0,0.02,0.0
GB5 1,,4.54,0.0,0.0,0.0,0.0,0.05,0.0,0.0,,,82.22,107.76,137.59,92.81,81.97,,,,,,87.55,87.65,,,43.8,42.52,53.77,52.9,43.8,42.59,53.92,53.28,,,44.73,43.97,39.8,,,,62.12,45.96,,,71.5,62.12,,3.2,0.0,-7.82,5.95,1.32,,,25.21,0.0,0.0,,0.0,0.0,8.0,0.0,0.0,27.25,0.0,2.84,0.0,0.42,0.92,27.25,0.0,0.0,9.91,0.0,0.0,0.11,0.22,0.06,0.05,0.78,1.61,0.05,0.04,0.06,0.11,0.06,0.05,0.3,0.73,0.05,0.04,1.44,2.03,4.96,5.43,,,10.58,61.94,0.01,0.0,0.0,0.0,0.0,0.0,27.6,,,,,100.0,0.0,0.0,,0.0,0.0,12.22,0.01,0.0
GB5 10,0.99,0.73,0.0,0.0,0.0,0.0,0.04,0.0,0.0,,0.16,81.29,89.39,119.22,91.85,81.2,,,,,,86.56,86.72,,,42.74,41.71,52.86,52.08,42.75,41.66,53.01,52.45,,,31.01,31.67,35.95,55.84,52.52,,59.11,48.15,56.7,57.68,69.08,59.5,,-50.56,0.0,20.57,0.24,-29.75,5.46,1.98,25.98,0.0,0.0,,0.0,0.0,65.35,0.0,0.0,21.46,10.84,44.12,0.0,0.33,0.0,21.46,0.0,0.0,6.76,0.0,0.0,0.14,0.28,0.05,0.04,0.58,1.19,0.05,0.04,0.07,0.13,0.06,0.05,0.22,0.54,0.05,0.04,0.01,1.55,7.98,7.0,,,4406.74,48.78,0.01,0.0,0.0,0.0,0.0,0.0,9.23,,100.0,100.0,,100.0,0.0,0.0,,0.0,0.0,100.0,0.04,0.0
GB5 11,,0.47,0.0,0.0,0.0,0.0,0.03,0.0,0.0,,,83.82,91.19,121.02,94.78,83.9,,,,,,89.22,89.26,,,43.84,42.64,54.63,53.68,43.83,42.78,54.82,54.29,,,38.15,37.49,33.78,,,,61.1,48.86,,,71.58,62.61,,-17.89,0.0,0.93,0.85,-16.11,,,14.95,0.0,0.0,,0.0,0.0,42.4,0.0,0.0,14.85,3.41,16.68,0.0,0.23,0.0,14.85,0.0,0.0,5.43,0.0,0.0,0.05,0.13,0.06,0.05,0.43,1.15,0.05,0.04,0.03,0.06,0.06,0.05,0.16,0.51,0.05,0.04,0.49,0.95,1.51,2.21,,,1859.42,33.74,0.0,0.0,0.0,0.0,0.0,0.0,11.48,,,,,100.0,0.0,0.0,,0.0,0.0,100.0,0.04,0.0
GB5 12,0.0,1.59,0.0,0.0,0.0,0.0,0.0,0.0,0.0,,0.58,75.43,93.94,123.77,84.67,74.81,,,,,,80.68,80.86,,,42.2,40.95,11.6,13.83,42.21,41.05,29.4,29.79,,,17.63,16.39,37.18,,49.96,,,38.32,49.94,49.96,72.74,66.86,,5.17,0.0,-22.5,-15.77,-33.1,0.0,4.24,13.48,0.0,0.0,,0.0,0.0,0.0,0.0,0.0,1.47,0.21,9.95,0.0,0.02,6.49,1.47,0.0,0.0,0.56,0.0,0.0,0.08,0.18,0.06,0.05,0.0,0.0,0.0,0.0,0.03,0.09,0.07,0.06,0.0,0.0,0.0,0.0,0.0,0.0,0.02,0.05,2.09,0.0,1.87,3.35,0.01,0.0,0.0,0.0,0.0,0.0,0.32,,0.0,41.69,,100.0,0.0,0.0,,0.0,0.0,0.01,0.06,0.0
GB5 13,0.72,0.57,0.0,0.0,0.0,0.0,0.06,0.0,0.0,,0.26,83.27,108.1,137.93,93.93,83.15,,,,,,88.56,88.7,,,42.77,41.64,54.06,53.01,43.87,43.68,54.25,53.81,,,45.12,43.56,35.7,55.55,51.96,,60.21,45.74,58.21,58.15,69.7,60.21,,0.81,0.0,72.9,13.2,86.91,2.22,2.25,13.61,0.0,0.0,,0.0,0.0,36.37,0.0,0.0,58.79,0.15,5.75,0.0,0.91,1.65,58.79,0.0,0.0,23.27,0.0,0.0,0.0,0.0,0.01,0.01,1.84,3.87,0.05,0.04,0.04,0.0,0.05,0.04,0.7,1.71,0.04,0.04,3.33,4.34,13.6,11.65,,,24.3,133.62,0.01,0.0,0.0,0.0,0.0,0.0,70.77,,100.0,100.0,,100.0,0.0,0.0,,0.0,0.0,72.22,0.01,0.0
GB5 14,0.0,1.15,0.0,0.0,0.0,0.0,0.0,0.0,0.0,,,74.9,94.24,124.07,84.26,74.55,,,,,,80.14,80.33,,,40.97,39.64,49.18,48.14,40.99,39.78,49.22,48.38,,,27.73,26.82,31.12,,,,,43.49,50.57,,67.81,62.6,,5.76,0.0,-20.69,-10.73,-25.66,0.0,,17.22,0.0,0.0,,0.0,0.0,0.0,0.0,0.0,3.77,1.02,8.02,0.0,0.06,4.18,3.77,0.0,0.0,1.57,0.0,0.0,0.12,0.32,0.06,0.05,0.05,0.11,0.06,0.05,0.05,0.15,0.07,0.06,0.02,0.05,0.08,0.06,0.0,0.17,0.75,0.66,,,5.74,8.58,0.02,0.0,0.0,0.0,0.0,0.0,3.04,,0.0,,,100.0,0.0,0.0,,0.0,0.0,0.0,0.02,0.0
GB5 15,,0.36,0.0,0.0,0.0,0.0,0.03,0.0,0.0,,,84.48,92.49,122.32,95.53,84.49,,,,,,89.88,89.92,,,45.26,43.84,55.6,54.63,45.42,44.21,55.78,55.28,,,43.02,42.44,34.41,,,,65.09,50.11,,,73.75,65.09,,-15.79,0.0,82.43,6.17,72.82,,,14.52,0.0,0.0,,0.0,0.0,11.75,0.0,0.0,32.27,4.43,16.47,0.0,0.5,0.0,32.27,0.0,0.0,11.49,0.0,0.0,0.03,0.06,0.07,0.06,0.95,2.06,0.05,0.04,0.03,0.03,0.06,0.05,0.36,0.92,0.05,0.04,1.4,2.12,4.37,5.18,,,1601.68,73.34,0.0,0.0,0.0,0.0,0.0,0.0,24.54,,,,,100.0,0.0,0.0,,0.0,0.0,26.58,0.01,0.0
GB5 16,0.0,0.57,0.0,0.0,0.0,0.0,0.0,0.0,0.0,0.01,0.0,64.85,95.21,125.04,75.1,64.82,,,,,,70.32,70.28,,,39.67,38.94,45.74,45.29,39.7,39.23,45.89,45.85,,,30.51,29.72,33.27,,,,,36.4,46.68,52.22,73.26,69.13,68.78,-25.84,0.0,2.71,-36.59,-59.72,0.0,0.0,51.85,0.0,0.0,0.02,0.0,0.0,0.0,0.0,0.0,16.03,7.32,36.84,0.0,0.25,17.06,16.03,0.0,0.0,5.38,0.0,0.0,0.25,0.77,0.05,0.04,0.28,0.85,0.05,0.04,0.11,0.35,0.05,0.04,0.11,0.36,0.06,0.05,0.08,0.73,5.53,4.84,,,10.7,36.44,0.0,0.0,0.0,0.0,0.0,0.0,26.44,,0.0,0.01,,100.0,0.0,0.0,0.0,0.0,0.0,0.0,0.01,0.0
GB5 17,0.0,2.2,0.0,0.0,0.0,0.0,0.05,0.0,0.0,,0.0,80.26,101.34,131.18,90.58,80.21,,,,,,85.55,85.69,,,42.76,41.76,52.74,51.99,42.74,41.64,52.87,52.55,,,36.59,35.67,32.23,,,,58.62,44.97,53.92,58.47,69.52,58.62,,10.37,0.0,-10.85,-12.09,-12.56,0.0,0.0,14.39,0.0,0.0,,0.0,0.0,6.94,0.0,0.0,5.94,1.2,9.5,0.0,0.09,4.99,5.94,0.0,0.0,2.02,0.0,0.0,0.15,0.33,0.06,0.05,0.1,0.25,0.06,0.05,0.06,0.16,0.06,0.05,0.04,0.11,0.07,0.06,0.1,0.36,0.66,0.83,,,7.57,13.5,0.01,0.0,0.0,0.0,0.0,0.0,4.89,,0.0,0.0,,100.0,0.0,0.0,,0.0,0.0,20.68,0.04,0.0
GB5 2,0.0,2.71,0.0,0.0,0.0,0.0,0.05,0.0,0.0,,0.0,81.11,103.63,133.46,91.6,80.99,,,,,,86.43,86.54,,,42.59,41.44,53.51,52.67,42.56,41.63,53.69,53.31,,,39.91,38.47,33.66,,,,60.08,44.17,56.83,60.47,69.81,60.07,,4.07,0.0,-25.63,-7.15,-28.7,0.0,0.0,22.88,0.0,0.0,,0.0,0.0,3.82,0.0,0.0,10.42,1.28,7.59,0.0,0.16,3.4,10.42,0.0,0.0,3.92,0.0,0.0,0.16,0.43,0.05,0.04,0.23,0.66,0.05,0.04,0.07,0.19,0.06,0.05,0.09,0.28,0.06,0.05,0.34,0.64,1.25,1.55,,,13.7,23.67,0.01,0.0,0.0,0.0,0.0,0.0,9.51,,0.01,0.05,,100.0,0.0,0.0,,0.0,0.0,7.16,0.03,0.0
GB5 3,0.0,1.99,0.0,0.0,0.0,0.0,0.02,0.0,0.0,,0.0,72.91,91.76,121.59,82.18,72.18,,,,,,78.11,78.34,,,39.25,38.02,47.35,46.28,39.33,38.17,47.43,46.48,,,21.56,20.67,29.33,,,,,43.21,50.43,56.5,66.84,60.05,,21.52,0.0,-14.12,-11.86,-4.46,0.0,0.0,18.38,0.0,0.0,,0.0,0.0,0.79,0.0,0.0,4.72,2.2,11.63,0.0,0.07,5.46,4.72,0.0,0.0,1.64,0.0,0.0,0.2,0.61,0.06,0.05,0.03,0.09,0.07,0.06,0.08,0.27,0.06,0.05,0.01,0.04,0.08,0.06,0.0,0.04,0.96,0.83,,,5.7,10.72,0.02,0.0,0.0,0.0,0.0,0.0,5.78,,0.0,0.13,,100.0,0.0,0.0,,0.0,0.0,2.19,0.03,0.0
GB5 4,0.0,1.5,0.0,0.0,0.0,0.0,0.04,0.0,0.0,,0.0,74.78,100.76,130.59,85.32,74.64,,,,,,80.21,80.21,,,42.69,41.52,50.95,49.96,42.65,41.7,51.12,50.51,,,37.94,36.93,31.56,,,,66.74,39.65,49.04,56.75,73.97,66.74,,-13.87,0.0,2.4,-17.56,-29.02,0.0,0.0,27.26,0.0,0.0,,0.0,0.0,3.81,0.0,0.0,11.77,3.42,17.76,0.0,0.18,7.74,11.77,0.0,0.0,4.55,0.0,0.0,0.16,0.34,0.05,0.04,0.26,0.59,0.05,0.04,0.07,0.17,0.05,0.05,0.1,0.27,0.06,0.05,0.21,0.8,1.97,1.99,,,21.93,26.74,0.0,0.0,0.0,0.0,0.0,0.0,15.19,,0.0,0.08,,100.0,0.0,0.0,,0.0,0.0,7.99,0.01,0.0
GB5 5,0.0,2.11,0.0,0.0,0.0,0.0,0.04,0.0,0.0,,1.36,77.91,84.87,114.71,88.08,77.92,,,,,,83.17,83.35,,,42.3,41.32,51.69,50.96,42.26,41.28,51.84,51.47,,,12.95,11.78,30.82,,53.18,,60.53,47.04,53.69,53.18,69.94,60.53,,-15.08,0.0,-34.69,-3.33,-53.1,0.0,9.9,12.4,0.0,0.0,,0.0,0.0,10.36,0.0,0.0,4.74,3.21,14.53,0.0,0.07,1.52,4.74,0.0,0.0,1.68,0.0,0.0,0.13,0.3,0.06,0.05,0.07,0.16,0.06,0.05,0.05,0.15,0.07,0.06,0.03,0.07,0.07,0.06,0.0,0.05,1.3,1.12,,,964.84,10.78,0.01,0.0,0.0,0.0,0.0,0.0,0.56,,0.01,91.17,,100.0,0.0,0.0,,0.0,0.0,38.07,0.04,0.0
GB5 6,0.0,0.41,0.0,0.0,0.0,0.0,0.05,0.0,0.0,,0.0,77.79,87.05,116.88,88.01,77.43,,,,,,83.08,83.22,,,41.85,40.78,51.11,50.28,41.86,40.81,51.2,50.52,,,21.64,21.66,36.17,,,,59.13,44.74,55.09,58.55,69.15,59.13,,-28.61,0.0,2.54,-0.84,-26.91,0.0,0.0,26.39,0.0,0.0,,0.0,0.0,38.65,0.0,0.0,13.05,6.19,26.93,0.0,0.2,0.0,13.05,0.0,0.0,4.92,0.0,0.0,0.26,0.6,0.05,0.04,0.25,0.52,0.05,0.04,0.11,0.27,0.05,0.04,0.09,0.23,0.06,0.05,0.0,0.53,4.55,3.92,,,2100.95,29.66,0.01,0.0,0.0,0.0,0.0,0.0,2.11,,0.0,0.18,,100.0,0.0,0.0,,0.0,0.0,67.84,0.03,0.0
GB5 7,0.24,0.21,0.0,0.0,0.0,0.0,0.04,0.0,0.0,,0.03,80.8,90.17,120.01,91.38,80.47,,,,,,86.15,86.24,,,44.08,42.76,53.12,52.03,44.08,42.74,53.28,52.69,,,34.12,34.06,36.11,50.84,,,64.45,45.56,54.73,60.45,72.85,64.45,,-25.74,0.0,10.39,-1.44,-16.78,3.45,0.09,19.98,0.0,0.0,,0.0,0.0,22.49,0.0,0.0,14.85,4.95,20.38,0.0,0.23,0.0,14.85,0.0,0.0,5.85,0.0,0.0,0.14,0.29,0.05,0.04,0.38,0.72,0.05,0.04,0.06,0.14,0.06,0.05,0.14,0.32,0.05,0.05,0.2,1.17,4.36,3.67,,,1759.38,33.75,0.01,0.0,0.0,0.0,0.0,0.0,5.68,,100.0,100.0,,100.0,0.0,0.0,,0.0,0.0,52.11,0.01,0.0
GB5 8,0.0,5.66,0.0,0.0,0.0,0.0,0.0,0.0,0.0,,0.0,62.83,91.25,121.08,72.21,62.81,,,,,,68.3,68.26,,,39.76,38.99,10.64,12.68,39.8,39.41,28.71,29.1,,,16.49,15.01,35.74,,,,,38.02,44.98,50.11,71.16,65.98,,-0.34,0.0,3.52,-33.14,-29.97,0.0,0.0,25.87,0.0,0.0,,0.0,0.0,0.0,0.0,0.0,3.7,1.74,18.91,0.0,0.06,10.94,3.7,0.0,0.0,1.35,0.0,0.0,0.17,0.57,0.05,0.04,0.0,0.0,0.0,0.0,0.07,0.25,0.06,0.05,0.0,0.0,0.0,0.0,0.0,0.0,0.5,0.46,,0.06,3.41,8.4,0.0,0.0,0.0,0.0,0.0,0.0,3.92,,0.0,0.01,,100.0,0.0,0.0,,0.0,0.0,0.0,0.01,0.0
GB5 9,0.68,2.6,0.0,0.0,0.0,0.0,0.05,0.0,0.0,,0.94,82.69,105.84,135.68,93.23,82.71,,,,,,87.97,88.12,,,42.71,41.52,53.16,52.22,42.99,41.94,53.29,52.63,,,43.83,42.44,34.26,52.26,54.34,,58.09,52.45,53.65,57.06,69.36,58.09,,-4.37,0.0,-50.82,-1.86,-57.05,9.17,4.83,8.77,0.0,0.0,,0.0,0.0,24.2,0.01,0.0,11.07,1.36,6.05,0.0,0.17,2.24,11.07,0.0,0.0,4.33,0.0,0.0,0.01,0.01,0.06,0.05,0.35,0.63,0.05,0.04,0.01,0.0,0.04,0.03,0.13,0.29,0.05,0.05,0.56,0.7,2.11,2.08,,,14.32,25.15,0.01,0.0,0.0,0.0,0.0,0.0,10.69,,100.0,100.0,,100.0,0.0,0.0,,0.0,0.0,95.06,0.26,0.0
GR0 0,0.0,2.49,0.0,0.0,0.0,0.0,0.2,0.03,0.0,0.0,1.9,75.73,98.94,128.77,81.65,77.56,,,,,,81.0,81.17,,,34.31,33.37,44.6,43.98,34.44,33.72,44.81,44.45,,,33.6,31.47,66.55,,68.01,43.08,38.06,66.55,71.62,69.51,48.87,38.06,94.61,1.21,0.0,-47.58,-8.16,-54.53,0.0,5.36,24.55,0.0,0.0,0.01,0.0,0.0,64.32,4.01,0.01,23.56,1.66,19.94,0.0,1.69,4.23,23.56,5.46,5.58,7.35,0.0,0.0,0.21,0.99,0.05,0.04,0.74,3.2,0.05,0.04,0.08,0.15,0.05,0.05,0.11,0.51,0.05,0.04,1.05,1.25,3.77,3.9,,,50.21,53.53,48.17,0.0,0.0,0.0,0.0,0.0,12.75,,0.0,100.0,,33.52,0.0,0.0,0.0,0.0,0.0,99.0,100.0,0.0
GR0 1,0.0,0.0,0.0,0.0,0.0,0.0,0.37,0.02,0.0,0.0,0.0,78.63,94.94,124.77,85.58,80.1,,,,,,84.08,84.06,,,37.65,36.67,49.51,49.04,37.83,36.94,49.83,49.55,,,36.19,33.73,,,,45.71,40.56,80.36,88.19,80.54,52.18,40.56,97.75,-4.84,0.0,28.56,-1.04,22.68,0.0,0.0,0.0,0.0,0.0,0.1,0.0,0.0,52.77,4.23,0.0,24.88,2.82,28.13,0.0,1.78,2.01,24.88,0.0,0.0,6.55,0.0,0.0,0.41,1.31,0.05,0.04,0.61,1.93,0.05,0.04,0.12,0.21,0.05,0.04,0.1,0.31,0.05,0.04,0.93,0.64,2.39,2.1,0.7,2.59,475.35,56.55,0.01,0.0,0.0,0.0,0.0,0.0,6.33,,0.0,0.02,,0.0,0.0,0.0,0.0,0.0,0.0,38.13,100.0,0.0
HR0 0,0.0,0.0,0.0,0.0,0.0,0.0,1.41,0.03,0.0,0.02,0.0,107.5,119.54,149.37,118.18,109.09,,,,,,112.93,112.93,,,48.6,47.42,64.14,63.51,48.73,47.59,64.29,63.98,,,53.47,50.9,,,,55.66,52.04,124.07,132.26,128.43,58.85,52.04,125.16,2.13,0.0,-2.16,7.36,7.33,0.0,0.0,0.0,0.0,0.0,0.28,0.0,0.0,23.76,3.86,0.0,14.19,0.0,2.36,0.0,0.06,0.05,14.19,0.02,0.02,4.21,0.0,0.0,0.55,0.91,0.04,0.04,0.36,0.65,0.04,0.04,0.17,0.22,0.04,0.04,0.07,0.16,0.05,0.04,0.15,0.49,1.17,1.05,0.52,1.32,8.0,32.26,0.09,0.0,0.0,0.0,0.0,0.0,5.35,,0.0,0.0,,0.0,0.0,0.0,0.0,0.0,0.0,29.33,100.0,0.0
HU0 0,,2.63,0.0,0.0,0.0,0.0,0.01,0.0,0.0,0.0,,102.13,114.48,144.31,111.53,103.31,,,,,,107.58,107.56,,,47.99,46.75,63.67,63.09,48.01,46.83,63.76,63.39,,,53.51,51.93,75.07,,,,,75.07,,,58.67,53.4,90.76,5.3,0.0,-8.55,-1.47,-4.71,,,41.07,0.0,0.0,0.0,0.0,0.0,0.12,0.13,0.0,17.18,0.0,5.64,0.0,0.0,3.18,17.18,0.0,0.0,7.87,0.0,0.0,0.67,1.04,0.05,0.04,0.74,1.2,0.05,0.04,0.32,0.57,0.05,0.04,0.29,0.64,0.05,0.04,0.46,1.84,2.65,2.9,,,5.52,39.04,0.03,0.0,0.0,0.0,0.0,0.0,8.98,,,,,60.2,0.0,0.0,0.0,0.0,0.0,0.08,2.14,0.0
HU0 1,,0.0,0.0,0.0,0.0,0.0,0.34,0.02,0.0,0.0,,102.88,116.18,146.01,112.14,104.28,,,,,,108.35,108.32,,,48.0,46.85,63.96,63.45,48.01,46.91,64.09,63.82,,,53.08,50.85,,,,56.69,50.62,95.48,,,56.69,50.62,90.56,5.4,0.0,6.8,0.77,12.97,,,0.0,0.0,0.0,0.02,0.0,0.0,18.89,2.15,0.0,10.57,0.0,1.6,0.0,0.0,0.37,10.57,0.21,0.21,4.44,0.0,0.0,0.51,0.8,0.05,0.04,0.4,0.67,0.04,0.04,0.24,0.45,0.05,0.04,0.16,0.37,0.06,0.05,0.23,0.93,1.73,1.64,,0.03,4.27,24.03,1.82,0.0,0.0,0.0,0.0,0.0,5.84,,,,,0.0,0.0,0.0,0.0,0.0,0.0,13.06,57.33,0.0
IE4 0,0.0,17.02,0.0,0.0,0.0,0.0,0.05,0.0,0.0,0.03,0.22,72.36,91.42,121.25,83.56,71.89,,,,,,77.7,77.79,,,40.05,38.9,47.35,46.37,40.18,39.54,47.52,47.1,,,23.16,21.69,37.58,,,,63.3,37.58,48.05,55.1,72.93,63.3,74.46,-37.67,0.0,-2.6,-69.21,-109.48,0.0,0.32,94.67,0.0,0.0,0.22,0.0,0.0,12.81,0.0,0.0,18.35,10.52,64.22,0.0,0.12,32.32,18.35,0.0,0.0,7.54,0.0,0.0,0.35,1.1,0.05,0.04,0.36,0.98,0.05,0.04,0.17,0.42,0.05,0.04,0.12,0.37,0.06,0.05,0.0,0.87,7.92,6.86,0.34,0.0,14.8,41.7,0.01,0.0,0.0,0.0,0.0,0.0,39.02,,0.0,93.02,,68.68,0.0,0.0,0.0,0.0,0.0,5.85,0.01,0.0
IT0 0,0.0,0.0,0.0,0.0,0.0,0.0,0.38,0.02,0.02,0.02,,113.76,120.13,149.96,127.52,115.37,,,,,,119.27,119.19,,,49.65,48.52,65.15,64.48,49.66,48.51,65.28,64.76,,,52.03,49.11,,,,54.0,49.12,156.31,160.9,,65.34,49.12,98.82,6.56,0.0,18.59,2.03,27.19,0.0,,0.0,0.0,0.0,0.18,0.0,0.0,10.96,3.13,2.39,20.07,0.0,1.62,0.0,0.22,0.07,20.07,0.22,0.23,4.8,0.0,0.0,0.31,0.48,0.04,0.03,0.27,0.41,0.04,0.04,0.13,0.23,0.04,0.04,0.09,0.19,0.05,0.04,0.09,0.07,1.94,1.37,,0.02,4.43,45.62,1.3,0.0,0.0,0.0,0.0,0.0,4.49,,0.0,,,0.0,0.0,0.0,0.0,0.0,0.0,28.84,100.0,0.0
IT0 1,0.0,0.0,0.0,0.0,0.0,0.0,1.02,0.04,0.0,0.0,0.0,89.92,106.06,135.89,96.77,91.76,,,,,,95.43,95.35,,,40.07,39.03,52.54,51.67,40.07,39.28,52.7,52.18,,,41.42,38.33,,,,47.77,42.68,98.57,106.18,102.95,53.6,42.68,80.78,-0.13,0.0,-5.78,-1.94,-7.85,0.0,0.0,0.0,0.0,0.0,0.01,0.0,0.0,25.51,1.39,0.0,8.92,0.29,4.25,0.0,0.1,1.41,8.92,4.26,4.35,2.65,0.0,0.0,0.34,1.07,0.05,0.04,0.06,0.18,0.06,0.05,0.12,0.45,0.06,0.05,0.02,0.07,0.07,0.06,0.07,0.1,0.24,0.18,,0.04,8.61,20.26,25.05,0.0,0.0,0.0,0.0,0.0,0.67,,0.0,0.45,,0.0,0.0,0.0,0.0,0.0,0.0,54.47,100.0,0.0
IT0 10,0.0,2.62,0.0,0.0,0.0,0.0,0.73,0.04,0.0,,,80.68,98.6,128.43,86.88,82.63,,,,,,86.16,86.12,,,36.75,35.75,47.25,46.39,36.76,36.0,47.42,46.88,,,36.1,33.15,69.59,,,45.48,40.5,69.59,74.6,,51.28,40.5,,-5.42,0.0,-0.38,-7.65,-13.44,0.0,,21.67,0.0,0.0,,0.0,0.0,42.22,3.29,0.0,21.11,2.0,16.06,0.0,0.23,4.18,21.11,3.25,3.31,7.25,0.0,0.0,0.31,1.32,0.05,0.04,0.41,1.5,0.05,0.04,0.13,0.54,0.05,0.04,0.14,0.61,0.05,0.04,0.54,0.59,1.89,2.27,,0.04,35.33,47.97,22.03,0.0,0.0,0.0,0.0,0.0,9.25,,0.0,,,57.83,0.0,0.0,,0.0,0.0,59.21,100.0,0.0
IT0 11,,0.0,0.0,0.0,0.0,0.0,4.18,0.03,0.14,0.04,,114.57,120.41,150.24,128.36,116.18,,,,,,120.12,120.0,,,51.79,50.6,68.43,67.7,52.04,50.9,68.56,68.22,,,53.71,50.96,,,,53.38,52.65,136.73,,,68.81,55.61,97.89,4.27,0.0,16.14,14.54,34.95,,,0.0,0.0,0.0,0.72,0.0,0.0,38.2,7.26,10.52,46.51,0.0,4.19,0.0,0.5,0.26,46.51,4.74,4.84,9.14,0.0,0.0,0.16,0.22,0.05,0.04,0.75,1.13,0.04,0.04,0.12,0.11,0.05,0.04,0.26,0.52,0.04,0.04,0.28,0.36,7.3,6.04,1.0,0.23,11.85,105.71,27.87,0.0,0.0,0.0,0.0,0.0,17.41,,,,,0.0,0.0,0.0,0.0,0.0,0.0,100.0,100.0,0.0
IT0 12,0.0,0.0,0.0,0.0,0.0,0.0,2.49,0.04,0.79,0.04,,115.16,119.5,149.33,129.34,116.75,,,,,,120.66,120.6,,,53.42,52.17,72.56,72.18,53.45,52.14,72.72,72.61,,,52.33,49.06,,,,52.1,47.87,170.25,170.0,,75.06,58.73,98.37,9.07,0.0,-20.28,3.65,-7.56,0.0,,0.0,0.0,0.0,0.84,0.0,0.0,51.7,4.06,10.35,26.04,0.0,2.98,0.0,0.28,0.47,26.04,9.9,10.1,5.68,0.0,0.0,0.35,0.45,0.04,0.03,0.26,0.4,0.04,0.03,0.16,0.23,0.04,0.04,0.09,0.18,0.04,0.04,0.01,0.19,3.36,1.82,1.43,0.84,7.69,59.18,58.19,0.0,0.0,0.0,0.0,0.0,15.93,,0.02,,,0.0,0.0,0.0,0.0,0.0,0.0,100.0,100.0,0.0
IT0 13,0.0,0.44,0.0,0.0,0.0,0.0,0.61,0.03,0.0,0.0,0.09,81.15,99.29,129.12,87.96,83.11,,,,,,86.63,86.58,,,35.92,34.89,45.88,44.97,36.0,35.26,46.05,45.47,,,35.32,33.29,82.0,,,44.37,39.79,81.99,87.47,91.75,50.76,39.79,73.37,-2.19,0.0,0.03,-2.84,-5.0,0.0,0.56,5.47,0.0,0.0,0.01,0.0,0.0,18.89,2.04,0.0,13.05,0.7,6.21,0.0,0.14,1.62,13.05,1.98,2.02,3.29,0.0,0.0,0.28,1.0,0.05,0.04,0.21,0.67,0.05,0.04,0.11,0.42,0.05,0.04,0.07,0.26,0.06,0.05,0.31,0.25,0.91,1.01,0.08,,14.04,29.65,13.66,0.0,0.0,0.0,0.0,0.0,3.1,,0.0,100.0,,22.88,0.0,0.0,0.0,0.0,0.0,40.4,100.0,0.0
IT0 14,0.0,0.0,0.0,0.0,0.0,0.0,1.57,0.04,0.17,0.03,,98.44,109.9,139.73,108.85,100.21,,,,,,103.94,103.87,,,45.68,44.58,59.79,59.09,45.66,44.6,59.98,59.61,,,49.46,47.32,,,,50.72,47.33,131.57,133.13,,61.18,47.33,84.52,1.11,0.0,2.59,1.24,4.95,0.0,,0.0,0.0,0.0,0.27,0.0,0.0,21.15,2.07,1.64,13.26,0.19,2.94,0.0,0.14,0.71,13.26,2.36,2.41,3.41,0.0,0.0,0.31,0.68,0.04,0.04,0.13,0.28,0.05,0.04,0.13,0.31,0.04,0.04,0.04,0.12,0.06,0.05,0.05,0.16,0.54,0.52,0.69,0.01,6.74,30.14,13.88,0.0,0.0,0.0,0.0,0.0,2.36,,0.0,,,0.0,0.0,0.0,0.0,0.0,0.0,54.89,100.0,0.0
IT0 15,,0.0,0.0,0.0,0.0,0.0,0.9,0.03,0.06,0.03,,112.0,117.62,147.45,125.3,113.64,,,,,,117.56,117.43,,,48.77,47.51,63.97,63.22,49.04,47.93,64.09,63.71,,,51.18,48.57,,,,52.87,48.09,156.39,,,64.16,48.09,96.72,3.62,0.0,23.18,14.15,40.95,,,0.0,0.0,0.0,0.24,0.0,0.0,27.04,4.85,5.28,31.11,0.0,3.76,0.0,0.33,0.57,31.11,0.86,0.88,7.75,0.0,0.0,0.08,0.12,0.05,0.05,0.62,0.81,0.05,0.04,0.07,0.07,0.05,0.04,0.21,0.38,0.05,0.04,0.19,0.03,5.94,4.97,0.14,0.1,9.89,70.71,5.06,0.0,0.0,0.0,0.0,0.0,9.83,,,,,0.0,0.0,0.0,0.0,0.0,0.0,38.93,100.0,0.0
IT0 16,0.0,0.0,0.0,0.0,0.0,0.0,3.45,0.04,0.01,0.04,0.0,109.93,114.93,144.76,122.57,111.67,,,,,,115.43,115.36,,,51.8,50.55,67.98,67.46,51.76,50.46,68.12,67.86,,,55.32,52.91,,,,53.71,51.55,153.8,151.73,150.62,67.01,52.21,93.9,2.24,0.0,0.87,0.82,3.92,0.0,0.0,0.0,0.0,0.0,0.56,0.0,0.0,37.02,2.69,1.48,17.23,0.0,4.77,0.0,0.19,1.73,17.23,7.0,7.14,4.83,0.0,0.0,0.28,0.43,0.05,0.04,0.18,0.3,0.05,0.04,0.12,0.2,0.05,0.04,0.06,0.13,0.05,0.04,0.11,0.39,1.32,1.06,0.21,0.34,8.79,39.16,41.14,0.0,0.0,0.0,0.0,0.0,4.54,,0.0,0.01,,0.0,0.0,0.0,0.0,0.0,0.0,100.0,100.0,0.0
IT0 2,0.0,0.05,0.0,0.0,0.0,0.0,4.67,0.04,0.03,0.01,0.0,112.39,115.94,145.77,126.02,113.99,,,,,,117.89,117.82,,,48.01,46.79,62.68,61.92,47.91,46.68,62.78,62.35,,,49.54,47.15,137.28,,,53.17,53.07,137.28,150.81,147.1,65.25,54.56,100.28,4.7,0.0,-5.47,-2.93,-3.7,0.0,0.0,2.2,0.0,0.0,0.02,0.0,0.0,34.26,1.84,1.7,11.8,0.0,3.46,0.0,0.13,1.29,11.8,6.74,6.88,3.43,0.0,0.0,0.17,0.31,0.05,0.04,0.18,0.31,0.05,0.04,0.07,0.14,0.05,0.04,0.06,0.14,0.06,0.05,0.06,0.04,1.66,1.39,,0.01,6.06,26.83,39.64,0.0,0.0,0.0,0.0,0.0,3.1,,0.0,0.0,,11.46,0.0,0.0,0.0,0.0,0.0,100.0,100.0,0.0
IT0 3,0.0,0.0,0.0,0.0,0.0,0.0,1.05,0.04,0.0,0.03,,86.19,104.31,134.14,93.03,88.08,,,,,,91.69,91.62,,,39.0,38.02,49.61,48.8,38.99,38.2,49.7,49.23,,,38.19,34.95,,,,46.23,41.79,109.21,113.54,,51.43,41.79,74.99,3.18,0.0,-2.86,-2.74,-2.42,0.0,,0.0,0.0,0.0,0.17,0.0,0.0,22.55,1.81,0.0,11.59,0.42,5.51,0.0,0.12,1.18,11.59,2.65,2.7,3.15,0.0,0.0,0.46,1.59,0.05,0.04,0.06,0.16,0.06,0.05,0.18,0.64,0.05,0.04,0.02,0.06,0.07,0.06,0.08,0.09,0.22,0.19,,0.65,16.61,26.33,16.41,0.0,0.0,0.0,0.0,0.0,0.34,,0.0,,,0.0,0.0,0.0,0.0,0.0,0.0,65.74,100.0,0.0
IT0 4,0.0,0.0,0.0,0.0,0.0,0.0,2.64,0.04,0.86,0.04,0.0,93.4,108.38,138.21,102.35,95.26,,,,,,98.9,98.83,,,42.77,41.67,55.21,54.34,42.81,41.77,55.43,54.91,,,46.59,45.47,,,,48.27,45.55,112.8,116.33,117.22,59.64,46.46,79.14,-0.67,0.0,5.49,5.28,10.1,0.0,0.0,0.0,0.0,0.0,0.63,0.0,0.0,33.55,4.38,5.94,28.07,0.72,7.15,0.0,0.3,1.15,28.07,3.65,3.72,5.68,0.0,0.0,0.2,0.45,0.04,0.04,0.57,1.22,0.04,0.03,0.11,0.2,0.05,0.04,0.19,0.52,0.04,0.04,0.48,0.52,2.22,2.14,,0.04,20.08,63.8,21.45,0.0,0.0,0.0,0.0,0.0,7.46,,0.0,0.12,,0.0,0.0,0.0,0.0,0.0,0.0,100.0,100.0,0.0
IT0 5,,0.0,0.0,0.0,0.0,0.0,0.74,0.03,0.3,0.04,,112.37,119.39,149.22,125.41,114.0,,,,,,117.89,117.8,,,56.7,55.55,75.36,75.16,56.72,55.65,75.53,75.57,,,56.02,52.24,,,,55.18,49.69,141.82,,,72.11,55.27,95.37,3.5,0.0,-13.42,2.12,-7.8,,,0.0,0.0,0.0,2.53,0.0,0.0,29.03,2.91,7.06,18.65,0.0,2.1,0.0,0.2,0.19,18.65,3.62,3.69,4.55,0.0,0.0,0.25,0.38,0.04,0.03,0.17,0.33,0.04,0.03,0.11,0.18,0.05,0.04,0.06,0.15,0.05,0.04,0.0,0.48,2.43,1.39,2.03,1.34,6.2,42.39,21.26,0.0,0.0,0.0,0.0,0.0,10.08,,,,,0.0,0.0,0.0,0.0,0.0,0.0,100.0,100.0,0.0
IT0 6,0.0,0.69,0.0,0.0,0.0,0.0,0.24,0.04,0.0,,,93.54,107.95,137.79,102.76,95.39,,,,,,99.03,98.98,,,42.33,41.24,54.76,53.96,42.31,41.17,54.86,54.32,,,45.75,44.74,104.79,,,49.95,43.76,104.79,115.32,,59.55,43.76,,3.84,0.0,-13.72,-1.72,-11.6,0.0,,17.15,0.0,0.0,,0.0,0.0,10.22,1.09,0.03,6.98,0.11,2.32,0.0,0.08,0.71,6.98,2.89,2.95,1.85,0.0,0.0,0.31,0.66,0.05,0.04,0.02,0.04,0.08,0.06,0.11,0.29,0.05,0.04,0.01,0.02,0.06,0.05,0.02,0.04,0.08,0.06,,0.08,5.17,15.87,16.98,0.0,0.0,0.0,0.0,0.0,0.1,,0.01,,,87.38,0.0,0.0,,0.0,0.0,37.19,100.0,0.0
IT0 7,0.0,0.14,0.0,0.0,0.0,0.0,1.23,0.04,0.11,,0.0,82.23,100.13,129.97,89.26,84.13,,,,,,87.72,87.66,,,36.36,35.46,46.48,45.62,36.45,35.58,46.65,46.02,,,35.66,33.52,94.06,,,43.07,38.54,94.06,97.72,95.03,53.78,40.91,,0.35,0.0,-7.82,-2.12,-9.59,0.0,0.0,2.38,0.0,0.0,,0.0,0.0,41.37,2.28,0.29,14.63,1.3,9.91,0.0,0.16,2.11,14.63,6.21,6.34,4.19,0.0,0.0,0.14,0.51,0.05,0.04,0.33,1.02,0.05,0.04,0.07,0.21,0.05,0.04,0.11,0.41,0.05,0.05,0.49,0.19,1.26,1.13,0.5,0.06,25.45,33.26,40.19,0.0,0.0,0.0,0.0,0.0,3.41,,0.0,0.13,,10.4,0.0,0.0,,0.0,0.0,100.0,100.0,0.0
IT0 8,0.0,0.0,0.0,0.0,0.0,0.0,4.86,0.04,0.28,0.02,0.01,101.87,111.21,141.04,112.82,103.58,,,,,,107.37,107.3,,,45.52,44.39,58.84,57.94,45.52,44.37,58.98,58.35,,,49.11,47.32,,,,50.4,48.31,135.52,141.54,136.13,62.05,49.67,88.95,4.34,0.0,-0.42,1.65,5.58,0.0,0.21,0.0,0.0,0.0,0.12,0.0,0.0,51.82,3.63,3.68,23.29,0.33,8.18,0.0,0.25,2.29,23.29,7.42,7.57,6.53,0.0,0.0,0.32,0.59,0.04,0.04,0.38,0.65,0.04,0.04,0.14,0.27,0.04,0.04,0.13,0.29,0.05,0.04,0.15,0.26,1.27,1.26,0.28,0.19,20.73,52.93,43.61,0.0,0.0,0.0,0.0,0.0,4.88,,0.0,100.0,,0.0,0.0,0.0,0.0,0.0,0.0,100.0,100.0,0.0
IT0 9,0.0,0.0,0.0,0.0,0.0,0.0,0.44,0.04,0.29,0.03,0.0,93.23,108.58,138.41,101.79,95.08,,,,,,98.74,98.66,,,42.27,41.29,54.51,53.53,42.33,41.43,54.72,54.18,,,47.55,45.42,,,,47.95,42.67,115.03,125.76,116.27,57.4,42.67,80.37,3.13,0.0,4.84,5.67,13.64,0.0,0.0,0.0,0.0,0.0,0.23,0.0,0.0,33.92,4.84,5.81,31.0,0.35,5.24,0.0,0.33,0.82,31.0,3.26,3.33,6.62,0.0,0.0,0.2,0.54,0.05,0.04,0.63,1.59,0.05,0.04,0.11,0.23,0.04,0.04,0.21,0.66,0.05,0.04,0.59,0.36,2.96,2.42,1.12,0.02,14.19,70.45,19.15,0.0,0.0,0.0,0.0,0.0,10.23,,0.0,5.14,,0.0,0.0,0.0,0.0,0.0,0.0,85.3,100.0,0.0
IT1 0,0.0,0.42,0.0,0.0,0.0,0.0,0.09,0.02,0.0,0.01,,80.66,97.42,127.25,86.85,82.64,,,,,,86.09,86.09,,,37.34,36.23,9.38,11.18,37.39,36.55,26.55,26.91,,,25.41,22.33,68.35,,,46.49,40.76,68.35,79.9,,51.29,40.76,72.33,-0.09,0.0,-3.77,-3.73,-7.59,0.0,,6.69,0.0,0.0,0.02,0.0,0.0,22.38,1.5,0.0,9.6,0.53,5.54,0.0,0.1,1.79,9.6,3.31,3.38,3.69,0.0,0.0,0.46,1.36,0.05,0.04,0.0,0.0,0.0,0.0,0.17,0.58,0.05,0.04,0.0,0.0,0.0,0.0,0.0,0.01,0.29,0.25,0.31,0.16,10.71,21.82,19.44,0.0,0.0,0.0,0.0,0.0,1.04,,0.0,,,14.49,0.0,0.0,0.0,0.0,0.0,53.62,100.0,0.0
LT6 0,0.0,0.74,0.0,0.0,0.0,0.0,0.05,0.01,0.0,,0.16,93.59,115.7,145.54,105.11,93.42,,,,,,99.05,99.03,,,50.05,48.84,65.99,65.82,50.11,49.41,66.26,66.64,,,55.48,53.17,57.12,,60.19,,60.87,57.12,70.47,63.84,69.34,60.87,,0.94,0.0,7.62,3.94,12.5,0.0,1.55,5.93,0.0,0.0,,0.0,0.0,9.14,0.71,0.0,11.27,0.0,2.46,0.0,0.16,0.49,11.27,0.0,0.0,3.74,0.0,0.0,0.25,0.56,0.05,0.04,0.2,0.55,0.05,0.04,0.11,0.21,0.05,0.04,0.06,0.19,0.06,0.05,0.38,0.64,1.41,1.71,0.9,0.1,4.61,25.61,0.0,0.0,0.0,0.0,0.0,0.0,7.88,,0.01,100.0,,4.64,0.0,0.0,,0.0,0.0,5.17,25.24,0.0
LU0 0,,0.49,0.0,0.0,0.0,0.0,0.35,0.01,0.0,0.01,,119.99,122.0,0.0,135.44,121.69,,,,,,125.39,125.42,,,55.52,54.43,73.05,72.7,55.65,54.63,73.21,73.22,,,54.57,53.01,60.62,,,,64.64,91.43,,,73.9,64.63,124.62,4.75,0.0,0.94,2.76,8.45,,,3.2,0.0,0.0,0.03,0.0,0.0,6.42,0.59,0.0,3.23,0.0,0.44,0.0,0.0,0.19,3.23,0.78,0.79,1.74,0.0,0.0,0.01,0.02,0.07,0.06,0.08,0.1,0.05,0.04,0.02,0.02,0.06,0.05,0.05,0.09,0.06,0.05,0.08,0.29,0.7,0.54,1.29,,1.0,7.34,6.07,0.0,0.0,0.0,0.0,0.0,3.9,,,,,100.0,0.0,0.0,0.0,0.0,0.0,85.84,100.0,0.0
LV6 0,0.0,1.1,0.0,0.0,0.0,0.0,0.04,0.01,0.0,0.02,0.0,90.12,110.06,139.89,100.77,89.78,,,,,,95.54,95.56,,,49.34,48.23,65.24,65.09,49.39,48.71,65.53,65.79,,,53.77,51.64,51.55,,,68.3,59.99,51.55,65.43,67.16,68.3,59.99,101.71,0.19,0.0,-7.42,-1.03,-8.26,0.0,0.0,11.82,0.0,0.0,0.64,0.0,0.0,11.85,1.1,0.0,5.73,0.5,4.49,0.0,0.23,2.09,5.73,0.0,0.0,3.14,0.0,0.0,0.24,0.72,0.05,0.04,0.17,0.62,0.05,0.04,0.12,0.25,0.05,0.04,0.05,0.21,0.06,0.05,0.28,0.7,1.65,1.36,,0.87,8.9,13.01,0.0,0.0,0.0,0.0,0.0,0.0,11.51,,0.0,0.01,,7.95,0.0,0.0,0.0,0.0,0.0,9.87,60.57,0.0
ME0 0,0.0,0.0,0.0,0.0,0.0,0.0,1.4,0.03,0.02,,,101.4,111.22,141.06,109.24,103.25,,,,,,106.85,106.83,,,48.08,46.82,63.65,63.1,47.84,46.76,62.98,62.81,,,52.69,50.15,,,,,53.01,126.66,138.43,,60.21,53.01,,0.06,0.0,-4.85,-0.1,-4.89,0.0,,0.0,0.0,0.0,,0.0,0.0,10.91,0.7,0.19,2.74,0.03,0.56,0.0,0.0,0.22,2.74,2.46,2.51,0.61,0.0,0.0,0.06,0.11,0.06,0.05,0.02,0.04,0.07,0.05,0.0,0.0,0.03,0.02,0.0,0.0,0.01,0.01,0.01,0.02,0.1,0.06,,,0.98,6.22,16.73,0.0,0.0,0.0,0.0,0.0,0.36,,0.0,,,0.0,0.0,0.0,,0.0,0.0,74.25,100.0,0.0
MK0 0,,0.0,0.0,0.0,0.0,0.0,1.29,0.03,0.05,0.0,,94.93,110.09,0.0,100.55,96.81,,,,,,100.4,100.37,,,44.8,43.62,60.16,59.7,44.81,43.72,60.26,60.09,,,49.66,48.75,,,,49.16,46.56,91.13,,,54.91,46.56,89.74,0.06,0.0,-6.24,0.32,-5.86,,,0.0,0.0,0.0,0.04,0.0,0.0,14.47,2.02,0.47,8.68,0.01,1.02,0.0,0.0,0.38,8.68,2.6,2.66,1.35,0.0,0.0,0.11,0.17,0.05,0.04,0.04,0.07,0.06,0.05,0.03,0.08,0.07,0.06,0.01,0.03,0.08,0.06,0.05,0.06,0.29,0.22,,0.53,1.73,19.74,18.55,0.0,0.0,0.0,0.0,0.0,0.86,,,,,0.0,0.0,0.0,0.0,0.0,0.0,28.6,100.0,0.0
NL0 0,0.2,1.3,0.0,0.0,0.0,0.0,0.05,0.01,0.0,,1.86,104.29,125.34,155.17,115.78,105.35,,,,,,109.57,109.73,,,49.38,48.16,63.56,62.81,50.14,49.79,63.67,63.13,,,52.02,49.54,40.44,53.83,53.79,67.12,59.37,61.85,62.85,67.45,79.82,72.04,,16.63,0.0,-7.57,38.79,47.84,5.81,19.33,8.06,0.0,0.0,,0.0,0.0,30.76,4.61,0.0,21.79,0.0,14.96,0.0,4.78,3.05,21.79,1.04,1.06,12.84,0.0,0.0,0.04,0.09,0.06,0.05,0.59,1.62,0.04,0.04,0.37,0.07,0.05,0.04,0.3,0.92,0.04,0.04,1.2,2.18,5.4,4.6,,,40.83,49.51,9.17,0.0,0.0,0.0,0.0,0.0,37.71,,100.0,100.0,,100.0,0.0,0.0,,0.0,0.0,100.0,100.0,0.0
NL0 1,,0.17,0.0,0.0,0.0,0.0,0.03,0.0,0.0,,,102.74,103.13,132.96,114.25,103.69,,,,,,107.98,108.17,,,50.18,49.03,63.79,63.27,50.45,49.45,63.86,63.57,,,51.8,50.47,45.1,,,70.1,62.09,63.89,,,73.33,63.02,,7.51,0.0,5.79,4.62,17.93,,,9.81,0.0,0.0,,0.0,0.0,21.5,1.78,0.0,8.39,0.0,9.41,0.0,1.84,0.0,8.39,1.18,1.2,3.59,0.0,0.0,0.1,0.14,0.05,0.04,0.19,0.32,0.05,0.04,0.19,0.11,0.05,0.04,0.1,0.22,0.05,0.04,0.4,0.58,1.51,1.27,,,924.25,19.07,8.43,0.0,0.0,0.0,0.0,0.0,6.82,,,,,100.0,0.0,0.0,,0.0,0.0,100.0,100.0,0.0
NL0 2,,0.19,0.0,0.0,0.0,0.0,0.11,0.0,0.0,,,122.92,140.81,170.64,136.94,124.66,,,,,,128.28,128.35,,,55.26,54.14,71.21,70.79,55.94,55.36,71.27,71.17,,,58.09,56.26,48.79,,,69.06,61.42,87.62,,,87.43,74.71,,56.67,0.0,24.48,48.91,130.06,,,7.61,0.0,0.0,,0.0,0.0,27.58,3.46,0.0,16.36,0.0,6.22,0.0,3.59,0.0,16.36,1.53,1.56,6.62,0.0,0.0,0.06,0.07,0.05,0.04,0.43,0.7,0.03,0.03,0.29,0.09,0.03,0.03,0.22,0.49,0.04,0.03,0.65,0.72,2.6,2.08,,,2.4,37.18,9.0,0.0,0.0,0.0,0.0,0.0,10.55,,,,,100.0,0.0,0.0,,0.0,0.0,100.0,100.0,0.0
NL0 3,0.04,0.54,0.0,0.0,0.0,0.0,0.02,0.0,0.0,,0.02,97.23,98.75,128.58,108.24,97.76,,,,,,102.41,102.66,,,48.11,46.98,61.71,61.16,48.26,47.27,61.77,61.35,,,50.95,49.4,35.53,,,,61.83,61.56,68.28,68.91,70.97,61.83,,6.8,0.0,-2.87,-0.55,3.38,0.4,0.15,8.4,0.0,0.0,,0.0,0.0,10.51,0.92,0.0,4.37,0.0,4.6,0.0,0.96,0.0,4.37,0.01,0.01,2.75,0.0,0.0,0.04,0.07,0.05,0.05,0.1,0.21,0.04,0.04,0.09,0.05,0.04,0.04,0.05,0.13,0.05,0.04,0.23,0.33,0.8,0.75,,,360.5,9.92,0.05,0.0,0.0,0.0,0.0,0.0,3.81,,100.0,100.0,,100.0,0.0,0.0,,0.0,0.0,49.32,100.0,0.0
NL0 4,0.33,0.15,0.0,0.0,0.0,0.0,0.05,0.01,0.0,,1.51,89.9,114.32,144.15,100.91,89.67,,,,,,95.16,95.33,,,45.55,44.34,57.34,56.62,46.33,46.21,57.45,56.82,,,47.44,45.81,30.15,50.9,55.09,66.46,58.87,49.22,51.56,55.09,73.74,67.63,,11.25,0.0,-3.42,9.4,17.23,4.32,16.36,3.19,0.0,0.0,,0.0,0.0,15.1,3.19,0.0,15.07,0.0,13.34,0.0,3.3,4.26,15.07,0.0,0.0,8.19,0.0,0.0,0.0,0.01,0.05,0.05,0.41,0.94,0.05,0.04,0.24,0.03,0.05,0.04,0.21,0.54,0.05,0.04,0.85,1.78,3.56,3.59,,,52.78,34.24,0.01,0.0,0.0,0.0,0.0,0.0,26.23,,100.0,39.66,,100.0,0.0,0.0,,0.0,0.0,100.0,100.0,0.0
NL0 5,0.14,0.85,0.0,0.0,0.0,0.0,0.04,0.0,0.0,,0.18,82.31,86.36,116.19,92.75,82.11,,,,,,87.56,87.74,,,43.99,42.78,54.45,53.75,44.06,42.98,54.52,53.86,,,18.89,18.41,31.73,49.6,51.95,,59.66,48.34,51.01,51.95,70.49,59.66,,-20.64,0.0,-22.6,-4.22,-47.45,1.37,15.96,9.16,0.0,0.0,,0.0,0.0,10.51,0.0,0.0,6.36,4.31,18.93,0.0,1.4,1.45,6.36,0.0,0.0,2.59,0.0,0.0,0.11,0.17,0.05,0.05,0.12,0.26,0.05,0.04,0.16,0.12,0.05,0.04,0.06,0.14,0.07,0.05,0.0,0.23,2.71,2.34,,,1474.33,14.46,0.01,0.0,0.0,0.0,0.0,0.0,1.15,,100.0,58.07,,100.0,0.0,0.0,,0.0,0.0,47.28,0.1,0.0
NO3 0,0.0,0.0,0.0,0.0,0.0,0.0,0.0,0.0,0.0,,0.0,65.94,104.59,134.42,78.39,66.0,,,,,,71.45,71.38,,,44.21,43.71,54.93,55.15,44.23,44.07,55.0,55.33,,,50.03,49.21,,,64.29,,,63.71,65.42,64.29,66.17,63.23,,3.18,0.0,10.12,0.85,14.15,0.0,1.12,0.0,0.0,0.0,,0.0,0.0,0.0,0.0,0.0,1.82,0.0,0.39,0.0,0.11,0.0,1.82,0.0,0.0,2.23,0.0,0.0,0.03,0.12,0.04,0.04,0.04,0.18,0.04,0.03,0.02,0.08,0.05,0.04,0.02,0.11,0.04,0.03,0.11,0.22,0.2,0.15,0.06,1.58,0.24,4.13,0.0,0.0,0.0,0.0,0.0,0.0,0.51,,0.0,49.75,,0.0,0.0,0.0,,0.0,0.0,0.0,0.02,0.0
NO3 1,0.0,0.0,0.0,0.0,0.0,0.0,,,0.0,,0.0,66.9,105.99,135.82,78.69,66.95,,,,,,72.4,72.33,,,44.25,43.38,57.14,57.14,44.29,43.61,57.14,57.24,,,49.66,49.1,,,,,,64.51,64.66,65.65,,,,0.51,0.0,0.84,2.11,3.47,0.0,0.0,0.0,0.0,0.0,,0.0,0.0,,,0.0,1.22,0.0,0.14,0.0,0.07,0.0,1.22,0.0,0.0,1.33,0.0,0.0,0.07,0.16,0.04,0.03,0.01,0.02,0.03,0.03,0.04,0.11,0.04,0.03,0.0,0.01,0.03,0.02,0.01,0.04,0.04,0.03,,2.32,0.14,2.77,0.0,0.0,0.0,0.0,0.0,0.0,0.08,,0.0,0.12,,0.0,0.0,0.0,,0.0,0.0,,,0.0
NO3 2,0.0,0.0,0.0,0.0,0.0,0.0,0.0,0.0,0.0,,0.0,61.24,97.67,127.5,73.54,61.3,,,,,,66.75,66.68,,,43.06,42.82,54.58,54.93,43.08,43.11,54.67,55.13,,,50.43,50.32,,,,,,57.86,60.54,60.85,63.9,62.51,,3.78,0.0,-7.24,1.16,-2.29,0.0,0.0,0.0,0.0,0.0,,0.0,0.0,0.0,0.0,0.0,3.28,0.01,0.46,0.0,0.2,0.0,3.28,0.0,0.0,3.26,0.0,0.0,0.04,0.13,0.05,0.04,0.06,0.32,0.04,0.03,0.02,0.09,0.05,0.04,0.03,0.21,0.04,0.03,0.17,0.48,0.17,0.14,0.35,9.23,0.35,7.44,0.0,0.0,0.0,0.0,0.0,0.0,0.46,,0.0,0.06,,0.0,0.0,0.0,,0.0,0.0,0.0,0.01,0.0
NO3 3,0.0,0.0,0.0,0.0,0.0,0.0,0.0,0.0,0.0,,0.0,60.95,97.24,127.07,72.65,61.01,,,,,,66.44,66.38,,,42.54,41.93,13.83,16.47,42.61,42.36,31.56,32.06,,,45.48,45.08,,,,,,59.63,60.45,61.12,61.84,61.77,,2.07,0.0,-2.23,1.33,1.16,0.0,0.0,0.0,0.0,0.0,,0.0,0.0,0.0,0.0,0.0,0.68,0.0,0.21,0.0,0.04,0.0,0.68,0.0,0.0,1.0,0.0,0.0,0.04,0.19,0.04,0.04,0.0,0.0,0.0,0.0,0.02,0.12,0.04,0.04,0.0,0.0,0.0,0.0,0.0,0.0,0.01,0.0,,3.03,0.08,1.56,0.0,0.0,0.0,0.0,0.0,0.0,0.01,,0.0,0.0,,0.0,0.0,0.0,,0.0,0.0,0.0,0.02,0.0
NO3 4,0.0,0.48,0.0,0.0,0.0,0.0,0.0,0.0,0.0,,0.0,59.55,95.19,125.02,71.58,59.61,,,,,,65.07,64.99,,,41.27,41.2,49.35,49.64,41.29,41.39,49.41,49.81,,,45.6,45.61,54.3,,,,,54.3,58.23,58.53,64.38,62.46,,4.31,0.0,-18.1,2.88,-10.91,0.0,0.0,9.55,0.0,0.0,,0.0,0.0,0.0,0.0,0.0,2.14,0.01,0.4,0.0,0.13,0.0,2.14,0.0,0.0,2.04,0.0,0.0,0.01,0.05,0.06,0.05,0.05,0.24,0.05,0.04,0.01,0.03,0.05,0.05,0.03,0.15,0.05,0.05,0.14,0.33,0.35,0.21,0.09,4.46,0.21,4.86,0.0,0.0,0.0,0.0,0.0,0.0,0.97,,0.0,0.7,,17.06,0.0,0.0,,0.0,0.0,0.0,0.01,0.0
NO3 5,0.0,0.01,0.0,0.0,0.0,0.0,0.0,0.0,0.0,,0.01,59.73,95.45,125.29,71.7,59.79,,,,,,65.25,65.17,,,40.89,40.81,50.29,50.59,40.72,40.86,50.35,50.73,,,46.43,46.47,52.45,,50.43,,,52.45,58.15,57.96,64.7,62.29,,1.21,0.0,-33.18,0.33,-31.64,0.0,1.87,11.19,0.0,0.0,,0.0,0.0,0.0,0.0,0.0,3.07,0.01,0.44,0.0,0.18,0.0,3.07,0.0,0.0,3.17,0.0,0.0,0.0,0.01,0.02,0.02,0.07,0.41,0.04,0.04,0.0,0.0,0.01,0.01,0.04,0.27,0.05,0.04,0.21,0.56,0.32,0.29,0.84,7.21,0.31,6.97,0.0,0.0,0.0,0.0,0.0,0.0,0.98,,0.01,100.0,,15.24,0.0,0.0,,0.0,0.0,0.0,0.01,0.0
NO3 6,0.0,0.0,0.0,0.0,0.0,0.0,0.0,0.0,0.0,,,60.94,97.23,127.06,73.3,61.0,,,,,,66.46,66.37,,,42.06,42.01,51.75,52.11,42.1,42.21,51.86,52.34,,,47.75,47.79,,,,,,56.72,58.29,,65.37,62.37,,2.46,0.0,44.57,1.41,48.44,0.0,,0.0,0.0,0.0,,0.0,0.0,0.0,0.0,0.0,9.18,0.04,1.1,0.0,0.55,0.0,9.18,0.0,0.0,7.4,0.0,0.0,0.06,0.28,0.05,0.04,0.2,1.26,0.04,0.04,0.04,0.18,0.05,0.04,0.11,0.81,0.04,0.04,0.57,1.54,0.81,0.68,,3.85,0.99,20.86,0.0,0.0,0.0,0.0,0.0,0.0,2.06,,0.0,,,0.0,0.0,0.0,,0.0,0.0,0.0,0.01,0.0
PL0 0,,3.66,0.0,0.0,0.0,0.0,0.05,0.0,0.0,,,96.56,111.69,141.52,106.92,96.32,,,,,,102.01,102.0,,,50.34,49.4,65.18,65.02,50.35,49.66,65.38,65.41,,,53.61,52.12,58.84,,,,60.72,58.84,,,69.84,60.72,,2.97,0.0,-16.62,7.07,-6.58,,,20.62,0.0,0.0,,0.0,0.0,16.14,0.0,0.0,14.41,0.11,4.11,0.0,0.02,1.92,14.41,0.0,0.0,4.11,0.0,0.0,0.65,1.48,0.05,0.04,0.08,0.25,0.06,0.05,0.33,0.68,0.05,0.04,0.03,0.11,0.08,0.06,0.12,0.52,0.84,0.86,,,8.28,32.75,0.0,0.0,0.0,0.0,0.0,0.0,6.41,,,,,37.34,0.0,0.0,,0.0,0.0,12.9,0.01,0.0
PL0 1,0.0,3.48,0.0,0.0,0.0,0.0,0.04,0.0,0.0,,0.0,78.75,84.78,114.62,88.95,78.63,,,,,,84.17,84.13,,,44.97,44.01,56.6,56.28,44.99,44.18,56.66,56.38,,,12.6,12.09,42.66,,,,60.21,44.1,52.88,57.49,66.47,60.21,,-32.0,0.0,-8.88,-6.87,-47.74,0.0,0.0,35.63,0.0,0.0,,0.0,0.0,20.56,0.0,0.0,9.93,5.9,24.52,0.0,0.01,3.37,9.93,0.0,0.0,2.5,0.0,0.0,0.29,0.62,0.05,0.04,0.1,0.28,0.05,0.05,0.18,0.26,0.05,0.04,0.03,0.11,0.07,0.06,0.0,0.06,2.5,2.2,0.87,0.01,1263.8,22.56,0.0,0.0,0.0,0.0,0.0,0.0,0.9,,0.0,0.0,,100.0,0.0,0.0,,0.0,0.0,36.47,0.01,0.0
PL0 2,,0.82,0.0,0.0,0.0,0.0,0.03,0.0,0.0,0.0,,99.84,115.61,145.44,110.07,99.73,,,,,,105.27,105.27,,,50.78,49.84,65.98,65.73,50.85,50.1,66.09,66.13,,,54.27,53.65,58.38,,,,61.19,58.38,,,70.59,61.19,97.2,2.39,0.0,19.77,11.89,34.06,,,10.52,0.0,0.0,0.01,0.0,0.0,20.53,0.0,0.0,28.76,0.0,2.17,0.0,0.03,0.64,28.76,0.0,0.0,8.66,0.0,0.0,0.73,1.16,0.05,0.04,0.4,0.64,0.04,0.04,0.47,0.61,0.05,0.04,0.14,0.33,0.05,0.04,0.61,1.58,3.22,2.33,,0.01,6.35,65.37,0.01,0.0,0.0,0.0,0.0,0.0,16.68,,,,,16.56,0.0,0.0,0.0,0.0,0.0,13.3,0.01,0.0
PL0 3,0.0,1.15,0.0,0.0,0.0,0.0,0.03,0.0,0.0,,0.28,95.19,85.69,115.52,105.14,95.1,,,,,,100.51,100.62,,,49.47,48.47,63.1,62.84,49.51,48.71,63.15,63.11,,,16.21,16.45,52.88,,59.41,,60.95,52.88,70.1,70.67,69.55,60.95,,-6.04,0.0,-11.37,-5.43,-22.84,0.0,1.54,17.1,0.0,0.0,,0.0,0.0,13.26,0.0,0.0,8.71,1.59,10.13,0.0,0.01,0.78,8.71,0.0,0.0,2.43,0.0,0.0,0.41,0.58,0.05,0.04,0.04,0.08,0.06,0.05,0.21,0.33,0.05,0.04,0.01,0.04,0.08,0.06,0.0,0.0,1.17,1.02,0.08,,634.18,19.79,0.01,0.0,0.0,0.0,0.0,0.0,0.44,,0.04,100.0,,56.08,0.0,0.0,,0.0,0.0,29.49,0.03,0.0
PL0 4,,8.45,0.0,0.0,0.0,0.0,0.04,0.0,0.0,0.0,,97.03,111.12,140.95,107.09,96.61,,,,,,102.44,102.46,,,50.47,49.47,65.33,65.13,50.5,49.77,65.55,65.65,,,52.37,51.15,58.9,,,,61.88,58.9,,,70.13,61.88,96.85,-2.05,0.0,-4.11,2.64,-3.53,,,29.64,0.0,0.0,0.0,0.0,0.0,17.16,0.0,0.0,24.47,0.72,8.08,0.0,0.03,3.68,24.47,0.0,0.0,7.89,0.0,0.0,0.8,1.38,0.05,0.04,0.24,0.49,0.05,0.04,0.47,0.69,0.05,0.04,0.08,0.23,0.06,0.05,0.3,1.42,2.34,2.15,,0.2,17.16,55.62,0.01,0.0,0.0,0.0,0.0,0.0,20.14,,,,,35.92,0.0,0.0,0.0,0.0,0.0,10.85,0.01,0.0
PL0 5,,4.66,0.0,0.0,0.0,0.0,0.08,0.0,0.0,,,99.84,113.13,142.96,109.83,99.63,,,,,,105.23,105.28,,,50.67,49.6,66.52,66.36,50.87,50.03,66.68,66.75,,,54.58,53.68,60.76,,,,60.67,60.76,,,70.52,60.67,,1.94,0.0,-2.67,17.05,16.32,,,31.98,0.0,0.0,,0.0,0.0,39.0,0.0,0.0,39.58,0.0,5.01,0.0,0.04,2.14,39.58,0.0,0.0,14.27,0.0,0.0,0.34,0.51,0.05,0.04,0.76,1.39,0.05,0.04,0.42,0.3,0.05,0.04,0.26,0.64,0.05,0.04,1.05,3.65,6.27,5.19,0.64,0.02,12.8,89.95,0.01,0.0,0.0,0.0,0.0,0.0,32.64,,,,,69.48,0.0,0.0,,0.0,0.0,33.46,0.01,0.0
PL0 6,,2.15,0.0,0.0,0.0,0.0,0.05,0.0,0.0,,,96.88,111.68,141.51,107.41,96.64,,,,,,102.33,102.31,,,50.71,49.75,65.66,65.45,50.76,50.04,65.9,65.97,,,54.17,52.87,62.24,,,,62.71,62.24,,,70.42,62.71,,1.16,0.0,24.8,10.13,36.1,,,7.84,0.0,0.0,,0.0,0.0,3.92,0.0,0.0,26.85,0.02,1.06,0.0,0.03,0.37,26.85,0.0,0.0,7.85,0.0,0.0,0.54,1.03,0.05,0.04,0.38,0.92,0.05,0.04,0.4,0.47,0.05,0.04,0.12,0.4,0.05,0.04,0.62,1.94,3.67,3.23,,0.02,3.5,61.01,0.0,0.0,0.0,0.0,0.0,0.0,22.76,,,,,10.72,0.0,0.0,,0.0,0.0,2.72,0.01,0.0
PL0 7,,2.71,0.0,0.0,0.0,0.0,0.08,0.0,0.0,0.0,,100.82,112.93,142.76,110.53,100.88,,,,,,106.24,106.26,,,50.9,49.65,66.63,66.33,51.07,50.16,66.72,66.72,,,54.54,53.32,65.85,,,,59.7,65.85,,,69.76,59.7,98.92,1.56,0.0,-8.08,7.02,0.5,,,17.65,0.0,0.0,0.01,0.0,0.0,10.26,0.0,0.0,16.77,0.0,2.05,0.0,0.02,1.02,16.77,0.0,0.0,5.28,0.0,0.0,0.27,0.49,0.05,0.04,0.28,0.68,0.05,0.04,0.22,0.24,0.05,0.04,0.1,0.32,0.06,0.05,0.36,1.44,2.34,2.07,0.2,0.06,3.91,38.11,0.01,0.0,0.0,0.0,0.0,0.0,11.57,,,,,53.86,0.0,0.0,0.0,0.0,0.0,13.53,0.02,0.0
PT0 0,0.0,1.7,0.0,0.0,0.0,0.0,0.08,0.01,0.0,0.01,,68.53,87.47,117.3,77.05,70.18,,,,,,73.98,73.97,,,33.21,32.1,41.53,40.54,33.24,32.15,41.68,40.78,,,23.34,23.23,62.15,,,43.21,38.27,62.15,61.83,,52.59,38.27,62.09,-15.17,0.0,-32.72,-2.04,-49.93,0.0,,28.83,0.0,0.0,0.27,0.0,0.0,41.43,3.62,0.0,18.25,2.83,15.78,0.0,0.3,0.1,18.25,0.0,0.0,4.27,0.0,0.0,0.08,0.2,0.04,0.04,0.08,0.19,0.04,0.04,0.08,0.24,0.04,0.04,0.06,0.21,0.05,0.04,0.0,0.22,1.64,1.43,,0.26,438.72,41.49,0.01,0.0,0.0,0.0,0.0,0.0,0.67,,0.01,,,52.93,0.0,0.0,0.0,0.0,0.0,81.07,100.0,0.0
PT0 1,0.0,0.0,0.0,0.0,0.0,0.0,0.06,0.01,0.01,0.01,,69.94,91.25,121.08,79.15,71.24,,,,,,75.39,75.37,,,35.31,34.28,44.86,43.79,35.38,34.38,44.99,44.23,,,38.17,37.75,,,,45.33,40.36,63.34,63.84,,53.07,40.36,63.13,2.58,0.0,33.48,-0.68,35.38,0.0,,0.0,0.0,0.0,1.35,0.0,0.0,8.16,4.44,0.52,22.41,0.92,4.85,0.0,0.36,0.0,22.41,0.0,0.0,4.83,0.0,0.0,0.08,0.14,0.04,0.04,0.11,0.19,0.04,0.03,0.09,0.17,0.04,0.04,0.08,0.2,0.04,0.03,0.22,0.25,1.06,0.65,2.42,1.96,135.73,50.93,0.01,0.0,0.0,0.0,0.0,0.0,2.94,,0.0,,,0.0,0.0,0.0,0.0,0.0,0.0,15.66,100.0,0.0
PT0 2,0.0,0.03,0.0,0.0,0.0,0.0,0.46,0.01,0.0,,,68.79,85.46,115.29,76.97,70.84,,,,,,74.24,74.22,,,32.44,31.55,8.81,10.51,32.42,31.5,25.42,25.78,,,15.28,15.35,68.23,,,,37.03,68.23,68.65,,50.65,37.03,,-4.22,0.0,-1.04,-2.79,-8.06,0.0,,1.21,0.0,0.0,,0.0,0.0,28.44,0.67,0.0,3.4,1.91,13.06,0.0,0.06,1.01,3.4,0.15,0.15,1.0,0.0,0.0,0.04,0.14,0.05,0.04,0.0,0.0,0.0,0.0,0.04,0.16,0.06,0.05,0.0,0.0,0.0,0.0,0.0,0.0,0.0,0.0,0.51,,151.15,7.72,0.89,0.0,0.0,0.0,0.0,0.0,0.0,,0.0,,,2.91,0.0,0.0,,0.0,0.0,85.89,100.0,0.0
RO0 0,,0.0,0.0,0.0,0.0,0.0,0.11,0.03,0.0,0.02,,101.69,117.36,147.19,109.81,103.33,,,,,,106.91,107.12,,,48.8,47.81,66.34,66.28,48.86,47.94,66.52,66.73,,,53.58,50.57,,,,55.97,50.55,106.18,,,55.97,50.55,82.72,3.82,0.0,15.82,4.26,23.9,,,0.0,0.0,0.0,0.41,0.0,0.0,4.35,4.53,0.0,13.89,0.0,1.18,0.0,0.02,0.04,13.89,0.01,0.01,5.12,0.0,0.0,1.04,1.75,0.05,0.04,0.15,0.31,0.05,0.04,0.23,0.5,0.05,0.04,0.03,0.08,0.07,0.06,0.11,0.4,0.63,0.53,,3.37,3.67,31.56,0.1,0.0,0.0,0.0,0.0,0.0,2.83,,,,,0.0,0.0,0.0,0.0,0.0,0.0,1.83,67.72,0.0
RO0 1,,0.23,0.0,0.0,0.0,0.0,0.49,0.03,0.01,0.02,,102.27,117.31,147.14,110.71,103.97,,,,,,107.49,107.71,,,48.04,47.26,66.23,66.47,48.08,47.36,66.56,67.01,,,52.71,49.33,100.76,,,52.54,47.37,100.76,,,52.71,47.37,83.77,2.7,0.0,-5.87,8.58,5.41,,,6.29,0.0,0.0,0.32,0.0,0.0,21.64,7.07,1.06,14.69,0.0,1.94,0.0,0.02,0.05,14.69,1.73,1.77,4.58,0.0,0.0,0.35,0.68,0.05,0.04,0.43,0.99,0.04,0.03,0.1,0.18,0.05,0.04,0.09,0.26,0.05,0.05,0.26,0.81,1.78,1.81,,1.44,6.5,33.38,15.29,0.0,0.0,0.0,0.0,0.0,8.21,,,,,7.47,0.0,0.0,0.0,0.0,0.0,11.39,99.99,0.0
RO0 2,0.76,0.0,0.0,0.0,0.0,0.0,0.0,0.0,0.0,0.01,0.46,94.74,113.05,142.88,102.93,96.22,,,,,,100.07,100.17,,,46.82,45.9,64.26,64.53,46.84,45.94,64.47,64.64,,,52.17,49.41,,79.17,78.45,,,86.8,81.19,82.41,68.93,62.2,78.38,4.7,0.0,0.7,6.78,12.18,8.37,3.9,0.0,0.0,0.0,0.14,0.0,0.0,0.0,0.0,0.0,11.96,0.0,2.26,0.0,0.02,0.85,11.96,0.0,0.0,5.12,0.0,0.0,0.51,1.38,0.05,0.04,0.26,0.85,0.05,0.04,0.12,0.32,0.05,0.04,0.05,0.21,0.06,0.05,0.32,0.76,1.56,1.29,,0.49,5.09,27.17,0.03,0.0,0.0,0.0,0.0,0.0,7.91,,100.0,100.0,,0.0,0.0,0.0,0.0,0.0,0.0,0.0,0.02,0.0
RS0 0,,0.0,0.0,0.0,0.0,0.0,0.41,0.02,0.0,,,101.93,115.73,145.56,108.68,103.65,,,,,,107.39,107.37,,,47.49,46.4,64.12,63.83,47.49,46.5,64.26,64.26,,,52.54,50.67,,,,53.26,48.51,113.22,,,55.57,48.51,,1.92,0.0,12.51,2.15,16.58,,,0.0,0.0,0.0,,0.0,0.0,11.63,3.66,0.07,15.58,0.0,0.74,0.0,0.01,0.03,15.58,0.49,0.5,3.95,0.0,0.0,0.44,0.6,0.04,0.04,0.11,0.18,0.05,0.04,0.14,0.29,0.06,0.05,0.04,0.08,0.07,0.06,0.09,0.2,0.46,0.45,,,2.34,35.42,4.36,0.0,0.0,0.0,0.0,0.0,2.35,,,,,0.0,0.0,0.0,,0.0,0.0,14.71,100.0,0.0
RS0 1,,0.34,0.0,0.0,0.0,0.0,0.13,0.03,0.0,,,101.73,115.71,145.54,109.63,103.41,,,,,,107.22,107.16,,,46.51,45.35,62.77,62.22,46.54,45.51,62.87,62.7,,,52.41,50.8,101.23,,,54.82,49.87,101.23,,,55.46,49.87,,1.83,0.0,3.08,2.97,7.89,,,14.16,0.0,0.0,,0.0,0.0,3.74,3.47,0.0,14.77,0.0,0.73,0.0,0.01,0.05,14.77,0.18,0.19,3.49,0.0,0.0,0.19,0.24,0.06,0.05,0.21,0.32,0.06,0.05,0.06,0.13,0.07,0.06,0.07,0.16,0.07,0.06,0.15,0.27,0.67,0.5,,,2.21,33.56,1.62,0.0,0.0,0.0,0.0,0.0,3.74,,,,,15.23,0.0,0.0,,0.0,0.0,2.72,100.0,0.0
SE3 0,0.0,0.81,0.0,0.0,0.0,0.0,0.02,0.0,0.0,0.0,0.06,76.25,110.62,140.45,88.61,76.33,,,,,,81.73,81.69,,,46.41,45.19,59.68,59.28,46.48,45.74,59.87,59.78,,,50.88,48.78,54.69,,,,58.05,54.69,62.39,60.82,67.59,58.05,76.12,0.59,0.0,31.88,6.67,39.14,0.0,0.41,15.95,0.0,0.0,0.06,0.0,0.0,22.47,0.01,0.0,18.04,0.0,2.11,0.0,0.85,0.08,18.04,0.0,0.0,11.36,0.0,0.0,0.07,0.17,0.06,0.05,0.63,1.7,0.05,0.04,0.08,0.08,0.06,0.05,0.25,0.75,0.05,0.04,1.25,1.85,3.97,3.66,,0.75,3.42,41.0,0.0,0.0,0.0,0.0,0.0,0.0,20.67,,0.0,3.01,,7.86,0.0,0.0,0.0,0.0,0.0,27.56,0.21,0.0
SE3 1,0.0,1.08,0.0,0.0,0.0,0.0,0.0,0.0,0.0,0.01,0.0,67.14,104.22,134.05,78.59,67.21,,,,,,72.63,72.57,,,45.03,43.98,13.62,16.22,45.01,44.3,32.37,32.87,,,47.85,47.15,58.86,,,,,58.86,61.3,62.66,62.93,59.84,67.04,5.25,0.0,-21.19,0.03,-15.91,0.0,0.0,10.77,0.0,0.0,0.39,0.0,0.0,0.0,0.0,0.0,0.94,0.02,0.15,0.0,0.04,0.0,0.94,0.0,0.0,0.93,0.0,0.0,0.07,0.19,0.06,0.05,0.0,0.0,0.0,0.0,0.03,0.09,0.06,0.05,0.0,0.0,0.0,0.0,0.0,0.01,0.02,0.01,0.33,1.66,0.86,2.14,0.0,0.0,0.0,0.0,0.0,0.0,0.13,,0.0,0.04,,10.62,0.0,0.0,0.0,0.0,0.0,0.01,0.04,0.0
SE3 2,0.0,0.0,0.0,0.0,0.0,0.0,0.0,0.0,0.0,0.03,0.32,68.06,104.94,134.77,79.52,68.13,,,,,,73.58,73.49,,,45.2,44.02,58.95,58.63,45.2,44.27,59.03,58.82,,,49.22,48.14,,,59.0,,,61.73,63.09,60.23,64.96,60.33,67.84,-0.3,0.0,-9.25,0.07,-9.47,0.0,1.3,0.0,0.0,0.0,0.94,0.0,0.0,0.0,0.0,0.0,2.01,0.09,0.37,0.0,0.09,0.0,2.01,0.0,0.0,1.47,0.0,0.0,0.11,0.27,0.06,0.05,0.02,0.06,0.07,0.06,0.05,0.12,0.07,0.06,0.01,0.03,0.06,0.05,0.03,0.14,0.21,0.19,,2.91,1.84,4.57,0.0,0.0,0.0,0.0,0.0,0.0,1.52,,0.0,100.0,,0.0,0.0,0.0,0.0,0.0,0.0,0.01,0.03,0.0
SE3 3,0.0,3.14,0.0,0.0,0.0,0.0,0.05,0.0,0.0,,0.0,74.13,106.97,136.8,86.35,74.05,,,,,,79.61,79.57,,,45.0,43.98,56.9,56.69,45.44,45.0,57.08,57.45,,,48.03,46.02,46.8,,,,57.63,46.8,57.53,61.37,67.69,57.63,,6.64,0.0,-9.64,2.99,-0.01,0.0,0.0,23.29,0.0,0.0,,0.0,0.0,7.93,0.0,0.0,9.03,0.55,3.3,0.0,0.42,0.91,9.03,0.0,0.0,5.88,0.0,0.0,0.0,0.01,0.05,0.04,0.33,0.91,0.05,0.04,0.03,0.01,0.05,0.04,0.13,0.43,0.05,0.04,0.57,1.21,2.75,1.95,,0.09,8.96,20.51,0.0,0.0,0.0,0.0,0.0,0.0,16.22,,0.0,0.01,,24.11,0.0,0.0,,0.0,0.0,15.78,0.05,0.0
SE3 4,,0.0,0.0,0.0,0.0,0.0,,,0.0,,,65.09,102.77,132.6,76.1,65.14,,,,,,70.61,70.52,,,44.6,43.75,14.84,17.68,44.58,43.97,33.69,34.26,,,46.08,45.37,,,,,,60.79,,,,,,0.17,0.0,-6.86,-0.06,-6.76,,,0.0,0.0,0.0,,0.0,0.0,,,0.0,0.57,0.0,0.07,0.0,0.03,0.0,0.57,0.0,0.0,0.39,0.0,0.0,0.04,0.11,0.18,0.16,0.0,0.0,0.0,0.0,0.02,0.05,0.13,0.11,0.0,0.0,0.0,0.0,0.0,0.0,0.0,0.0,,2.37,0.38,1.3,0.0,0.0,0.0,0.0,0.0,0.0,0.02,,,,,0.0,0.0,0.0,,0.0,0.0,,,0.0
SE3 5,,0.0,0.0,0.0,0.0,0.0,0.0,0.0,0.0,0.02,,68.88,106.03,135.86,80.01,68.95,,,,,,74.41,74.31,,,45.68,44.75,59.43,59.3,45.67,45.07,59.11,59.2,,,49.0,47.81,,,,,,60.35,,,62.96,60.38,70.88,0.26,0.0,-0.67,-0.09,-0.5,,,0.0,0.0,0.0,0.09,0.0,0.0,0.0,0.0,0.0,0.99,0.01,0.14,0.0,0.05,0.01,0.99,0.0,0.0,0.74,0.0,0.0,0.07,0.14,0.26,0.22,0.0,0.01,0.02,0.02,0.03,0.07,0.18,0.15,0.0,0.0,0.01,0.01,0.0,0.02,0.03,0.02,,1.38,0.89,2.25,0.0,0.0,0.0,0.0,0.0,0.0,0.2,,,,,0.0,0.0,0.0,0.0,0.0,0.0,0.0,0.03,0.0
SE3 6,0.0,0.08,0.0,0.0,0.0,0.0,0.02,0.0,0.0,0.01,0.02,78.0,113.03,142.86,90.61,77.9,,,,,,83.46,83.43,,,47.2,46.09,59.97,59.62,47.3,46.42,60.15,60.13,,,51.13,49.02,53.28,,,,58.96,53.28,60.48,60.0,68.82,58.96,77.03,3.38,0.0,19.53,2.65,25.56,0.0,0.16,4.79,0.0,0.0,0.28,0.0,0.0,13.2,0.01,0.0,8.91,0.0,0.92,0.0,0.42,0.0,8.91,0.0,0.0,5.63,0.0,0.0,0.02,0.05,0.07,0.06,0.31,0.8,0.05,0.04,0.03,0.02,0.05,0.04,0.12,0.37,0.05,0.04,0.66,0.87,2.03,2.01,0.09,0.29,1.24,20.25,0.0,0.0,0.0,0.0,0.0,0.0,7.13,,0.0,100.0,,4.2,0.0,0.0,0.0,0.0,0.0,30.83,0.7,0.0
SE3 7,0.0,0.0,0.0,0.0,0.0,0.0,0.0,0.0,0.0,0.01,0.0,65.85,103.35,133.18,76.64,65.9,,,,,,71.33,71.28,,,44.7,43.51,14.04,16.72,44.7,43.77,32.74,33.23,,,45.97,45.07,,,,,,63.3,59.88,60.58,63.01,60.26,66.16,0.26,0.0,-5.69,-0.05,-5.47,0.0,0.0,0.0,0.0,0.0,0.2,0.0,0.0,0.0,0.0,0.0,0.65,0.0,0.08,0.0,0.03,0.0,0.65,0.0,0.0,0.47,0.0,0.0,0.05,0.13,0.06,0.05,0.0,0.0,0.0,0.0,0.02,0.06,0.07,0.06,0.0,0.0,0.0,0.0,0.0,0.0,0.0,0.0,,1.98,0.59,1.47,0.0,0.0,0.0,0.0,0.0,0.0,0.02,,0.0,0.01,,0.0,0.0,0.0,0.0,0.0,0.0,0.01,0.05,0.0
SI0 0,0.0,0.0,0.0,0.0,0.0,0.0,0.08,0.04,0.0,0.05,,110.93,122.25,152.08,123.59,112.24,,,,,,116.43,116.36,,,52.57,51.36,68.86,68.4,52.51,51.37,69.0,68.83,,,56.16,53.31,,,,60.05,,125.25,148.39,,62.73,60.56,111.66,1.12,0.0,15.52,3.55,20.18,0.0,,0.0,0.0,0.0,0.86,0.0,0.0,0.61,2.88,0.0,10.45,0.0,0.65,0.0,0.03,0.0,10.45,0.0,0.0,3.33,0.0,0.0,0.26,0.45,0.04,0.03,0.15,0.31,0.04,0.04,0.1,0.21,0.04,0.04,0.05,0.14,0.06,0.05,0.08,0.34,0.5,0.65,0.18,0.73,1.63,23.75,0.01,0.0,0.0,0.0,0.0,0.0,3.36,,0.01,,,0.0,0.0,0.0,0.0,0.0,0.0,1.8,100.0,0.0
SK0 0,,0.25,0.0,0.0,0.0,0.0,0.98,0.02,0.0,0.02,,110.65,120.74,150.57,122.32,112.25,,,,,,116.09,116.08,,,53.37,51.97,70.64,70.2,53.38,52.21,70.74,70.75,,,54.85,52.72,91.15,,,60.49,54.96,91.14,,,61.1,54.96,93.82,1.17,0.0,0.59,8.88,10.64,,,6.06,0.0,0.0,0.64,0.0,0.0,36.59,5.43,0.0,16.36,0.0,3.48,0.0,0.02,0.63,16.36,3.25,3.32,5.96,0.0,0.0,0.45,0.61,0.05,0.04,0.25,0.41,0.05,0.04,0.32,0.6,0.05,0.04,0.16,0.38,0.05,0.04,0.23,0.95,1.88,1.26,1.02,0.79,10.99,37.17,28.68,0.0,0.0,0.0,0.0,0.0,7.37,,,,,11.64,0.0,0.0,0.0,0.0,0.0,36.55,100.0,0.0
EU,,,,,,,,,,,,,,,,,113.72,-513.28,-358.68,20.11,113.14,,,50.01,-408.52,,,,,,,,,102.45,78.92,,,,,,,,,,,,,,,,,,,,,,,,,,,,,,,,,,,,,,,,,,,,,,,,,,,,,,,,,,,,,,,,,,,,,,,,,,,,,,,,,,,,,
fossil,,,,,,,,,,,,,,,,,,,,,,,,,,,,,,,,,,,,,,,,,,,,,,,,,-31.92,0.0,0.0,-323.75,-355.68,,,,,,,,,,,,,,,,,,,,,,,,,,,,,,,,,,,,,,,,,,,,,,,,,,,,,,,,,,,,,,,,,,,
